ISO-10303-21;
HEADER;
FILE_DESCRIPTION(('Open CASCADE Model'),'2;1');
FILE_NAME('Open CASCADE Shape Model','2026-08-28T09:31:23',('Author'),(
    'Open CASCADE'),'Open CASCADE STEP processor 7.9','Open CASCADE 7.9'
  ,'Unknown');
FILE_SCHEMA(('AUTOMOTIVE_DESIGN { 1 0 10303 214 1 1 1 1 }'));
ENDSEC;
DATA;
#1 = APPLICATION_PROTOCOL_DEFINITION('international standard',
  'automotive_design',2000,#2);
#2 = APPLICATION_CONTEXT(
  'core data for automotive mechanical design processes');
#3 = SHAPE_DEFINITION_REPRESENTATION(#4,#10);
#4 = PRODUCT_DEFINITION_SHAPE('','',#5);
#5 = PRODUCT_DEFINITION('design','',#6,#9);
#6 = PRODUCT_DEFINITION_FORMATION('','',#7);
#7 = PRODUCT('Product 1','Product 1','',(#8));
#8 = PRODUCT_CONTEXT('',#2,'mechanical');
#9 = PRODUCT_DEFINITION_CONTEXT('part definition',#2,'design');
#10 = SHAPE_REPRESENTATION('',(#11,#15,#19,#23,#27,#31,#35,#39,#43,#47,
    #51,#55,#59,#63,#67,#71,#75,#79,#83,#87,#91,#95,#99,#103,#107,#111,
    #115,#119,#123,#127,#131,#135,#139,#143,#147,#151,#155,#159,#163,
    #167,#171,#175,#179,#183,#187,#191,#195,#199,#203,#207,#211,#215,
    #219,#223,#227,#231,#235,#239,#243,#247,#251,#255,#259,#263,#267,
    #271,#275,#279,#283,#287,#291,#295,#299,#303,#307,#311,#315,#319,
    #323,#327,#331,#335,#339,#343,#347,#351,#355,#359,#363,#367,#371,
    #375,#379,#383,#387,#391,#395,#399,#403,#407,#411,#415,#419,#423,
    #427,#431,#435,#439,#443,#447,#451,#455,#459,#463,#467,#471,#475,
    #479,#483,#487,#491,#495,#499,#503,#507,#511,#515,#519,#523,#527,
    #531,#535,#539,#543,#547,#551,#555,#559,#563,#567,#571,#575,#579,
    #583,#587,#591,#595,#599,#603,#607,#611,#615,#619,#623,#627,#631,
    #635,#639,#643,#647,#651,#655,#659,#663,#667,#671,#675,#679,#683,
    #687,#691,#695,#699,#703,#707,#711,#715,#719,#723,#727,#731,#735,
    #739,#743,#747,#751,#755,#759,#763,#767,#771,#775,#779,#783,#787,
    #791,#795,#799,#803,#807,#811,#815,#819,#823,#827,#831,#835,#839,
    #843,#847,#851,#855,#859,#863,#867,#871,#875,#879,#883,#887,#891,
    #895,#899,#903,#907,#911,#915,#919,#923,#927,#931,#935,#939,#943,
    #947,#951,#955,#959,#963,#967,#971,#975,#979,#983,#987,#991,#995,
    #999,#1003,#1007,#1011,#1015,#1019,#1023,#1027,#1031,#1035,#1039,
    #1043,#1047,#1051,#1055,#1059,#1063,#1067,#1071,#1075,#1079,#1083,
    #1087,#1091,#1095,#1099,#1103,#1107,#1111,#1115,#1119,#1123,#1127,
    #1131,#1135,#1139,#1143,#1147,#1151,#1155,#1159,#1163,#1167,#1171,
    #1175,#1179,#1183,#1187,#1191,#1195,#1199,#1203,#1207,#1211,#1215,
    #1219,#1223,#1227,#1231,#1235,#1239,#1243,#1247,#1251,#1255,#1259,
    #1263,#1267,#1271,#1275,#1279,#1283,#1287,#1291,#1295,#1299,#1303,
    #1307,#1311,#1315,#1319,#1323,#1327,#1331,#1335,#1339,#1343,#1347,
    #1351,#1355,#1359,#1363,#1367,#1371,#1375,#1379,#1383,#1387,#1391,
    #1395,#1399,#1403,#1407,#1411,#1415,#1419,#1423,#1427,#1431,#1435,
    #1439,#1443,#1447,#1451,#1455,#1459,#1463,#1467,#1471,#1475,#1479,
    #1483,#1487,#1491,#1495,#1499,#1503,#1507,#1511,#1515,#1519,#1523,
    #1527,#1531,#1535,#1539,#1543,#1547,#1551,#1555,#1559,#1563,#1567,
    #1571,#1575,#1579,#1583,#1587,#1591,#1595,#1599,#1603,#1607,#1611,
    #1615,#1619,#1623,#1627,#1631,#1635,#1639,#1643,#1647,#1651,#1655,
    #1659,#1663,#1667,#1671,#1675,#1679,#1683,#1687,#1691,#1695,#1699,
    #1703,#1707,#1711,#1715,#1719,#1723,#1727,#1731,#1735,#1739,#1743,
    #1747,#1751,#1755,#1759,#1763,#1767,#1771,#1775,#1779,#1783,#1787,
    #1791,#1795,#1799,#1803,#1807,#1811,#1815,#1819,#1823,#1827,#1831,
    #1835,#1839,#1843,#1847,#1851,#1855,#1859,#1863,#1867,#1871,#1875,
    #1879,#1883,#1887,#1891,#1895,#1899,#1903,#1907,#1911,#1915,#1919,
    #1923,#1927,#1931,#1935,#1939,#1943,#1947,#1951,#1955,#1959,#1963,
    #1967,#1971,#1975,#1979,#1983,#1987,#1991,#1995,#1999,#2003,#2007,
    #2011),#2015);
#11 = AXIS2_PLACEMENT_3D('',#12,#13,#14);
#12 = CARTESIAN_POINT('',(0.,0.,0.));
#13 = DIRECTION('',(0.,0.,1.));
#14 = DIRECTION('',(1.,0.,-0.));
#15 = AXIS2_PLACEMENT_3D('',#16,#17,#18);
#16 = CARTESIAN_POINT('',(0.,0.,0.));
#17 = DIRECTION('',(0.,0.,1.));
#18 = DIRECTION('',(1.,0.,-0.));
#19 = AXIS2_PLACEMENT_3D('',#20,#21,#22);
#20 = CARTESIAN_POINT('',(50.,0.,0.));
#21 = DIRECTION('',(0.,0.,1.));
#22 = DIRECTION('',(1.,0.,-0.));
#23 = AXIS2_PLACEMENT_3D('',#24,#25,#26);
#24 = CARTESIAN_POINT('',(100.,0.,0.));
#25 = DIRECTION('',(0.,0.,1.));
#26 = DIRECTION('',(1.,0.,-0.));
#27 = AXIS2_PLACEMENT_3D('',#28,#29,#30);
#28 = CARTESIAN_POINT('',(150.,0.,0.));
#29 = DIRECTION('',(0.,0.,1.));
#30 = DIRECTION('',(1.,0.,-0.));
#31 = AXIS2_PLACEMENT_3D('',#32,#33,#34);
#32 = CARTESIAN_POINT('',(200.,0.,0.));
#33 = DIRECTION('',(0.,0.,1.));
#34 = DIRECTION('',(1.,0.,-0.));
#35 = AXIS2_PLACEMENT_3D('',#36,#37,#38);
#36 = CARTESIAN_POINT('',(250.,0.,0.));
#37 = DIRECTION('',(0.,0.,1.));
#38 = DIRECTION('',(1.,0.,-0.));
#39 = AXIS2_PLACEMENT_3D('',#40,#41,#42);
#40 = CARTESIAN_POINT('',(300.,0.,0.));
#41 = DIRECTION('',(0.,0.,1.));
#42 = DIRECTION('',(1.,0.,-0.));
#43 = AXIS2_PLACEMENT_3D('',#44,#45,#46);
#44 = CARTESIAN_POINT('',(350.,0.,0.));
#45 = DIRECTION('',(0.,0.,1.));
#46 = DIRECTION('',(1.,0.,-0.));
#47 = AXIS2_PLACEMENT_3D('',#48,#49,#50);
#48 = CARTESIAN_POINT('',(400.,0.,0.));
#49 = DIRECTION('',(0.,0.,1.));
#50 = DIRECTION('',(1.,0.,-0.));
#51 = AXIS2_PLACEMENT_3D('',#52,#53,#54);
#52 = CARTESIAN_POINT('',(450.,0.,0.));
#53 = DIRECTION('',(0.,0.,1.));
#54 = DIRECTION('',(1.,0.,-0.));
#55 = AXIS2_PLACEMENT_3D('',#56,#57,#58);
#56 = CARTESIAN_POINT('',(500.,0.,0.));
#57 = DIRECTION('',(0.,0.,1.));
#58 = DIRECTION('',(1.,0.,-0.));
#59 = AXIS2_PLACEMENT_3D('',#60,#61,#62);
#60 = CARTESIAN_POINT('',(550.,0.,0.));
#61 = DIRECTION('',(0.,0.,1.));
#62 = DIRECTION('',(1.,0.,-0.));
#63 = AXIS2_PLACEMENT_3D('',#64,#65,#66);
#64 = CARTESIAN_POINT('',(600.,0.,0.));
#65 = DIRECTION('',(0.,0.,1.));
#66 = DIRECTION('',(1.,0.,-0.));
#67 = AXIS2_PLACEMENT_3D('',#68,#69,#70);
#68 = CARTESIAN_POINT('',(650.,0.,0.));
#69 = DIRECTION('',(0.,0.,1.));
#70 = DIRECTION('',(1.,0.,-0.));
#71 = AXIS2_PLACEMENT_3D('',#72,#73,#74);
#72 = CARTESIAN_POINT('',(700.,0.,0.));
#73 = DIRECTION('',(0.,0.,1.));
#74 = DIRECTION('',(1.,0.,-0.));
#75 = AXIS2_PLACEMENT_3D('',#76,#77,#78);
#76 = CARTESIAN_POINT('',(750.,0.,0.));
#77 = DIRECTION('',(0.,0.,1.));
#78 = DIRECTION('',(1.,0.,-0.));
#79 = AXIS2_PLACEMENT_3D('',#80,#81,#82);
#80 = CARTESIAN_POINT('',(800.,0.,0.));
#81 = DIRECTION('',(0.,0.,1.));
#82 = DIRECTION('',(1.,0.,-0.));
#83 = AXIS2_PLACEMENT_3D('',#84,#85,#86);
#84 = CARTESIAN_POINT('',(850.,0.,0.));
#85 = DIRECTION('',(0.,0.,1.));
#86 = DIRECTION('',(1.,0.,-0.));
#87 = AXIS2_PLACEMENT_3D('',#88,#89,#90);
#88 = CARTESIAN_POINT('',(900.,0.,0.));
#89 = DIRECTION('',(0.,0.,1.));
#90 = DIRECTION('',(1.,0.,-0.));
#91 = AXIS2_PLACEMENT_3D('',#92,#93,#94);
#92 = CARTESIAN_POINT('',(950.,0.,0.));
#93 = DIRECTION('',(0.,0.,1.));
#94 = DIRECTION('',(1.,0.,-0.));
#95 = AXIS2_PLACEMENT_3D('',#96,#97,#98);
#96 = CARTESIAN_POINT('',(0.,40.,0.));
#97 = DIRECTION('',(0.,0.,1.));
#98 = DIRECTION('',(1.,0.,-0.));
#99 = AXIS2_PLACEMENT_3D('',#100,#101,#102);
#100 = CARTESIAN_POINT('',(50.,40.,0.));
#101 = DIRECTION('',(0.,0.,1.));
#102 = DIRECTION('',(1.,0.,-0.));
#103 = AXIS2_PLACEMENT_3D('',#104,#105,#106);
#104 = CARTESIAN_POINT('',(100.,40.,0.));
#105 = DIRECTION('',(0.,0.,1.));
#106 = DIRECTION('',(1.,0.,-0.));
#107 = AXIS2_PLACEMENT_3D('',#108,#109,#110);
#108 = CARTESIAN_POINT('',(150.,40.,0.));
#109 = DIRECTION('',(0.,0.,1.));
#110 = DIRECTION('',(1.,0.,-0.));
#111 = AXIS2_PLACEMENT_3D('',#112,#113,#114);
#112 = CARTESIAN_POINT('',(200.,40.,0.));
#113 = DIRECTION('',(0.,0.,1.));
#114 = DIRECTION('',(1.,0.,-0.));
#115 = AXIS2_PLACEMENT_3D('',#116,#117,#118);
#116 = CARTESIAN_POINT('',(250.,40.,0.));
#117 = DIRECTION('',(0.,0.,1.));
#118 = DIRECTION('',(1.,0.,-0.));
#119 = AXIS2_PLACEMENT_3D('',#120,#121,#122);
#120 = CARTESIAN_POINT('',(300.,40.,0.));
#121 = DIRECTION('',(0.,0.,1.));
#122 = DIRECTION('',(1.,0.,-0.));
#123 = AXIS2_PLACEMENT_3D('',#124,#125,#126);
#124 = CARTESIAN_POINT('',(350.,40.,0.));
#125 = DIRECTION('',(0.,0.,1.));
#126 = DIRECTION('',(1.,0.,-0.));
#127 = AXIS2_PLACEMENT_3D('',#128,#129,#130);
#128 = CARTESIAN_POINT('',(400.,40.,0.));
#129 = DIRECTION('',(0.,0.,1.));
#130 = DIRECTION('',(1.,0.,-0.));
#131 = AXIS2_PLACEMENT_3D('',#132,#133,#134);
#132 = CARTESIAN_POINT('',(450.,40.,0.));
#133 = DIRECTION('',(0.,0.,1.));
#134 = DIRECTION('',(1.,0.,-0.));
#135 = AXIS2_PLACEMENT_3D('',#136,#137,#138);
#136 = CARTESIAN_POINT('',(500.,40.,0.));
#137 = DIRECTION('',(0.,0.,1.));
#138 = DIRECTION('',(1.,0.,-0.));
#139 = AXIS2_PLACEMENT_3D('',#140,#141,#142);
#140 = CARTESIAN_POINT('',(550.,40.,0.));
#141 = DIRECTION('',(0.,0.,1.));
#142 = DIRECTION('',(1.,0.,-0.));
#143 = AXIS2_PLACEMENT_3D('',#144,#145,#146);
#144 = CARTESIAN_POINT('',(600.,40.,0.));
#145 = DIRECTION('',(0.,0.,1.));
#146 = DIRECTION('',(1.,0.,-0.));
#147 = AXIS2_PLACEMENT_3D('',#148,#149,#150);
#148 = CARTESIAN_POINT('',(650.,40.,0.));
#149 = DIRECTION('',(0.,0.,1.));
#150 = DIRECTION('',(1.,0.,-0.));
#151 = AXIS2_PLACEMENT_3D('',#152,#153,#154);
#152 = CARTESIAN_POINT('',(700.,40.,0.));
#153 = DIRECTION('',(0.,0.,1.));
#154 = DIRECTION('',(1.,0.,-0.));
#155 = AXIS2_PLACEMENT_3D('',#156,#157,#158);
#156 = CARTESIAN_POINT('',(750.,40.,0.));
#157 = DIRECTION('',(0.,0.,1.));
#158 = DIRECTION('',(1.,0.,-0.));
#159 = AXIS2_PLACEMENT_3D('',#160,#161,#162);
#160 = CARTESIAN_POINT('',(800.,40.,0.));
#161 = DIRECTION('',(0.,0.,1.));
#162 = DIRECTION('',(1.,0.,-0.));
#163 = AXIS2_PLACEMENT_3D('',#164,#165,#166);
#164 = CARTESIAN_POINT('',(850.,40.,0.));
#165 = DIRECTION('',(0.,0.,1.));
#166 = DIRECTION('',(1.,0.,-0.));
#167 = AXIS2_PLACEMENT_3D('',#168,#169,#170);
#168 = CARTESIAN_POINT('',(900.,40.,0.));
#169 = DIRECTION('',(0.,0.,1.));
#170 = DIRECTION('',(1.,0.,-0.));
#171 = AXIS2_PLACEMENT_3D('',#172,#173,#174);
#172 = CARTESIAN_POINT('',(950.,40.,0.));
#173 = DIRECTION('',(0.,0.,1.));
#174 = DIRECTION('',(1.,0.,-0.));
#175 = AXIS2_PLACEMENT_3D('',#176,#177,#178);
#176 = CARTESIAN_POINT('',(0.,80.,0.));
#177 = DIRECTION('',(0.,0.,1.));
#178 = DIRECTION('',(1.,0.,-0.));
#179 = AXIS2_PLACEMENT_3D('',#180,#181,#182);
#180 = CARTESIAN_POINT('',(50.,80.,0.));
#181 = DIRECTION('',(0.,0.,1.));
#182 = DIRECTION('',(1.,0.,-0.));
#183 = AXIS2_PLACEMENT_3D('',#184,#185,#186);
#184 = CARTESIAN_POINT('',(100.,80.,0.));
#185 = DIRECTION('',(0.,0.,1.));
#186 = DIRECTION('',(1.,0.,-0.));
#187 = AXIS2_PLACEMENT_3D('',#188,#189,#190);
#188 = CARTESIAN_POINT('',(150.,80.,0.));
#189 = DIRECTION('',(0.,0.,1.));
#190 = DIRECTION('',(1.,0.,-0.));
#191 = AXIS2_PLACEMENT_3D('',#192,#193,#194);
#192 = CARTESIAN_POINT('',(200.,80.,0.));
#193 = DIRECTION('',(0.,0.,1.));
#194 = DIRECTION('',(1.,0.,-0.));
#195 = AXIS2_PLACEMENT_3D('',#196,#197,#198);
#196 = CARTESIAN_POINT('',(250.,80.,0.));
#197 = DIRECTION('',(0.,0.,1.));
#198 = DIRECTION('',(1.,0.,-0.));
#199 = AXIS2_PLACEMENT_3D('',#200,#201,#202);
#200 = CARTESIAN_POINT('',(300.,80.,0.));
#201 = DIRECTION('',(0.,0.,1.));
#202 = DIRECTION('',(1.,0.,-0.));
#203 = AXIS2_PLACEMENT_3D('',#204,#205,#206);
#204 = CARTESIAN_POINT('',(350.,80.,0.));
#205 = DIRECTION('',(0.,0.,1.));
#206 = DIRECTION('',(1.,0.,-0.));
#207 = AXIS2_PLACEMENT_3D('',#208,#209,#210);
#208 = CARTESIAN_POINT('',(400.,80.,0.));
#209 = DIRECTION('',(0.,0.,1.));
#210 = DIRECTION('',(1.,0.,-0.));
#211 = AXIS2_PLACEMENT_3D('',#212,#213,#214);
#212 = CARTESIAN_POINT('',(450.,80.,0.));
#213 = DIRECTION('',(0.,0.,1.));
#214 = DIRECTION('',(1.,0.,-0.));
#215 = AXIS2_PLACEMENT_3D('',#216,#217,#218);
#216 = CARTESIAN_POINT('',(500.,80.,0.));
#217 = DIRECTION('',(0.,0.,1.));
#218 = DIRECTION('',(1.,0.,-0.));
#219 = AXIS2_PLACEMENT_3D('',#220,#221,#222);
#220 = CARTESIAN_POINT('',(550.,80.,0.));
#221 = DIRECTION('',(0.,0.,1.));
#222 = DIRECTION('',(1.,0.,-0.));
#223 = AXIS2_PLACEMENT_3D('',#224,#225,#226);
#224 = CARTESIAN_POINT('',(600.,80.,0.));
#225 = DIRECTION('',(0.,0.,1.));
#226 = DIRECTION('',(1.,0.,-0.));
#227 = AXIS2_PLACEMENT_3D('',#228,#229,#230);
#228 = CARTESIAN_POINT('',(650.,80.,0.));
#229 = DIRECTION('',(0.,0.,1.));
#230 = DIRECTION('',(1.,0.,-0.));
#231 = AXIS2_PLACEMENT_3D('',#232,#233,#234);
#232 = CARTESIAN_POINT('',(700.,80.,0.));
#233 = DIRECTION('',(0.,0.,1.));
#234 = DIRECTION('',(1.,0.,-0.));
#235 = AXIS2_PLACEMENT_3D('',#236,#237,#238);
#236 = CARTESIAN_POINT('',(750.,80.,0.));
#237 = DIRECTION('',(0.,0.,1.));
#238 = DIRECTION('',(1.,0.,-0.));
#239 = AXIS2_PLACEMENT_3D('',#240,#241,#242);
#240 = CARTESIAN_POINT('',(800.,80.,0.));
#241 = DIRECTION('',(0.,0.,1.));
#242 = DIRECTION('',(1.,0.,-0.));
#243 = AXIS2_PLACEMENT_3D('',#244,#245,#246);
#244 = CARTESIAN_POINT('',(850.,80.,0.));
#245 = DIRECTION('',(0.,0.,1.));
#246 = DIRECTION('',(1.,0.,-0.));
#247 = AXIS2_PLACEMENT_3D('',#248,#249,#250);
#248 = CARTESIAN_POINT('',(900.,80.,0.));
#249 = DIRECTION('',(0.,0.,1.));
#250 = DIRECTION('',(1.,0.,-0.));
#251 = AXIS2_PLACEMENT_3D('',#252,#253,#254);
#252 = CARTESIAN_POINT('',(950.,80.,0.));
#253 = DIRECTION('',(0.,0.,1.));
#254 = DIRECTION('',(1.,0.,-0.));
#255 = AXIS2_PLACEMENT_3D('',#256,#257,#258);
#256 = CARTESIAN_POINT('',(0.,120.,0.));
#257 = DIRECTION('',(0.,0.,1.));
#258 = DIRECTION('',(1.,0.,-0.));
#259 = AXIS2_PLACEMENT_3D('',#260,#261,#262);
#260 = CARTESIAN_POINT('',(50.,120.,0.));
#261 = DIRECTION('',(0.,0.,1.));
#262 = DIRECTION('',(1.,0.,-0.));
#263 = AXIS2_PLACEMENT_3D('',#264,#265,#266);
#264 = CARTESIAN_POINT('',(100.,120.,0.));
#265 = DIRECTION('',(0.,0.,1.));
#266 = DIRECTION('',(1.,0.,-0.));
#267 = AXIS2_PLACEMENT_3D('',#268,#269,#270);
#268 = CARTESIAN_POINT('',(150.,120.,0.));
#269 = DIRECTION('',(0.,0.,1.));
#270 = DIRECTION('',(1.,0.,-0.));
#271 = AXIS2_PLACEMENT_3D('',#272,#273,#274);
#272 = CARTESIAN_POINT('',(200.,120.,0.));
#273 = DIRECTION('',(0.,0.,1.));
#274 = DIRECTION('',(1.,0.,-0.));
#275 = AXIS2_PLACEMENT_3D('',#276,#277,#278);
#276 = CARTESIAN_POINT('',(250.,120.,0.));
#277 = DIRECTION('',(0.,0.,1.));
#278 = DIRECTION('',(1.,0.,-0.));
#279 = AXIS2_PLACEMENT_3D('',#280,#281,#282);
#280 = CARTESIAN_POINT('',(300.,120.,0.));
#281 = DIRECTION('',(0.,0.,1.));
#282 = DIRECTION('',(1.,0.,-0.));
#283 = AXIS2_PLACEMENT_3D('',#284,#285,#286);
#284 = CARTESIAN_POINT('',(350.,120.,0.));
#285 = DIRECTION('',(0.,0.,1.));
#286 = DIRECTION('',(1.,0.,-0.));
#287 = AXIS2_PLACEMENT_3D('',#288,#289,#290);
#288 = CARTESIAN_POINT('',(400.,120.,0.));
#289 = DIRECTION('',(0.,0.,1.));
#290 = DIRECTION('',(1.,0.,-0.));
#291 = AXIS2_PLACEMENT_3D('',#292,#293,#294);
#292 = CARTESIAN_POINT('',(450.,120.,0.));
#293 = DIRECTION('',(0.,0.,1.));
#294 = DIRECTION('',(1.,0.,-0.));
#295 = AXIS2_PLACEMENT_3D('',#296,#297,#298);
#296 = CARTESIAN_POINT('',(500.,120.,0.));
#297 = DIRECTION('',(0.,0.,1.));
#298 = DIRECTION('',(1.,0.,-0.));
#299 = AXIS2_PLACEMENT_3D('',#300,#301,#302);
#300 = CARTESIAN_POINT('',(550.,120.,0.));
#301 = DIRECTION('',(0.,0.,1.));
#302 = DIRECTION('',(1.,0.,-0.));
#303 = AXIS2_PLACEMENT_3D('',#304,#305,#306);
#304 = CARTESIAN_POINT('',(600.,120.,0.));
#305 = DIRECTION('',(0.,0.,1.));
#306 = DIRECTION('',(1.,0.,-0.));
#307 = AXIS2_PLACEMENT_3D('',#308,#309,#310);
#308 = CARTESIAN_POINT('',(650.,120.,0.));
#309 = DIRECTION('',(0.,0.,1.));
#310 = DIRECTION('',(1.,0.,-0.));
#311 = AXIS2_PLACEMENT_3D('',#312,#313,#314);
#312 = CARTESIAN_POINT('',(700.,120.,0.));
#313 = DIRECTION('',(0.,0.,1.));
#314 = DIRECTION('',(1.,0.,-0.));
#315 = AXIS2_PLACEMENT_3D('',#316,#317,#318);
#316 = CARTESIAN_POINT('',(750.,120.,0.));
#317 = DIRECTION('',(0.,0.,1.));
#318 = DIRECTION('',(1.,0.,-0.));
#319 = AXIS2_PLACEMENT_3D('',#320,#321,#322);
#320 = CARTESIAN_POINT('',(800.,120.,0.));
#321 = DIRECTION('',(0.,0.,1.));
#322 = DIRECTION('',(1.,0.,-0.));
#323 = AXIS2_PLACEMENT_3D('',#324,#325,#326);
#324 = CARTESIAN_POINT('',(850.,120.,0.));
#325 = DIRECTION('',(0.,0.,1.));
#326 = DIRECTION('',(1.,0.,-0.));
#327 = AXIS2_PLACEMENT_3D('',#328,#329,#330);
#328 = CARTESIAN_POINT('',(900.,120.,0.));
#329 = DIRECTION('',(0.,0.,1.));
#330 = DIRECTION('',(1.,0.,-0.));
#331 = AXIS2_PLACEMENT_3D('',#332,#333,#334);
#332 = CARTESIAN_POINT('',(950.,120.,0.));
#333 = DIRECTION('',(0.,0.,1.));
#334 = DIRECTION('',(1.,0.,-0.));
#335 = AXIS2_PLACEMENT_3D('',#336,#337,#338);
#336 = CARTESIAN_POINT('',(0.,160.,0.));
#337 = DIRECTION('',(0.,0.,1.));
#338 = DIRECTION('',(1.,0.,-0.));
#339 = AXIS2_PLACEMENT_3D('',#340,#341,#342);
#340 = CARTESIAN_POINT('',(50.,160.,0.));
#341 = DIRECTION('',(0.,0.,1.));
#342 = DIRECTION('',(1.,0.,-0.));
#343 = AXIS2_PLACEMENT_3D('',#344,#345,#346);
#344 = CARTESIAN_POINT('',(100.,160.,0.));
#345 = DIRECTION('',(0.,0.,1.));
#346 = DIRECTION('',(1.,0.,-0.));
#347 = AXIS2_PLACEMENT_3D('',#348,#349,#350);
#348 = CARTESIAN_POINT('',(150.,160.,0.));
#349 = DIRECTION('',(0.,0.,1.));
#350 = DIRECTION('',(1.,0.,-0.));
#351 = AXIS2_PLACEMENT_3D('',#352,#353,#354);
#352 = CARTESIAN_POINT('',(200.,160.,0.));
#353 = DIRECTION('',(0.,0.,1.));
#354 = DIRECTION('',(1.,0.,-0.));
#355 = AXIS2_PLACEMENT_3D('',#356,#357,#358);
#356 = CARTESIAN_POINT('',(250.,160.,0.));
#357 = DIRECTION('',(0.,0.,1.));
#358 = DIRECTION('',(1.,0.,-0.));
#359 = AXIS2_PLACEMENT_3D('',#360,#361,#362);
#360 = CARTESIAN_POINT('',(300.,160.,0.));
#361 = DIRECTION('',(0.,0.,1.));
#362 = DIRECTION('',(1.,0.,-0.));
#363 = AXIS2_PLACEMENT_3D('',#364,#365,#366);
#364 = CARTESIAN_POINT('',(350.,160.,0.));
#365 = DIRECTION('',(0.,0.,1.));
#366 = DIRECTION('',(1.,0.,-0.));
#367 = AXIS2_PLACEMENT_3D('',#368,#369,#370);
#368 = CARTESIAN_POINT('',(400.,160.,0.));
#369 = DIRECTION('',(0.,0.,1.));
#370 = DIRECTION('',(1.,0.,-0.));
#371 = AXIS2_PLACEMENT_3D('',#372,#373,#374);
#372 = CARTESIAN_POINT('',(450.,160.,0.));
#373 = DIRECTION('',(0.,0.,1.));
#374 = DIRECTION('',(1.,0.,-0.));
#375 = AXIS2_PLACEMENT_3D('',#376,#377,#378);
#376 = CARTESIAN_POINT('',(500.,160.,0.));
#377 = DIRECTION('',(0.,0.,1.));
#378 = DIRECTION('',(1.,0.,-0.));
#379 = AXIS2_PLACEMENT_3D('',#380,#381,#382);
#380 = CARTESIAN_POINT('',(550.,160.,0.));
#381 = DIRECTION('',(0.,0.,1.));
#382 = DIRECTION('',(1.,0.,-0.));
#383 = AXIS2_PLACEMENT_3D('',#384,#385,#386);
#384 = CARTESIAN_POINT('',(600.,160.,0.));
#385 = DIRECTION('',(0.,0.,1.));
#386 = DIRECTION('',(1.,0.,-0.));
#387 = AXIS2_PLACEMENT_3D('',#388,#389,#390);
#388 = CARTESIAN_POINT('',(650.,160.,0.));
#389 = DIRECTION('',(0.,0.,1.));
#390 = DIRECTION('',(1.,0.,-0.));
#391 = AXIS2_PLACEMENT_3D('',#392,#393,#394);
#392 = CARTESIAN_POINT('',(700.,160.,0.));
#393 = DIRECTION('',(0.,0.,1.));
#394 = DIRECTION('',(1.,0.,-0.));
#395 = AXIS2_PLACEMENT_3D('',#396,#397,#398);
#396 = CARTESIAN_POINT('',(750.,160.,0.));
#397 = DIRECTION('',(0.,0.,1.));
#398 = DIRECTION('',(1.,0.,-0.));
#399 = AXIS2_PLACEMENT_3D('',#400,#401,#402);
#400 = CARTESIAN_POINT('',(800.,160.,0.));
#401 = DIRECTION('',(0.,0.,1.));
#402 = DIRECTION('',(1.,0.,-0.));
#403 = AXIS2_PLACEMENT_3D('',#404,#405,#406);
#404 = CARTESIAN_POINT('',(850.,160.,0.));
#405 = DIRECTION('',(0.,0.,1.));
#406 = DIRECTION('',(1.,0.,-0.));
#407 = AXIS2_PLACEMENT_3D('',#408,#409,#410);
#408 = CARTESIAN_POINT('',(900.,160.,0.));
#409 = DIRECTION('',(0.,0.,1.));
#410 = DIRECTION('',(1.,0.,-0.));
#411 = AXIS2_PLACEMENT_3D('',#412,#413,#414);
#412 = CARTESIAN_POINT('',(950.,160.,0.));
#413 = DIRECTION('',(0.,0.,1.));
#414 = DIRECTION('',(1.,0.,-0.));
#415 = AXIS2_PLACEMENT_3D('',#416,#417,#418);
#416 = CARTESIAN_POINT('',(0.,200.,0.));
#417 = DIRECTION('',(0.,0.,1.));
#418 = DIRECTION('',(1.,0.,-0.));
#419 = AXIS2_PLACEMENT_3D('',#420,#421,#422);
#420 = CARTESIAN_POINT('',(50.,200.,0.));
#421 = DIRECTION('',(0.,0.,1.));
#422 = DIRECTION('',(1.,0.,-0.));
#423 = AXIS2_PLACEMENT_3D('',#424,#425,#426);
#424 = CARTESIAN_POINT('',(100.,200.,0.));
#425 = DIRECTION('',(0.,0.,1.));
#426 = DIRECTION('',(1.,0.,-0.));
#427 = AXIS2_PLACEMENT_3D('',#428,#429,#430);
#428 = CARTESIAN_POINT('',(150.,200.,0.));
#429 = DIRECTION('',(0.,0.,1.));
#430 = DIRECTION('',(1.,0.,-0.));
#431 = AXIS2_PLACEMENT_3D('',#432,#433,#434);
#432 = CARTESIAN_POINT('',(200.,200.,0.));
#433 = DIRECTION('',(0.,0.,1.));
#434 = DIRECTION('',(1.,0.,-0.));
#435 = AXIS2_PLACEMENT_3D('',#436,#437,#438);
#436 = CARTESIAN_POINT('',(250.,200.,0.));
#437 = DIRECTION('',(0.,0.,1.));
#438 = DIRECTION('',(1.,0.,-0.));
#439 = AXIS2_PLACEMENT_3D('',#440,#441,#442);
#440 = CARTESIAN_POINT('',(300.,200.,0.));
#441 = DIRECTION('',(0.,0.,1.));
#442 = DIRECTION('',(1.,0.,-0.));
#443 = AXIS2_PLACEMENT_3D('',#444,#445,#446);
#444 = CARTESIAN_POINT('',(350.,200.,0.));
#445 = DIRECTION('',(0.,0.,1.));
#446 = DIRECTION('',(1.,0.,-0.));
#447 = AXIS2_PLACEMENT_3D('',#448,#449,#450);
#448 = CARTESIAN_POINT('',(400.,200.,0.));
#449 = DIRECTION('',(0.,0.,1.));
#450 = DIRECTION('',(1.,0.,-0.));
#451 = AXIS2_PLACEMENT_3D('',#452,#453,#454);
#452 = CARTESIAN_POINT('',(450.,200.,0.));
#453 = DIRECTION('',(0.,0.,1.));
#454 = DIRECTION('',(1.,0.,-0.));
#455 = AXIS2_PLACEMENT_3D('',#456,#457,#458);
#456 = CARTESIAN_POINT('',(500.,200.,0.));
#457 = DIRECTION('',(0.,0.,1.));
#458 = DIRECTION('',(1.,0.,-0.));
#459 = AXIS2_PLACEMENT_3D('',#460,#461,#462);
#460 = CARTESIAN_POINT('',(550.,200.,0.));
#461 = DIRECTION('',(0.,0.,1.));
#462 = DIRECTION('',(1.,0.,-0.));
#463 = AXIS2_PLACEMENT_3D('',#464,#465,#466);
#464 = CARTESIAN_POINT('',(600.,200.,0.));
#465 = DIRECTION('',(0.,0.,1.));
#466 = DIRECTION('',(1.,0.,-0.));
#467 = AXIS2_PLACEMENT_3D('',#468,#469,#470);
#468 = CARTESIAN_POINT('',(650.,200.,0.));
#469 = DIRECTION('',(0.,0.,1.));
#470 = DIRECTION('',(1.,0.,-0.));
#471 = AXIS2_PLACEMENT_3D('',#472,#473,#474);
#472 = CARTESIAN_POINT('',(700.,200.,0.));
#473 = DIRECTION('',(0.,0.,1.));
#474 = DIRECTION('',(1.,0.,-0.));
#475 = AXIS2_PLACEMENT_3D('',#476,#477,#478);
#476 = CARTESIAN_POINT('',(750.,200.,0.));
#477 = DIRECTION('',(0.,0.,1.));
#478 = DIRECTION('',(1.,0.,-0.));
#479 = AXIS2_PLACEMENT_3D('',#480,#481,#482);
#480 = CARTESIAN_POINT('',(800.,200.,0.));
#481 = DIRECTION('',(0.,0.,1.));
#482 = DIRECTION('',(1.,0.,-0.));
#483 = AXIS2_PLACEMENT_3D('',#484,#485,#486);
#484 = CARTESIAN_POINT('',(850.,200.,0.));
#485 = DIRECTION('',(0.,0.,1.));
#486 = DIRECTION('',(1.,0.,-0.));
#487 = AXIS2_PLACEMENT_3D('',#488,#489,#490);
#488 = CARTESIAN_POINT('',(900.,200.,0.));
#489 = DIRECTION('',(0.,0.,1.));
#490 = DIRECTION('',(1.,0.,-0.));
#491 = AXIS2_PLACEMENT_3D('',#492,#493,#494);
#492 = CARTESIAN_POINT('',(950.,200.,0.));
#493 = DIRECTION('',(0.,0.,1.));
#494 = DIRECTION('',(1.,0.,-0.));
#495 = AXIS2_PLACEMENT_3D('',#496,#497,#498);
#496 = CARTESIAN_POINT('',(0.,240.,0.));
#497 = DIRECTION('',(0.,0.,1.));
#498 = DIRECTION('',(1.,0.,-0.));
#499 = AXIS2_PLACEMENT_3D('',#500,#501,#502);
#500 = CARTESIAN_POINT('',(50.,240.,0.));
#501 = DIRECTION('',(0.,0.,1.));
#502 = DIRECTION('',(1.,0.,-0.));
#503 = AXIS2_PLACEMENT_3D('',#504,#505,#506);
#504 = CARTESIAN_POINT('',(100.,240.,0.));
#505 = DIRECTION('',(0.,0.,1.));
#506 = DIRECTION('',(1.,0.,-0.));
#507 = AXIS2_PLACEMENT_3D('',#508,#509,#510);
#508 = CARTESIAN_POINT('',(150.,240.,0.));
#509 = DIRECTION('',(0.,0.,1.));
#510 = DIRECTION('',(1.,0.,-0.));
#511 = AXIS2_PLACEMENT_3D('',#512,#513,#514);
#512 = CARTESIAN_POINT('',(200.,240.,0.));
#513 = DIRECTION('',(0.,0.,1.));
#514 = DIRECTION('',(1.,0.,-0.));
#515 = AXIS2_PLACEMENT_3D('',#516,#517,#518);
#516 = CARTESIAN_POINT('',(250.,240.,0.));
#517 = DIRECTION('',(0.,0.,1.));
#518 = DIRECTION('',(1.,0.,-0.));
#519 = AXIS2_PLACEMENT_3D('',#520,#521,#522);
#520 = CARTESIAN_POINT('',(300.,240.,0.));
#521 = DIRECTION('',(0.,0.,1.));
#522 = DIRECTION('',(1.,0.,-0.));
#523 = AXIS2_PLACEMENT_3D('',#524,#525,#526);
#524 = CARTESIAN_POINT('',(350.,240.,0.));
#525 = DIRECTION('',(0.,0.,1.));
#526 = DIRECTION('',(1.,0.,-0.));
#527 = AXIS2_PLACEMENT_3D('',#528,#529,#530);
#528 = CARTESIAN_POINT('',(400.,240.,0.));
#529 = DIRECTION('',(0.,0.,1.));
#530 = DIRECTION('',(1.,0.,-0.));
#531 = AXIS2_PLACEMENT_3D('',#532,#533,#534);
#532 = CARTESIAN_POINT('',(450.,240.,0.));
#533 = DIRECTION('',(0.,0.,1.));
#534 = DIRECTION('',(1.,0.,-0.));
#535 = AXIS2_PLACEMENT_3D('',#536,#537,#538);
#536 = CARTESIAN_POINT('',(500.,240.,0.));
#537 = DIRECTION('',(0.,0.,1.));
#538 = DIRECTION('',(1.,0.,-0.));
#539 = AXIS2_PLACEMENT_3D('',#540,#541,#542);
#540 = CARTESIAN_POINT('',(550.,240.,0.));
#541 = DIRECTION('',(0.,0.,1.));
#542 = DIRECTION('',(1.,0.,-0.));
#543 = AXIS2_PLACEMENT_3D('',#544,#545,#546);
#544 = CARTESIAN_POINT('',(600.,240.,0.));
#545 = DIRECTION('',(0.,0.,1.));
#546 = DIRECTION('',(1.,0.,-0.));
#547 = AXIS2_PLACEMENT_3D('',#548,#549,#550);
#548 = CARTESIAN_POINT('',(650.,240.,0.));
#549 = DIRECTION('',(0.,0.,1.));
#550 = DIRECTION('',(1.,0.,-0.));
#551 = AXIS2_PLACEMENT_3D('',#552,#553,#554);
#552 = CARTESIAN_POINT('',(700.,240.,0.));
#553 = DIRECTION('',(0.,0.,1.));
#554 = DIRECTION('',(1.,0.,-0.));
#555 = AXIS2_PLACEMENT_3D('',#556,#557,#558);
#556 = CARTESIAN_POINT('',(750.,240.,0.));
#557 = DIRECTION('',(0.,0.,1.));
#558 = DIRECTION('',(1.,0.,-0.));
#559 = AXIS2_PLACEMENT_3D('',#560,#561,#562);
#560 = CARTESIAN_POINT('',(800.,240.,0.));
#561 = DIRECTION('',(0.,0.,1.));
#562 = DIRECTION('',(1.,0.,-0.));
#563 = AXIS2_PLACEMENT_3D('',#564,#565,#566);
#564 = CARTESIAN_POINT('',(850.,240.,0.));
#565 = DIRECTION('',(0.,0.,1.));
#566 = DIRECTION('',(1.,0.,-0.));
#567 = AXIS2_PLACEMENT_3D('',#568,#569,#570);
#568 = CARTESIAN_POINT('',(900.,240.,0.));
#569 = DIRECTION('',(0.,0.,1.));
#570 = DIRECTION('',(1.,0.,-0.));
#571 = AXIS2_PLACEMENT_3D('',#572,#573,#574);
#572 = CARTESIAN_POINT('',(950.,240.,0.));
#573 = DIRECTION('',(0.,0.,1.));
#574 = DIRECTION('',(1.,0.,-0.));
#575 = AXIS2_PLACEMENT_3D('',#576,#577,#578);
#576 = CARTESIAN_POINT('',(0.,280.,0.));
#577 = DIRECTION('',(0.,0.,1.));
#578 = DIRECTION('',(1.,0.,-0.));
#579 = AXIS2_PLACEMENT_3D('',#580,#581,#582);
#580 = CARTESIAN_POINT('',(50.,280.,0.));
#581 = DIRECTION('',(0.,0.,1.));
#582 = DIRECTION('',(1.,0.,-0.));
#583 = AXIS2_PLACEMENT_3D('',#584,#585,#586);
#584 = CARTESIAN_POINT('',(100.,280.,0.));
#585 = DIRECTION('',(0.,0.,1.));
#586 = DIRECTION('',(1.,0.,-0.));
#587 = AXIS2_PLACEMENT_3D('',#588,#589,#590);
#588 = CARTESIAN_POINT('',(150.,280.,0.));
#589 = DIRECTION('',(0.,0.,1.));
#590 = DIRECTION('',(1.,0.,-0.));
#591 = AXIS2_PLACEMENT_3D('',#592,#593,#594);
#592 = CARTESIAN_POINT('',(200.,280.,0.));
#593 = DIRECTION('',(0.,0.,1.));
#594 = DIRECTION('',(1.,0.,-0.));
#595 = AXIS2_PLACEMENT_3D('',#596,#597,#598);
#596 = CARTESIAN_POINT('',(250.,280.,0.));
#597 = DIRECTION('',(0.,0.,1.));
#598 = DIRECTION('',(1.,0.,-0.));
#599 = AXIS2_PLACEMENT_3D('',#600,#601,#602);
#600 = CARTESIAN_POINT('',(300.,280.,0.));
#601 = DIRECTION('',(0.,0.,1.));
#602 = DIRECTION('',(1.,0.,-0.));
#603 = AXIS2_PLACEMENT_3D('',#604,#605,#606);
#604 = CARTESIAN_POINT('',(350.,280.,0.));
#605 = DIRECTION('',(0.,0.,1.));
#606 = DIRECTION('',(1.,0.,-0.));
#607 = AXIS2_PLACEMENT_3D('',#608,#609,#610);
#608 = CARTESIAN_POINT('',(400.,280.,0.));
#609 = DIRECTION('',(0.,0.,1.));
#610 = DIRECTION('',(1.,0.,-0.));
#611 = AXIS2_PLACEMENT_3D('',#612,#613,#614);
#612 = CARTESIAN_POINT('',(450.,280.,0.));
#613 = DIRECTION('',(0.,0.,1.));
#614 = DIRECTION('',(1.,0.,-0.));
#615 = AXIS2_PLACEMENT_3D('',#616,#617,#618);
#616 = CARTESIAN_POINT('',(500.,280.,0.));
#617 = DIRECTION('',(0.,0.,1.));
#618 = DIRECTION('',(1.,0.,-0.));
#619 = AXIS2_PLACEMENT_3D('',#620,#621,#622);
#620 = CARTESIAN_POINT('',(550.,280.,0.));
#621 = DIRECTION('',(0.,0.,1.));
#622 = DIRECTION('',(1.,0.,-0.));
#623 = AXIS2_PLACEMENT_3D('',#624,#625,#626);
#624 = CARTESIAN_POINT('',(600.,280.,0.));
#625 = DIRECTION('',(0.,0.,1.));
#626 = DIRECTION('',(1.,0.,-0.));
#627 = AXIS2_PLACEMENT_3D('',#628,#629,#630);
#628 = CARTESIAN_POINT('',(650.,280.,0.));
#629 = DIRECTION('',(0.,0.,1.));
#630 = DIRECTION('',(1.,0.,-0.));
#631 = AXIS2_PLACEMENT_3D('',#632,#633,#634);
#632 = CARTESIAN_POINT('',(700.,280.,0.));
#633 = DIRECTION('',(0.,0.,1.));
#634 = DIRECTION('',(1.,0.,-0.));
#635 = AXIS2_PLACEMENT_3D('',#636,#637,#638);
#636 = CARTESIAN_POINT('',(750.,280.,0.));
#637 = DIRECTION('',(0.,0.,1.));
#638 = DIRECTION('',(1.,0.,-0.));
#639 = AXIS2_PLACEMENT_3D('',#640,#641,#642);
#640 = CARTESIAN_POINT('',(800.,280.,0.));
#641 = DIRECTION('',(0.,0.,1.));
#642 = DIRECTION('',(1.,0.,-0.));
#643 = AXIS2_PLACEMENT_3D('',#644,#645,#646);
#644 = CARTESIAN_POINT('',(850.,280.,0.));
#645 = DIRECTION('',(0.,0.,1.));
#646 = DIRECTION('',(1.,0.,-0.));
#647 = AXIS2_PLACEMENT_3D('',#648,#649,#650);
#648 = CARTESIAN_POINT('',(900.,280.,0.));
#649 = DIRECTION('',(0.,0.,1.));
#650 = DIRECTION('',(1.,0.,-0.));
#651 = AXIS2_PLACEMENT_3D('',#652,#653,#654);
#652 = CARTESIAN_POINT('',(950.,280.,0.));
#653 = DIRECTION('',(0.,0.,1.));
#654 = DIRECTION('',(1.,0.,-0.));
#655 = AXIS2_PLACEMENT_3D('',#656,#657,#658);
#656 = CARTESIAN_POINT('',(0.,320.,0.));
#657 = DIRECTION('',(0.,0.,1.));
#658 = DIRECTION('',(1.,0.,-0.));
#659 = AXIS2_PLACEMENT_3D('',#660,#661,#662);
#660 = CARTESIAN_POINT('',(50.,320.,0.));
#661 = DIRECTION('',(0.,0.,1.));
#662 = DIRECTION('',(1.,0.,-0.));
#663 = AXIS2_PLACEMENT_3D('',#664,#665,#666);
#664 = CARTESIAN_POINT('',(100.,320.,0.));
#665 = DIRECTION('',(0.,0.,1.));
#666 = DIRECTION('',(1.,0.,-0.));
#667 = AXIS2_PLACEMENT_3D('',#668,#669,#670);
#668 = CARTESIAN_POINT('',(150.,320.,0.));
#669 = DIRECTION('',(0.,0.,1.));
#670 = DIRECTION('',(1.,0.,-0.));
#671 = AXIS2_PLACEMENT_3D('',#672,#673,#674);
#672 = CARTESIAN_POINT('',(200.,320.,0.));
#673 = DIRECTION('',(0.,0.,1.));
#674 = DIRECTION('',(1.,0.,-0.));
#675 = AXIS2_PLACEMENT_3D('',#676,#677,#678);
#676 = CARTESIAN_POINT('',(250.,320.,0.));
#677 = DIRECTION('',(0.,0.,1.));
#678 = DIRECTION('',(1.,0.,-0.));
#679 = AXIS2_PLACEMENT_3D('',#680,#681,#682);
#680 = CARTESIAN_POINT('',(300.,320.,0.));
#681 = DIRECTION('',(0.,0.,1.));
#682 = DIRECTION('',(1.,0.,-0.));
#683 = AXIS2_PLACEMENT_3D('',#684,#685,#686);
#684 = CARTESIAN_POINT('',(350.,320.,0.));
#685 = DIRECTION('',(0.,0.,1.));
#686 = DIRECTION('',(1.,0.,-0.));
#687 = AXIS2_PLACEMENT_3D('',#688,#689,#690);
#688 = CARTESIAN_POINT('',(400.,320.,0.));
#689 = DIRECTION('',(0.,0.,1.));
#690 = DIRECTION('',(1.,0.,-0.));
#691 = AXIS2_PLACEMENT_3D('',#692,#693,#694);
#692 = CARTESIAN_POINT('',(450.,320.,0.));
#693 = DIRECTION('',(0.,0.,1.));
#694 = DIRECTION('',(1.,0.,-0.));
#695 = AXIS2_PLACEMENT_3D('',#696,#697,#698);
#696 = CARTESIAN_POINT('',(500.,320.,0.));
#697 = DIRECTION('',(0.,0.,1.));
#698 = DIRECTION('',(1.,0.,-0.));
#699 = AXIS2_PLACEMENT_3D('',#700,#701,#702);
#700 = CARTESIAN_POINT('',(550.,320.,0.));
#701 = DIRECTION('',(0.,0.,1.));
#702 = DIRECTION('',(1.,0.,-0.));
#703 = AXIS2_PLACEMENT_3D('',#704,#705,#706);
#704 = CARTESIAN_POINT('',(600.,320.,0.));
#705 = DIRECTION('',(0.,0.,1.));
#706 = DIRECTION('',(1.,0.,-0.));
#707 = AXIS2_PLACEMENT_3D('',#708,#709,#710);
#708 = CARTESIAN_POINT('',(650.,320.,0.));
#709 = DIRECTION('',(0.,0.,1.));
#710 = DIRECTION('',(1.,0.,-0.));
#711 = AXIS2_PLACEMENT_3D('',#712,#713,#714);
#712 = CARTESIAN_POINT('',(700.,320.,0.));
#713 = DIRECTION('',(0.,0.,1.));
#714 = DIRECTION('',(1.,0.,-0.));
#715 = AXIS2_PLACEMENT_3D('',#716,#717,#718);
#716 = CARTESIAN_POINT('',(750.,320.,0.));
#717 = DIRECTION('',(0.,0.,1.));
#718 = DIRECTION('',(1.,0.,-0.));
#719 = AXIS2_PLACEMENT_3D('',#720,#721,#722);
#720 = CARTESIAN_POINT('',(800.,320.,0.));
#721 = DIRECTION('',(0.,0.,1.));
#722 = DIRECTION('',(1.,0.,-0.));
#723 = AXIS2_PLACEMENT_3D('',#724,#725,#726);
#724 = CARTESIAN_POINT('',(850.,320.,0.));
#725 = DIRECTION('',(0.,0.,1.));
#726 = DIRECTION('',(1.,0.,-0.));
#727 = AXIS2_PLACEMENT_3D('',#728,#729,#730);
#728 = CARTESIAN_POINT('',(900.,320.,0.));
#729 = DIRECTION('',(0.,0.,1.));
#730 = DIRECTION('',(1.,0.,-0.));
#731 = AXIS2_PLACEMENT_3D('',#732,#733,#734);
#732 = CARTESIAN_POINT('',(950.,320.,0.));
#733 = DIRECTION('',(0.,0.,1.));
#734 = DIRECTION('',(1.,0.,-0.));
#735 = AXIS2_PLACEMENT_3D('',#736,#737,#738);
#736 = CARTESIAN_POINT('',(0.,360.,0.));
#737 = DIRECTION('',(0.,0.,1.));
#738 = DIRECTION('',(1.,0.,-0.));
#739 = AXIS2_PLACEMENT_3D('',#740,#741,#742);
#740 = CARTESIAN_POINT('',(50.,360.,0.));
#741 = DIRECTION('',(0.,0.,1.));
#742 = DIRECTION('',(1.,0.,-0.));
#743 = AXIS2_PLACEMENT_3D('',#744,#745,#746);
#744 = CARTESIAN_POINT('',(100.,360.,0.));
#745 = DIRECTION('',(0.,0.,1.));
#746 = DIRECTION('',(1.,0.,-0.));
#747 = AXIS2_PLACEMENT_3D('',#748,#749,#750);
#748 = CARTESIAN_POINT('',(150.,360.,0.));
#749 = DIRECTION('',(0.,0.,1.));
#750 = DIRECTION('',(1.,0.,-0.));
#751 = AXIS2_PLACEMENT_3D('',#752,#753,#754);
#752 = CARTESIAN_POINT('',(200.,360.,0.));
#753 = DIRECTION('',(0.,0.,1.));
#754 = DIRECTION('',(1.,0.,-0.));
#755 = AXIS2_PLACEMENT_3D('',#756,#757,#758);
#756 = CARTESIAN_POINT('',(250.,360.,0.));
#757 = DIRECTION('',(0.,0.,1.));
#758 = DIRECTION('',(1.,0.,-0.));
#759 = AXIS2_PLACEMENT_3D('',#760,#761,#762);
#760 = CARTESIAN_POINT('',(300.,360.,0.));
#761 = DIRECTION('',(0.,0.,1.));
#762 = DIRECTION('',(1.,0.,-0.));
#763 = AXIS2_PLACEMENT_3D('',#764,#765,#766);
#764 = CARTESIAN_POINT('',(350.,360.,0.));
#765 = DIRECTION('',(0.,0.,1.));
#766 = DIRECTION('',(1.,0.,-0.));
#767 = AXIS2_PLACEMENT_3D('',#768,#769,#770);
#768 = CARTESIAN_POINT('',(400.,360.,0.));
#769 = DIRECTION('',(0.,0.,1.));
#770 = DIRECTION('',(1.,0.,-0.));
#771 = AXIS2_PLACEMENT_3D('',#772,#773,#774);
#772 = CARTESIAN_POINT('',(450.,360.,0.));
#773 = DIRECTION('',(0.,0.,1.));
#774 = DIRECTION('',(1.,0.,-0.));
#775 = AXIS2_PLACEMENT_3D('',#776,#777,#778);
#776 = CARTESIAN_POINT('',(500.,360.,0.));
#777 = DIRECTION('',(0.,0.,1.));
#778 = DIRECTION('',(1.,0.,-0.));
#779 = AXIS2_PLACEMENT_3D('',#780,#781,#782);
#780 = CARTESIAN_POINT('',(550.,360.,0.));
#781 = DIRECTION('',(0.,0.,1.));
#782 = DIRECTION('',(1.,0.,-0.));
#783 = AXIS2_PLACEMENT_3D('',#784,#785,#786);
#784 = CARTESIAN_POINT('',(600.,360.,0.));
#785 = DIRECTION('',(0.,0.,1.));
#786 = DIRECTION('',(1.,0.,-0.));
#787 = AXIS2_PLACEMENT_3D('',#788,#789,#790);
#788 = CARTESIAN_POINT('',(650.,360.,0.));
#789 = DIRECTION('',(0.,0.,1.));
#790 = DIRECTION('',(1.,0.,-0.));
#791 = AXIS2_PLACEMENT_3D('',#792,#793,#794);
#792 = CARTESIAN_POINT('',(700.,360.,0.));
#793 = DIRECTION('',(0.,0.,1.));
#794 = DIRECTION('',(1.,0.,-0.));
#795 = AXIS2_PLACEMENT_3D('',#796,#797,#798);
#796 = CARTESIAN_POINT('',(750.,360.,0.));
#797 = DIRECTION('',(0.,0.,1.));
#798 = DIRECTION('',(1.,0.,-0.));
#799 = AXIS2_PLACEMENT_3D('',#800,#801,#802);
#800 = CARTESIAN_POINT('',(800.,360.,0.));
#801 = DIRECTION('',(0.,0.,1.));
#802 = DIRECTION('',(1.,0.,-0.));
#803 = AXIS2_PLACEMENT_3D('',#804,#805,#806);
#804 = CARTESIAN_POINT('',(850.,360.,0.));
#805 = DIRECTION('',(0.,0.,1.));
#806 = DIRECTION('',(1.,0.,-0.));
#807 = AXIS2_PLACEMENT_3D('',#808,#809,#810);
#808 = CARTESIAN_POINT('',(900.,360.,0.));
#809 = DIRECTION('',(0.,0.,1.));
#810 = DIRECTION('',(1.,0.,-0.));
#811 = AXIS2_PLACEMENT_3D('',#812,#813,#814);
#812 = CARTESIAN_POINT('',(950.,360.,0.));
#813 = DIRECTION('',(0.,0.,1.));
#814 = DIRECTION('',(1.,0.,-0.));
#815 = AXIS2_PLACEMENT_3D('',#816,#817,#818);
#816 = CARTESIAN_POINT('',(0.,400.,0.));
#817 = DIRECTION('',(0.,0.,1.));
#818 = DIRECTION('',(1.,0.,-0.));
#819 = AXIS2_PLACEMENT_3D('',#820,#821,#822);
#820 = CARTESIAN_POINT('',(50.,400.,0.));
#821 = DIRECTION('',(0.,0.,1.));
#822 = DIRECTION('',(1.,0.,-0.));
#823 = AXIS2_PLACEMENT_3D('',#824,#825,#826);
#824 = CARTESIAN_POINT('',(100.,400.,0.));
#825 = DIRECTION('',(0.,0.,1.));
#826 = DIRECTION('',(1.,0.,-0.));
#827 = AXIS2_PLACEMENT_3D('',#828,#829,#830);
#828 = CARTESIAN_POINT('',(150.,400.,0.));
#829 = DIRECTION('',(0.,0.,1.));
#830 = DIRECTION('',(1.,0.,-0.));
#831 = AXIS2_PLACEMENT_3D('',#832,#833,#834);
#832 = CARTESIAN_POINT('',(200.,400.,0.));
#833 = DIRECTION('',(0.,0.,1.));
#834 = DIRECTION('',(1.,0.,-0.));
#835 = AXIS2_PLACEMENT_3D('',#836,#837,#838);
#836 = CARTESIAN_POINT('',(250.,400.,0.));
#837 = DIRECTION('',(0.,0.,1.));
#838 = DIRECTION('',(1.,0.,-0.));
#839 = AXIS2_PLACEMENT_3D('',#840,#841,#842);
#840 = CARTESIAN_POINT('',(300.,400.,0.));
#841 = DIRECTION('',(0.,0.,1.));
#842 = DIRECTION('',(1.,0.,-0.));
#843 = AXIS2_PLACEMENT_3D('',#844,#845,#846);
#844 = CARTESIAN_POINT('',(350.,400.,0.));
#845 = DIRECTION('',(0.,0.,1.));
#846 = DIRECTION('',(1.,0.,-0.));
#847 = AXIS2_PLACEMENT_3D('',#848,#849,#850);
#848 = CARTESIAN_POINT('',(400.,400.,0.));
#849 = DIRECTION('',(0.,0.,1.));
#850 = DIRECTION('',(1.,0.,-0.));
#851 = AXIS2_PLACEMENT_3D('',#852,#853,#854);
#852 = CARTESIAN_POINT('',(450.,400.,0.));
#853 = DIRECTION('',(0.,0.,1.));
#854 = DIRECTION('',(1.,0.,-0.));
#855 = AXIS2_PLACEMENT_3D('',#856,#857,#858);
#856 = CARTESIAN_POINT('',(500.,400.,0.));
#857 = DIRECTION('',(0.,0.,1.));
#858 = DIRECTION('',(1.,0.,-0.));
#859 = AXIS2_PLACEMENT_3D('',#860,#861,#862);
#860 = CARTESIAN_POINT('',(550.,400.,0.));
#861 = DIRECTION('',(0.,0.,1.));
#862 = DIRECTION('',(1.,0.,-0.));
#863 = AXIS2_PLACEMENT_3D('',#864,#865,#866);
#864 = CARTESIAN_POINT('',(600.,400.,0.));
#865 = DIRECTION('',(0.,0.,1.));
#866 = DIRECTION('',(1.,0.,-0.));
#867 = AXIS2_PLACEMENT_3D('',#868,#869,#870);
#868 = CARTESIAN_POINT('',(650.,400.,0.));
#869 = DIRECTION('',(0.,0.,1.));
#870 = DIRECTION('',(1.,0.,-0.));
#871 = AXIS2_PLACEMENT_3D('',#872,#873,#874);
#872 = CARTESIAN_POINT('',(700.,400.,0.));
#873 = DIRECTION('',(0.,0.,1.));
#874 = DIRECTION('',(1.,0.,-0.));
#875 = AXIS2_PLACEMENT_3D('',#876,#877,#878);
#876 = CARTESIAN_POINT('',(750.,400.,0.));
#877 = DIRECTION('',(0.,0.,1.));
#878 = DIRECTION('',(1.,0.,-0.));
#879 = AXIS2_PLACEMENT_3D('',#880,#881,#882);
#880 = CARTESIAN_POINT('',(800.,400.,0.));
#881 = DIRECTION('',(0.,0.,1.));
#882 = DIRECTION('',(1.,0.,-0.));
#883 = AXIS2_PLACEMENT_3D('',#884,#885,#886);
#884 = CARTESIAN_POINT('',(850.,400.,0.));
#885 = DIRECTION('',(0.,0.,1.));
#886 = DIRECTION('',(1.,0.,-0.));
#887 = AXIS2_PLACEMENT_3D('',#888,#889,#890);
#888 = CARTESIAN_POINT('',(900.,400.,0.));
#889 = DIRECTION('',(0.,0.,1.));
#890 = DIRECTION('',(1.,0.,-0.));
#891 = AXIS2_PLACEMENT_3D('',#892,#893,#894);
#892 = CARTESIAN_POINT('',(950.,400.,0.));
#893 = DIRECTION('',(0.,0.,1.));
#894 = DIRECTION('',(1.,0.,-0.));
#895 = AXIS2_PLACEMENT_3D('',#896,#897,#898);
#896 = CARTESIAN_POINT('',(0.,440.,0.));
#897 = DIRECTION('',(0.,0.,1.));
#898 = DIRECTION('',(1.,0.,-0.));
#899 = AXIS2_PLACEMENT_3D('',#900,#901,#902);
#900 = CARTESIAN_POINT('',(50.,440.,0.));
#901 = DIRECTION('',(0.,0.,1.));
#902 = DIRECTION('',(1.,0.,-0.));
#903 = AXIS2_PLACEMENT_3D('',#904,#905,#906);
#904 = CARTESIAN_POINT('',(100.,440.,0.));
#905 = DIRECTION('',(0.,0.,1.));
#906 = DIRECTION('',(1.,0.,-0.));
#907 = AXIS2_PLACEMENT_3D('',#908,#909,#910);
#908 = CARTESIAN_POINT('',(150.,440.,0.));
#909 = DIRECTION('',(0.,0.,1.));
#910 = DIRECTION('',(1.,0.,-0.));
#911 = AXIS2_PLACEMENT_3D('',#912,#913,#914);
#912 = CARTESIAN_POINT('',(200.,440.,0.));
#913 = DIRECTION('',(0.,0.,1.));
#914 = DIRECTION('',(1.,0.,-0.));
#915 = AXIS2_PLACEMENT_3D('',#916,#917,#918);
#916 = CARTESIAN_POINT('',(250.,440.,0.));
#917 = DIRECTION('',(0.,0.,1.));
#918 = DIRECTION('',(1.,0.,-0.));
#919 = AXIS2_PLACEMENT_3D('',#920,#921,#922);
#920 = CARTESIAN_POINT('',(300.,440.,0.));
#921 = DIRECTION('',(0.,0.,1.));
#922 = DIRECTION('',(1.,0.,-0.));
#923 = AXIS2_PLACEMENT_3D('',#924,#925,#926);
#924 = CARTESIAN_POINT('',(350.,440.,0.));
#925 = DIRECTION('',(0.,0.,1.));
#926 = DIRECTION('',(1.,0.,-0.));
#927 = AXIS2_PLACEMENT_3D('',#928,#929,#930);
#928 = CARTESIAN_POINT('',(400.,440.,0.));
#929 = DIRECTION('',(0.,0.,1.));
#930 = DIRECTION('',(1.,0.,-0.));
#931 = AXIS2_PLACEMENT_3D('',#932,#933,#934);
#932 = CARTESIAN_POINT('',(450.,440.,0.));
#933 = DIRECTION('',(0.,0.,1.));
#934 = DIRECTION('',(1.,0.,-0.));
#935 = AXIS2_PLACEMENT_3D('',#936,#937,#938);
#936 = CARTESIAN_POINT('',(500.,440.,0.));
#937 = DIRECTION('',(0.,0.,1.));
#938 = DIRECTION('',(1.,0.,-0.));
#939 = AXIS2_PLACEMENT_3D('',#940,#941,#942);
#940 = CARTESIAN_POINT('',(550.,440.,0.));
#941 = DIRECTION('',(0.,0.,1.));
#942 = DIRECTION('',(1.,0.,-0.));
#943 = AXIS2_PLACEMENT_3D('',#944,#945,#946);
#944 = CARTESIAN_POINT('',(600.,440.,0.));
#945 = DIRECTION('',(0.,0.,1.));
#946 = DIRECTION('',(1.,0.,-0.));
#947 = AXIS2_PLACEMENT_3D('',#948,#949,#950);
#948 = CARTESIAN_POINT('',(650.,440.,0.));
#949 = DIRECTION('',(0.,0.,1.));
#950 = DIRECTION('',(1.,0.,-0.));
#951 = AXIS2_PLACEMENT_3D('',#952,#953,#954);
#952 = CARTESIAN_POINT('',(700.,440.,0.));
#953 = DIRECTION('',(0.,0.,1.));
#954 = DIRECTION('',(1.,0.,-0.));
#955 = AXIS2_PLACEMENT_3D('',#956,#957,#958);
#956 = CARTESIAN_POINT('',(750.,440.,0.));
#957 = DIRECTION('',(0.,0.,1.));
#958 = DIRECTION('',(1.,0.,-0.));
#959 = AXIS2_PLACEMENT_3D('',#960,#961,#962);
#960 = CARTESIAN_POINT('',(800.,440.,0.));
#961 = DIRECTION('',(0.,0.,1.));
#962 = DIRECTION('',(1.,0.,-0.));
#963 = AXIS2_PLACEMENT_3D('',#964,#965,#966);
#964 = CARTESIAN_POINT('',(850.,440.,0.));
#965 = DIRECTION('',(0.,0.,1.));
#966 = DIRECTION('',(1.,0.,-0.));
#967 = AXIS2_PLACEMENT_3D('',#968,#969,#970);
#968 = CARTESIAN_POINT('',(900.,440.,0.));
#969 = DIRECTION('',(0.,0.,1.));
#970 = DIRECTION('',(1.,0.,-0.));
#971 = AXIS2_PLACEMENT_3D('',#972,#973,#974);
#972 = CARTESIAN_POINT('',(950.,440.,0.));
#973 = DIRECTION('',(0.,0.,1.));
#974 = DIRECTION('',(1.,0.,-0.));
#975 = AXIS2_PLACEMENT_3D('',#976,#977,#978);
#976 = CARTESIAN_POINT('',(0.,480.,0.));
#977 = DIRECTION('',(0.,0.,1.));
#978 = DIRECTION('',(1.,0.,-0.));
#979 = AXIS2_PLACEMENT_3D('',#980,#981,#982);
#980 = CARTESIAN_POINT('',(50.,480.,0.));
#981 = DIRECTION('',(0.,0.,1.));
#982 = DIRECTION('',(1.,0.,-0.));
#983 = AXIS2_PLACEMENT_3D('',#984,#985,#986);
#984 = CARTESIAN_POINT('',(100.,480.,0.));
#985 = DIRECTION('',(0.,0.,1.));
#986 = DIRECTION('',(1.,0.,-0.));
#987 = AXIS2_PLACEMENT_3D('',#988,#989,#990);
#988 = CARTESIAN_POINT('',(150.,480.,0.));
#989 = DIRECTION('',(0.,0.,1.));
#990 = DIRECTION('',(1.,0.,-0.));
#991 = AXIS2_PLACEMENT_3D('',#992,#993,#994);
#992 = CARTESIAN_POINT('',(200.,480.,0.));
#993 = DIRECTION('',(0.,0.,1.));
#994 = DIRECTION('',(1.,0.,-0.));
#995 = AXIS2_PLACEMENT_3D('',#996,#997,#998);
#996 = CARTESIAN_POINT('',(250.,480.,0.));
#997 = DIRECTION('',(0.,0.,1.));
#998 = DIRECTION('',(1.,0.,-0.));
#999 = AXIS2_PLACEMENT_3D('',#1000,#1001,#1002);
#1000 = CARTESIAN_POINT('',(300.,480.,0.));
#1001 = DIRECTION('',(0.,0.,1.));
#1002 = DIRECTION('',(1.,0.,-0.));
#1003 = AXIS2_PLACEMENT_3D('',#1004,#1005,#1006);
#1004 = CARTESIAN_POINT('',(350.,480.,0.));
#1005 = DIRECTION('',(0.,0.,1.));
#1006 = DIRECTION('',(1.,0.,-0.));
#1007 = AXIS2_PLACEMENT_3D('',#1008,#1009,#1010);
#1008 = CARTESIAN_POINT('',(400.,480.,0.));
#1009 = DIRECTION('',(0.,0.,1.));
#1010 = DIRECTION('',(1.,0.,-0.));
#1011 = AXIS2_PLACEMENT_3D('',#1012,#1013,#1014);
#1012 = CARTESIAN_POINT('',(450.,480.,0.));
#1013 = DIRECTION('',(0.,0.,1.));
#1014 = DIRECTION('',(1.,0.,-0.));
#1015 = AXIS2_PLACEMENT_3D('',#1016,#1017,#1018);
#1016 = CARTESIAN_POINT('',(500.,480.,0.));
#1017 = DIRECTION('',(0.,0.,1.));
#1018 = DIRECTION('',(1.,0.,-0.));
#1019 = AXIS2_PLACEMENT_3D('',#1020,#1021,#1022);
#1020 = CARTESIAN_POINT('',(550.,480.,0.));
#1021 = DIRECTION('',(0.,0.,1.));
#1022 = DIRECTION('',(1.,0.,-0.));
#1023 = AXIS2_PLACEMENT_3D('',#1024,#1025,#1026);
#1024 = CARTESIAN_POINT('',(600.,480.,0.));
#1025 = DIRECTION('',(0.,0.,1.));
#1026 = DIRECTION('',(1.,0.,-0.));
#1027 = AXIS2_PLACEMENT_3D('',#1028,#1029,#1030);
#1028 = CARTESIAN_POINT('',(650.,480.,0.));
#1029 = DIRECTION('',(0.,0.,1.));
#1030 = DIRECTION('',(1.,0.,-0.));
#1031 = AXIS2_PLACEMENT_3D('',#1032,#1033,#1034);
#1032 = CARTESIAN_POINT('',(700.,480.,0.));
#1033 = DIRECTION('',(0.,0.,1.));
#1034 = DIRECTION('',(1.,0.,-0.));
#1035 = AXIS2_PLACEMENT_3D('',#1036,#1037,#1038);
#1036 = CARTESIAN_POINT('',(750.,480.,0.));
#1037 = DIRECTION('',(0.,0.,1.));
#1038 = DIRECTION('',(1.,0.,-0.));
#1039 = AXIS2_PLACEMENT_3D('',#1040,#1041,#1042);
#1040 = CARTESIAN_POINT('',(800.,480.,0.));
#1041 = DIRECTION('',(0.,0.,1.));
#1042 = DIRECTION('',(1.,0.,-0.));
#1043 = AXIS2_PLACEMENT_3D('',#1044,#1045,#1046);
#1044 = CARTESIAN_POINT('',(850.,480.,0.));
#1045 = DIRECTION('',(0.,0.,1.));
#1046 = DIRECTION('',(1.,0.,-0.));
#1047 = AXIS2_PLACEMENT_3D('',#1048,#1049,#1050);
#1048 = CARTESIAN_POINT('',(900.,480.,0.));
#1049 = DIRECTION('',(0.,0.,1.));
#1050 = DIRECTION('',(1.,0.,-0.));
#1051 = AXIS2_PLACEMENT_3D('',#1052,#1053,#1054);
#1052 = CARTESIAN_POINT('',(950.,480.,0.));
#1053 = DIRECTION('',(0.,0.,1.));
#1054 = DIRECTION('',(1.,0.,-0.));
#1055 = AXIS2_PLACEMENT_3D('',#1056,#1057,#1058);
#1056 = CARTESIAN_POINT('',(0.,520.,0.));
#1057 = DIRECTION('',(0.,0.,1.));
#1058 = DIRECTION('',(1.,0.,-0.));
#1059 = AXIS2_PLACEMENT_3D('',#1060,#1061,#1062);
#1060 = CARTESIAN_POINT('',(50.,520.,0.));
#1061 = DIRECTION('',(0.,0.,1.));
#1062 = DIRECTION('',(1.,0.,-0.));
#1063 = AXIS2_PLACEMENT_3D('',#1064,#1065,#1066);
#1064 = CARTESIAN_POINT('',(100.,520.,0.));
#1065 = DIRECTION('',(0.,0.,1.));
#1066 = DIRECTION('',(1.,0.,-0.));
#1067 = AXIS2_PLACEMENT_3D('',#1068,#1069,#1070);
#1068 = CARTESIAN_POINT('',(150.,520.,0.));
#1069 = DIRECTION('',(0.,0.,1.));
#1070 = DIRECTION('',(1.,0.,-0.));
#1071 = AXIS2_PLACEMENT_3D('',#1072,#1073,#1074);
#1072 = CARTESIAN_POINT('',(200.,520.,0.));
#1073 = DIRECTION('',(0.,0.,1.));
#1074 = DIRECTION('',(1.,0.,-0.));
#1075 = AXIS2_PLACEMENT_3D('',#1076,#1077,#1078);
#1076 = CARTESIAN_POINT('',(250.,520.,0.));
#1077 = DIRECTION('',(0.,0.,1.));
#1078 = DIRECTION('',(1.,0.,-0.));
#1079 = AXIS2_PLACEMENT_3D('',#1080,#1081,#1082);
#1080 = CARTESIAN_POINT('',(300.,520.,0.));
#1081 = DIRECTION('',(0.,0.,1.));
#1082 = DIRECTION('',(1.,0.,-0.));
#1083 = AXIS2_PLACEMENT_3D('',#1084,#1085,#1086);
#1084 = CARTESIAN_POINT('',(350.,520.,0.));
#1085 = DIRECTION('',(0.,0.,1.));
#1086 = DIRECTION('',(1.,0.,-0.));
#1087 = AXIS2_PLACEMENT_3D('',#1088,#1089,#1090);
#1088 = CARTESIAN_POINT('',(400.,520.,0.));
#1089 = DIRECTION('',(0.,0.,1.));
#1090 = DIRECTION('',(1.,0.,-0.));
#1091 = AXIS2_PLACEMENT_3D('',#1092,#1093,#1094);
#1092 = CARTESIAN_POINT('',(450.,520.,0.));
#1093 = DIRECTION('',(0.,0.,1.));
#1094 = DIRECTION('',(1.,0.,-0.));
#1095 = AXIS2_PLACEMENT_3D('',#1096,#1097,#1098);
#1096 = CARTESIAN_POINT('',(500.,520.,0.));
#1097 = DIRECTION('',(0.,0.,1.));
#1098 = DIRECTION('',(1.,0.,-0.));
#1099 = AXIS2_PLACEMENT_3D('',#1100,#1101,#1102);
#1100 = CARTESIAN_POINT('',(550.,520.,0.));
#1101 = DIRECTION('',(0.,0.,1.));
#1102 = DIRECTION('',(1.,0.,-0.));
#1103 = AXIS2_PLACEMENT_3D('',#1104,#1105,#1106);
#1104 = CARTESIAN_POINT('',(600.,520.,0.));
#1105 = DIRECTION('',(0.,0.,1.));
#1106 = DIRECTION('',(1.,0.,-0.));
#1107 = AXIS2_PLACEMENT_3D('',#1108,#1109,#1110);
#1108 = CARTESIAN_POINT('',(650.,520.,0.));
#1109 = DIRECTION('',(0.,0.,1.));
#1110 = DIRECTION('',(1.,0.,-0.));
#1111 = AXIS2_PLACEMENT_3D('',#1112,#1113,#1114);
#1112 = CARTESIAN_POINT('',(700.,520.,0.));
#1113 = DIRECTION('',(0.,0.,1.));
#1114 = DIRECTION('',(1.,0.,-0.));
#1115 = AXIS2_PLACEMENT_3D('',#1116,#1117,#1118);
#1116 = CARTESIAN_POINT('',(750.,520.,0.));
#1117 = DIRECTION('',(0.,0.,1.));
#1118 = DIRECTION('',(1.,0.,-0.));
#1119 = AXIS2_PLACEMENT_3D('',#1120,#1121,#1122);
#1120 = CARTESIAN_POINT('',(800.,520.,0.));
#1121 = DIRECTION('',(0.,0.,1.));
#1122 = DIRECTION('',(1.,0.,-0.));
#1123 = AXIS2_PLACEMENT_3D('',#1124,#1125,#1126);
#1124 = CARTESIAN_POINT('',(850.,520.,0.));
#1125 = DIRECTION('',(0.,0.,1.));
#1126 = DIRECTION('',(1.,0.,-0.));
#1127 = AXIS2_PLACEMENT_3D('',#1128,#1129,#1130);
#1128 = CARTESIAN_POINT('',(900.,520.,0.));
#1129 = DIRECTION('',(0.,0.,1.));
#1130 = DIRECTION('',(1.,0.,-0.));
#1131 = AXIS2_PLACEMENT_3D('',#1132,#1133,#1134);
#1132 = CARTESIAN_POINT('',(950.,520.,0.));
#1133 = DIRECTION('',(0.,0.,1.));
#1134 = DIRECTION('',(1.,0.,-0.));
#1135 = AXIS2_PLACEMENT_3D('',#1136,#1137,#1138);
#1136 = CARTESIAN_POINT('',(0.,560.,0.));
#1137 = DIRECTION('',(0.,0.,1.));
#1138 = DIRECTION('',(1.,0.,-0.));
#1139 = AXIS2_PLACEMENT_3D('',#1140,#1141,#1142);
#1140 = CARTESIAN_POINT('',(50.,560.,0.));
#1141 = DIRECTION('',(0.,0.,1.));
#1142 = DIRECTION('',(1.,0.,-0.));
#1143 = AXIS2_PLACEMENT_3D('',#1144,#1145,#1146);
#1144 = CARTESIAN_POINT('',(100.,560.,0.));
#1145 = DIRECTION('',(0.,0.,1.));
#1146 = DIRECTION('',(1.,0.,-0.));
#1147 = AXIS2_PLACEMENT_3D('',#1148,#1149,#1150);
#1148 = CARTESIAN_POINT('',(150.,560.,0.));
#1149 = DIRECTION('',(0.,0.,1.));
#1150 = DIRECTION('',(1.,0.,-0.));
#1151 = AXIS2_PLACEMENT_3D('',#1152,#1153,#1154);
#1152 = CARTESIAN_POINT('',(200.,560.,0.));
#1153 = DIRECTION('',(0.,0.,1.));
#1154 = DIRECTION('',(1.,0.,-0.));
#1155 = AXIS2_PLACEMENT_3D('',#1156,#1157,#1158);
#1156 = CARTESIAN_POINT('',(250.,560.,0.));
#1157 = DIRECTION('',(0.,0.,1.));
#1158 = DIRECTION('',(1.,0.,-0.));
#1159 = AXIS2_PLACEMENT_3D('',#1160,#1161,#1162);
#1160 = CARTESIAN_POINT('',(300.,560.,0.));
#1161 = DIRECTION('',(0.,0.,1.));
#1162 = DIRECTION('',(1.,0.,-0.));
#1163 = AXIS2_PLACEMENT_3D('',#1164,#1165,#1166);
#1164 = CARTESIAN_POINT('',(350.,560.,0.));
#1165 = DIRECTION('',(0.,0.,1.));
#1166 = DIRECTION('',(1.,0.,-0.));
#1167 = AXIS2_PLACEMENT_3D('',#1168,#1169,#1170);
#1168 = CARTESIAN_POINT('',(400.,560.,0.));
#1169 = DIRECTION('',(0.,0.,1.));
#1170 = DIRECTION('',(1.,0.,-0.));
#1171 = AXIS2_PLACEMENT_3D('',#1172,#1173,#1174);
#1172 = CARTESIAN_POINT('',(450.,560.,0.));
#1173 = DIRECTION('',(0.,0.,1.));
#1174 = DIRECTION('',(1.,0.,-0.));
#1175 = AXIS2_PLACEMENT_3D('',#1176,#1177,#1178);
#1176 = CARTESIAN_POINT('',(500.,560.,0.));
#1177 = DIRECTION('',(0.,0.,1.));
#1178 = DIRECTION('',(1.,0.,-0.));
#1179 = AXIS2_PLACEMENT_3D('',#1180,#1181,#1182);
#1180 = CARTESIAN_POINT('',(550.,560.,0.));
#1181 = DIRECTION('',(0.,0.,1.));
#1182 = DIRECTION('',(1.,0.,-0.));
#1183 = AXIS2_PLACEMENT_3D('',#1184,#1185,#1186);
#1184 = CARTESIAN_POINT('',(600.,560.,0.));
#1185 = DIRECTION('',(0.,0.,1.));
#1186 = DIRECTION('',(1.,0.,-0.));
#1187 = AXIS2_PLACEMENT_3D('',#1188,#1189,#1190);
#1188 = CARTESIAN_POINT('',(650.,560.,0.));
#1189 = DIRECTION('',(0.,0.,1.));
#1190 = DIRECTION('',(1.,0.,-0.));
#1191 = AXIS2_PLACEMENT_3D('',#1192,#1193,#1194);
#1192 = CARTESIAN_POINT('',(700.,560.,0.));
#1193 = DIRECTION('',(0.,0.,1.));
#1194 = DIRECTION('',(1.,0.,-0.));
#1195 = AXIS2_PLACEMENT_3D('',#1196,#1197,#1198);
#1196 = CARTESIAN_POINT('',(750.,560.,0.));
#1197 = DIRECTION('',(0.,0.,1.));
#1198 = DIRECTION('',(1.,0.,-0.));
#1199 = AXIS2_PLACEMENT_3D('',#1200,#1201,#1202);
#1200 = CARTESIAN_POINT('',(800.,560.,0.));
#1201 = DIRECTION('',(0.,0.,1.));
#1202 = DIRECTION('',(1.,0.,-0.));
#1203 = AXIS2_PLACEMENT_3D('',#1204,#1205,#1206);
#1204 = CARTESIAN_POINT('',(850.,560.,0.));
#1205 = DIRECTION('',(0.,0.,1.));
#1206 = DIRECTION('',(1.,0.,-0.));
#1207 = AXIS2_PLACEMENT_3D('',#1208,#1209,#1210);
#1208 = CARTESIAN_POINT('',(900.,560.,0.));
#1209 = DIRECTION('',(0.,0.,1.));
#1210 = DIRECTION('',(1.,0.,-0.));
#1211 = AXIS2_PLACEMENT_3D('',#1212,#1213,#1214);
#1212 = CARTESIAN_POINT('',(950.,560.,0.));
#1213 = DIRECTION('',(0.,0.,1.));
#1214 = DIRECTION('',(1.,0.,-0.));
#1215 = AXIS2_PLACEMENT_3D('',#1216,#1217,#1218);
#1216 = CARTESIAN_POINT('',(0.,600.,0.));
#1217 = DIRECTION('',(0.,0.,1.));
#1218 = DIRECTION('',(1.,0.,-0.));
#1219 = AXIS2_PLACEMENT_3D('',#1220,#1221,#1222);
#1220 = CARTESIAN_POINT('',(50.,600.,0.));
#1221 = DIRECTION('',(0.,0.,1.));
#1222 = DIRECTION('',(1.,0.,-0.));
#1223 = AXIS2_PLACEMENT_3D('',#1224,#1225,#1226);
#1224 = CARTESIAN_POINT('',(100.,600.,0.));
#1225 = DIRECTION('',(0.,0.,1.));
#1226 = DIRECTION('',(1.,0.,-0.));
#1227 = AXIS2_PLACEMENT_3D('',#1228,#1229,#1230);
#1228 = CARTESIAN_POINT('',(150.,600.,0.));
#1229 = DIRECTION('',(0.,0.,1.));
#1230 = DIRECTION('',(1.,0.,-0.));
#1231 = AXIS2_PLACEMENT_3D('',#1232,#1233,#1234);
#1232 = CARTESIAN_POINT('',(200.,600.,0.));
#1233 = DIRECTION('',(0.,0.,1.));
#1234 = DIRECTION('',(1.,0.,-0.));
#1235 = AXIS2_PLACEMENT_3D('',#1236,#1237,#1238);
#1236 = CARTESIAN_POINT('',(250.,600.,0.));
#1237 = DIRECTION('',(0.,0.,1.));
#1238 = DIRECTION('',(1.,0.,-0.));
#1239 = AXIS2_PLACEMENT_3D('',#1240,#1241,#1242);
#1240 = CARTESIAN_POINT('',(300.,600.,0.));
#1241 = DIRECTION('',(0.,0.,1.));
#1242 = DIRECTION('',(1.,0.,-0.));
#1243 = AXIS2_PLACEMENT_3D('',#1244,#1245,#1246);
#1244 = CARTESIAN_POINT('',(350.,600.,0.));
#1245 = DIRECTION('',(0.,0.,1.));
#1246 = DIRECTION('',(1.,0.,-0.));
#1247 = AXIS2_PLACEMENT_3D('',#1248,#1249,#1250);
#1248 = CARTESIAN_POINT('',(400.,600.,0.));
#1249 = DIRECTION('',(0.,0.,1.));
#1250 = DIRECTION('',(1.,0.,-0.));
#1251 = AXIS2_PLACEMENT_3D('',#1252,#1253,#1254);
#1252 = CARTESIAN_POINT('',(450.,600.,0.));
#1253 = DIRECTION('',(0.,0.,1.));
#1254 = DIRECTION('',(1.,0.,-0.));
#1255 = AXIS2_PLACEMENT_3D('',#1256,#1257,#1258);
#1256 = CARTESIAN_POINT('',(500.,600.,0.));
#1257 = DIRECTION('',(0.,0.,1.));
#1258 = DIRECTION('',(1.,0.,-0.));
#1259 = AXIS2_PLACEMENT_3D('',#1260,#1261,#1262);
#1260 = CARTESIAN_POINT('',(550.,600.,0.));
#1261 = DIRECTION('',(0.,0.,1.));
#1262 = DIRECTION('',(1.,0.,-0.));
#1263 = AXIS2_PLACEMENT_3D('',#1264,#1265,#1266);
#1264 = CARTESIAN_POINT('',(600.,600.,0.));
#1265 = DIRECTION('',(0.,0.,1.));
#1266 = DIRECTION('',(1.,0.,-0.));
#1267 = AXIS2_PLACEMENT_3D('',#1268,#1269,#1270);
#1268 = CARTESIAN_POINT('',(650.,600.,0.));
#1269 = DIRECTION('',(0.,0.,1.));
#1270 = DIRECTION('',(1.,0.,-0.));
#1271 = AXIS2_PLACEMENT_3D('',#1272,#1273,#1274);
#1272 = CARTESIAN_POINT('',(700.,600.,0.));
#1273 = DIRECTION('',(0.,0.,1.));
#1274 = DIRECTION('',(1.,0.,-0.));
#1275 = AXIS2_PLACEMENT_3D('',#1276,#1277,#1278);
#1276 = CARTESIAN_POINT('',(750.,600.,0.));
#1277 = DIRECTION('',(0.,0.,1.));
#1278 = DIRECTION('',(1.,0.,-0.));
#1279 = AXIS2_PLACEMENT_3D('',#1280,#1281,#1282);
#1280 = CARTESIAN_POINT('',(800.,600.,0.));
#1281 = DIRECTION('',(0.,0.,1.));
#1282 = DIRECTION('',(1.,0.,-0.));
#1283 = AXIS2_PLACEMENT_3D('',#1284,#1285,#1286);
#1284 = CARTESIAN_POINT('',(850.,600.,0.));
#1285 = DIRECTION('',(0.,0.,1.));
#1286 = DIRECTION('',(1.,0.,-0.));
#1287 = AXIS2_PLACEMENT_3D('',#1288,#1289,#1290);
#1288 = CARTESIAN_POINT('',(900.,600.,0.));
#1289 = DIRECTION('',(0.,0.,1.));
#1290 = DIRECTION('',(1.,0.,-0.));
#1291 = AXIS2_PLACEMENT_3D('',#1292,#1293,#1294);
#1292 = CARTESIAN_POINT('',(950.,600.,0.));
#1293 = DIRECTION('',(0.,0.,1.));
#1294 = DIRECTION('',(1.,0.,-0.));
#1295 = AXIS2_PLACEMENT_3D('',#1296,#1297,#1298);
#1296 = CARTESIAN_POINT('',(0.,640.,0.));
#1297 = DIRECTION('',(0.,0.,1.));
#1298 = DIRECTION('',(1.,0.,-0.));
#1299 = AXIS2_PLACEMENT_3D('',#1300,#1301,#1302);
#1300 = CARTESIAN_POINT('',(50.,640.,0.));
#1301 = DIRECTION('',(0.,0.,1.));
#1302 = DIRECTION('',(1.,0.,-0.));
#1303 = AXIS2_PLACEMENT_3D('',#1304,#1305,#1306);
#1304 = CARTESIAN_POINT('',(100.,640.,0.));
#1305 = DIRECTION('',(0.,0.,1.));
#1306 = DIRECTION('',(1.,0.,-0.));
#1307 = AXIS2_PLACEMENT_3D('',#1308,#1309,#1310);
#1308 = CARTESIAN_POINT('',(150.,640.,0.));
#1309 = DIRECTION('',(0.,0.,1.));
#1310 = DIRECTION('',(1.,0.,-0.));
#1311 = AXIS2_PLACEMENT_3D('',#1312,#1313,#1314);
#1312 = CARTESIAN_POINT('',(200.,640.,0.));
#1313 = DIRECTION('',(0.,0.,1.));
#1314 = DIRECTION('',(1.,0.,-0.));
#1315 = AXIS2_PLACEMENT_3D('',#1316,#1317,#1318);
#1316 = CARTESIAN_POINT('',(250.,640.,0.));
#1317 = DIRECTION('',(0.,0.,1.));
#1318 = DIRECTION('',(1.,0.,-0.));
#1319 = AXIS2_PLACEMENT_3D('',#1320,#1321,#1322);
#1320 = CARTESIAN_POINT('',(300.,640.,0.));
#1321 = DIRECTION('',(0.,0.,1.));
#1322 = DIRECTION('',(1.,0.,-0.));
#1323 = AXIS2_PLACEMENT_3D('',#1324,#1325,#1326);
#1324 = CARTESIAN_POINT('',(350.,640.,0.));
#1325 = DIRECTION('',(0.,0.,1.));
#1326 = DIRECTION('',(1.,0.,-0.));
#1327 = AXIS2_PLACEMENT_3D('',#1328,#1329,#1330);
#1328 = CARTESIAN_POINT('',(400.,640.,0.));
#1329 = DIRECTION('',(0.,0.,1.));
#1330 = DIRECTION('',(1.,0.,-0.));
#1331 = AXIS2_PLACEMENT_3D('',#1332,#1333,#1334);
#1332 = CARTESIAN_POINT('',(450.,640.,0.));
#1333 = DIRECTION('',(0.,0.,1.));
#1334 = DIRECTION('',(1.,0.,-0.));
#1335 = AXIS2_PLACEMENT_3D('',#1336,#1337,#1338);
#1336 = CARTESIAN_POINT('',(500.,640.,0.));
#1337 = DIRECTION('',(0.,0.,1.));
#1338 = DIRECTION('',(1.,0.,-0.));
#1339 = AXIS2_PLACEMENT_3D('',#1340,#1341,#1342);
#1340 = CARTESIAN_POINT('',(550.,640.,0.));
#1341 = DIRECTION('',(0.,0.,1.));
#1342 = DIRECTION('',(1.,0.,-0.));
#1343 = AXIS2_PLACEMENT_3D('',#1344,#1345,#1346);
#1344 = CARTESIAN_POINT('',(600.,640.,0.));
#1345 = DIRECTION('',(0.,0.,1.));
#1346 = DIRECTION('',(1.,0.,-0.));
#1347 = AXIS2_PLACEMENT_3D('',#1348,#1349,#1350);
#1348 = CARTESIAN_POINT('',(650.,640.,0.));
#1349 = DIRECTION('',(0.,0.,1.));
#1350 = DIRECTION('',(1.,0.,-0.));
#1351 = AXIS2_PLACEMENT_3D('',#1352,#1353,#1354);
#1352 = CARTESIAN_POINT('',(700.,640.,0.));
#1353 = DIRECTION('',(0.,0.,1.));
#1354 = DIRECTION('',(1.,0.,-0.));
#1355 = AXIS2_PLACEMENT_3D('',#1356,#1357,#1358);
#1356 = CARTESIAN_POINT('',(750.,640.,0.));
#1357 = DIRECTION('',(0.,0.,1.));
#1358 = DIRECTION('',(1.,0.,-0.));
#1359 = AXIS2_PLACEMENT_3D('',#1360,#1361,#1362);
#1360 = CARTESIAN_POINT('',(800.,640.,0.));
#1361 = DIRECTION('',(0.,0.,1.));
#1362 = DIRECTION('',(1.,0.,-0.));
#1363 = AXIS2_PLACEMENT_3D('',#1364,#1365,#1366);
#1364 = CARTESIAN_POINT('',(850.,640.,0.));
#1365 = DIRECTION('',(0.,0.,1.));
#1366 = DIRECTION('',(1.,0.,-0.));
#1367 = AXIS2_PLACEMENT_3D('',#1368,#1369,#1370);
#1368 = CARTESIAN_POINT('',(900.,640.,0.));
#1369 = DIRECTION('',(0.,0.,1.));
#1370 = DIRECTION('',(1.,0.,-0.));
#1371 = AXIS2_PLACEMENT_3D('',#1372,#1373,#1374);
#1372 = CARTESIAN_POINT('',(950.,640.,0.));
#1373 = DIRECTION('',(0.,0.,1.));
#1374 = DIRECTION('',(1.,0.,-0.));
#1375 = AXIS2_PLACEMENT_3D('',#1376,#1377,#1378);
#1376 = CARTESIAN_POINT('',(0.,680.,0.));
#1377 = DIRECTION('',(0.,0.,1.));
#1378 = DIRECTION('',(1.,0.,-0.));
#1379 = AXIS2_PLACEMENT_3D('',#1380,#1381,#1382);
#1380 = CARTESIAN_POINT('',(50.,680.,0.));
#1381 = DIRECTION('',(0.,0.,1.));
#1382 = DIRECTION('',(1.,0.,-0.));
#1383 = AXIS2_PLACEMENT_3D('',#1384,#1385,#1386);
#1384 = CARTESIAN_POINT('',(100.,680.,0.));
#1385 = DIRECTION('',(0.,0.,1.));
#1386 = DIRECTION('',(1.,0.,-0.));
#1387 = AXIS2_PLACEMENT_3D('',#1388,#1389,#1390);
#1388 = CARTESIAN_POINT('',(150.,680.,0.));
#1389 = DIRECTION('',(0.,0.,1.));
#1390 = DIRECTION('',(1.,0.,-0.));
#1391 = AXIS2_PLACEMENT_3D('',#1392,#1393,#1394);
#1392 = CARTESIAN_POINT('',(200.,680.,0.));
#1393 = DIRECTION('',(0.,0.,1.));
#1394 = DIRECTION('',(1.,0.,-0.));
#1395 = AXIS2_PLACEMENT_3D('',#1396,#1397,#1398);
#1396 = CARTESIAN_POINT('',(250.,680.,0.));
#1397 = DIRECTION('',(0.,0.,1.));
#1398 = DIRECTION('',(1.,0.,-0.));
#1399 = AXIS2_PLACEMENT_3D('',#1400,#1401,#1402);
#1400 = CARTESIAN_POINT('',(300.,680.,0.));
#1401 = DIRECTION('',(0.,0.,1.));
#1402 = DIRECTION('',(1.,0.,-0.));
#1403 = AXIS2_PLACEMENT_3D('',#1404,#1405,#1406);
#1404 = CARTESIAN_POINT('',(350.,680.,0.));
#1405 = DIRECTION('',(0.,0.,1.));
#1406 = DIRECTION('',(1.,0.,-0.));
#1407 = AXIS2_PLACEMENT_3D('',#1408,#1409,#1410);
#1408 = CARTESIAN_POINT('',(400.,680.,0.));
#1409 = DIRECTION('',(0.,0.,1.));
#1410 = DIRECTION('',(1.,0.,-0.));
#1411 = AXIS2_PLACEMENT_3D('',#1412,#1413,#1414);
#1412 = CARTESIAN_POINT('',(450.,680.,0.));
#1413 = DIRECTION('',(0.,0.,1.));
#1414 = DIRECTION('',(1.,0.,-0.));
#1415 = AXIS2_PLACEMENT_3D('',#1416,#1417,#1418);
#1416 = CARTESIAN_POINT('',(500.,680.,0.));
#1417 = DIRECTION('',(0.,0.,1.));
#1418 = DIRECTION('',(1.,0.,-0.));
#1419 = AXIS2_PLACEMENT_3D('',#1420,#1421,#1422);
#1420 = CARTESIAN_POINT('',(550.,680.,0.));
#1421 = DIRECTION('',(0.,0.,1.));
#1422 = DIRECTION('',(1.,0.,-0.));
#1423 = AXIS2_PLACEMENT_3D('',#1424,#1425,#1426);
#1424 = CARTESIAN_POINT('',(600.,680.,0.));
#1425 = DIRECTION('',(0.,0.,1.));
#1426 = DIRECTION('',(1.,0.,-0.));
#1427 = AXIS2_PLACEMENT_3D('',#1428,#1429,#1430);
#1428 = CARTESIAN_POINT('',(650.,680.,0.));
#1429 = DIRECTION('',(0.,0.,1.));
#1430 = DIRECTION('',(1.,0.,-0.));
#1431 = AXIS2_PLACEMENT_3D('',#1432,#1433,#1434);
#1432 = CARTESIAN_POINT('',(700.,680.,0.));
#1433 = DIRECTION('',(0.,0.,1.));
#1434 = DIRECTION('',(1.,0.,-0.));
#1435 = AXIS2_PLACEMENT_3D('',#1436,#1437,#1438);
#1436 = CARTESIAN_POINT('',(750.,680.,0.));
#1437 = DIRECTION('',(0.,0.,1.));
#1438 = DIRECTION('',(1.,0.,-0.));
#1439 = AXIS2_PLACEMENT_3D('',#1440,#1441,#1442);
#1440 = CARTESIAN_POINT('',(800.,680.,0.));
#1441 = DIRECTION('',(0.,0.,1.));
#1442 = DIRECTION('',(1.,0.,-0.));
#1443 = AXIS2_PLACEMENT_3D('',#1444,#1445,#1446);
#1444 = CARTESIAN_POINT('',(850.,680.,0.));
#1445 = DIRECTION('',(0.,0.,1.));
#1446 = DIRECTION('',(1.,0.,-0.));
#1447 = AXIS2_PLACEMENT_3D('',#1448,#1449,#1450);
#1448 = CARTESIAN_POINT('',(900.,680.,0.));
#1449 = DIRECTION('',(0.,0.,1.));
#1450 = DIRECTION('',(1.,0.,-0.));
#1451 = AXIS2_PLACEMENT_3D('',#1452,#1453,#1454);
#1452 = CARTESIAN_POINT('',(950.,680.,0.));
#1453 = DIRECTION('',(0.,0.,1.));
#1454 = DIRECTION('',(1.,0.,-0.));
#1455 = AXIS2_PLACEMENT_3D('',#1456,#1457,#1458);
#1456 = CARTESIAN_POINT('',(0.,720.,0.));
#1457 = DIRECTION('',(0.,0.,1.));
#1458 = DIRECTION('',(1.,0.,-0.));
#1459 = AXIS2_PLACEMENT_3D('',#1460,#1461,#1462);
#1460 = CARTESIAN_POINT('',(50.,720.,0.));
#1461 = DIRECTION('',(0.,0.,1.));
#1462 = DIRECTION('',(1.,0.,-0.));
#1463 = AXIS2_PLACEMENT_3D('',#1464,#1465,#1466);
#1464 = CARTESIAN_POINT('',(100.,720.,0.));
#1465 = DIRECTION('',(0.,0.,1.));
#1466 = DIRECTION('',(1.,0.,-0.));
#1467 = AXIS2_PLACEMENT_3D('',#1468,#1469,#1470);
#1468 = CARTESIAN_POINT('',(150.,720.,0.));
#1469 = DIRECTION('',(0.,0.,1.));
#1470 = DIRECTION('',(1.,0.,-0.));
#1471 = AXIS2_PLACEMENT_3D('',#1472,#1473,#1474);
#1472 = CARTESIAN_POINT('',(200.,720.,0.));
#1473 = DIRECTION('',(0.,0.,1.));
#1474 = DIRECTION('',(1.,0.,-0.));
#1475 = AXIS2_PLACEMENT_3D('',#1476,#1477,#1478);
#1476 = CARTESIAN_POINT('',(250.,720.,0.));
#1477 = DIRECTION('',(0.,0.,1.));
#1478 = DIRECTION('',(1.,0.,-0.));
#1479 = AXIS2_PLACEMENT_3D('',#1480,#1481,#1482);
#1480 = CARTESIAN_POINT('',(300.,720.,0.));
#1481 = DIRECTION('',(0.,0.,1.));
#1482 = DIRECTION('',(1.,0.,-0.));
#1483 = AXIS2_PLACEMENT_3D('',#1484,#1485,#1486);
#1484 = CARTESIAN_POINT('',(350.,720.,0.));
#1485 = DIRECTION('',(0.,0.,1.));
#1486 = DIRECTION('',(1.,0.,-0.));
#1487 = AXIS2_PLACEMENT_3D('',#1488,#1489,#1490);
#1488 = CARTESIAN_POINT('',(400.,720.,0.));
#1489 = DIRECTION('',(0.,0.,1.));
#1490 = DIRECTION('',(1.,0.,-0.));
#1491 = AXIS2_PLACEMENT_3D('',#1492,#1493,#1494);
#1492 = CARTESIAN_POINT('',(450.,720.,0.));
#1493 = DIRECTION('',(0.,0.,1.));
#1494 = DIRECTION('',(1.,0.,-0.));
#1495 = AXIS2_PLACEMENT_3D('',#1496,#1497,#1498);
#1496 = CARTESIAN_POINT('',(500.,720.,0.));
#1497 = DIRECTION('',(0.,0.,1.));
#1498 = DIRECTION('',(1.,0.,-0.));
#1499 = AXIS2_PLACEMENT_3D('',#1500,#1501,#1502);
#1500 = CARTESIAN_POINT('',(550.,720.,0.));
#1501 = DIRECTION('',(0.,0.,1.));
#1502 = DIRECTION('',(1.,0.,-0.));
#1503 = AXIS2_PLACEMENT_3D('',#1504,#1505,#1506);
#1504 = CARTESIAN_POINT('',(600.,720.,0.));
#1505 = DIRECTION('',(0.,0.,1.));
#1506 = DIRECTION('',(1.,0.,-0.));
#1507 = AXIS2_PLACEMENT_3D('',#1508,#1509,#1510);
#1508 = CARTESIAN_POINT('',(650.,720.,0.));
#1509 = DIRECTION('',(0.,0.,1.));
#1510 = DIRECTION('',(1.,0.,-0.));
#1511 = AXIS2_PLACEMENT_3D('',#1512,#1513,#1514);
#1512 = CARTESIAN_POINT('',(700.,720.,0.));
#1513 = DIRECTION('',(0.,0.,1.));
#1514 = DIRECTION('',(1.,0.,-0.));
#1515 = AXIS2_PLACEMENT_3D('',#1516,#1517,#1518);
#1516 = CARTESIAN_POINT('',(750.,720.,0.));
#1517 = DIRECTION('',(0.,0.,1.));
#1518 = DIRECTION('',(1.,0.,-0.));
#1519 = AXIS2_PLACEMENT_3D('',#1520,#1521,#1522);
#1520 = CARTESIAN_POINT('',(800.,720.,0.));
#1521 = DIRECTION('',(0.,0.,1.));
#1522 = DIRECTION('',(1.,0.,-0.));
#1523 = AXIS2_PLACEMENT_3D('',#1524,#1525,#1526);
#1524 = CARTESIAN_POINT('',(850.,720.,0.));
#1525 = DIRECTION('',(0.,0.,1.));
#1526 = DIRECTION('',(1.,0.,-0.));
#1527 = AXIS2_PLACEMENT_3D('',#1528,#1529,#1530);
#1528 = CARTESIAN_POINT('',(900.,720.,0.));
#1529 = DIRECTION('',(0.,0.,1.));
#1530 = DIRECTION('',(1.,0.,-0.));
#1531 = AXIS2_PLACEMENT_3D('',#1532,#1533,#1534);
#1532 = CARTESIAN_POINT('',(950.,720.,0.));
#1533 = DIRECTION('',(0.,0.,1.));
#1534 = DIRECTION('',(1.,0.,-0.));
#1535 = AXIS2_PLACEMENT_3D('',#1536,#1537,#1538);
#1536 = CARTESIAN_POINT('',(0.,760.,0.));
#1537 = DIRECTION('',(0.,0.,1.));
#1538 = DIRECTION('',(1.,0.,-0.));
#1539 = AXIS2_PLACEMENT_3D('',#1540,#1541,#1542);
#1540 = CARTESIAN_POINT('',(50.,760.,0.));
#1541 = DIRECTION('',(0.,0.,1.));
#1542 = DIRECTION('',(1.,0.,-0.));
#1543 = AXIS2_PLACEMENT_3D('',#1544,#1545,#1546);
#1544 = CARTESIAN_POINT('',(100.,760.,0.));
#1545 = DIRECTION('',(0.,0.,1.));
#1546 = DIRECTION('',(1.,0.,-0.));
#1547 = AXIS2_PLACEMENT_3D('',#1548,#1549,#1550);
#1548 = CARTESIAN_POINT('',(150.,760.,0.));
#1549 = DIRECTION('',(0.,0.,1.));
#1550 = DIRECTION('',(1.,0.,-0.));
#1551 = AXIS2_PLACEMENT_3D('',#1552,#1553,#1554);
#1552 = CARTESIAN_POINT('',(200.,760.,0.));
#1553 = DIRECTION('',(0.,0.,1.));
#1554 = DIRECTION('',(1.,0.,-0.));
#1555 = AXIS2_PLACEMENT_3D('',#1556,#1557,#1558);
#1556 = CARTESIAN_POINT('',(250.,760.,0.));
#1557 = DIRECTION('',(0.,0.,1.));
#1558 = DIRECTION('',(1.,0.,-0.));
#1559 = AXIS2_PLACEMENT_3D('',#1560,#1561,#1562);
#1560 = CARTESIAN_POINT('',(300.,760.,0.));
#1561 = DIRECTION('',(0.,0.,1.));
#1562 = DIRECTION('',(1.,0.,-0.));
#1563 = AXIS2_PLACEMENT_3D('',#1564,#1565,#1566);
#1564 = CARTESIAN_POINT('',(350.,760.,0.));
#1565 = DIRECTION('',(0.,0.,1.));
#1566 = DIRECTION('',(1.,0.,-0.));
#1567 = AXIS2_PLACEMENT_3D('',#1568,#1569,#1570);
#1568 = CARTESIAN_POINT('',(400.,760.,0.));
#1569 = DIRECTION('',(0.,0.,1.));
#1570 = DIRECTION('',(1.,0.,-0.));
#1571 = AXIS2_PLACEMENT_3D('',#1572,#1573,#1574);
#1572 = CARTESIAN_POINT('',(450.,760.,0.));
#1573 = DIRECTION('',(0.,0.,1.));
#1574 = DIRECTION('',(1.,0.,-0.));
#1575 = AXIS2_PLACEMENT_3D('',#1576,#1577,#1578);
#1576 = CARTESIAN_POINT('',(500.,760.,0.));
#1577 = DIRECTION('',(0.,0.,1.));
#1578 = DIRECTION('',(1.,0.,-0.));
#1579 = AXIS2_PLACEMENT_3D('',#1580,#1581,#1582);
#1580 = CARTESIAN_POINT('',(550.,760.,0.));
#1581 = DIRECTION('',(0.,0.,1.));
#1582 = DIRECTION('',(1.,0.,-0.));
#1583 = AXIS2_PLACEMENT_3D('',#1584,#1585,#1586);
#1584 = CARTESIAN_POINT('',(600.,760.,0.));
#1585 = DIRECTION('',(0.,0.,1.));
#1586 = DIRECTION('',(1.,0.,-0.));
#1587 = AXIS2_PLACEMENT_3D('',#1588,#1589,#1590);
#1588 = CARTESIAN_POINT('',(650.,760.,0.));
#1589 = DIRECTION('',(0.,0.,1.));
#1590 = DIRECTION('',(1.,0.,-0.));
#1591 = AXIS2_PLACEMENT_3D('',#1592,#1593,#1594);
#1592 = CARTESIAN_POINT('',(700.,760.,0.));
#1593 = DIRECTION('',(0.,0.,1.));
#1594 = DIRECTION('',(1.,0.,-0.));
#1595 = AXIS2_PLACEMENT_3D('',#1596,#1597,#1598);
#1596 = CARTESIAN_POINT('',(750.,760.,0.));
#1597 = DIRECTION('',(0.,0.,1.));
#1598 = DIRECTION('',(1.,0.,-0.));
#1599 = AXIS2_PLACEMENT_3D('',#1600,#1601,#1602);
#1600 = CARTESIAN_POINT('',(800.,760.,0.));
#1601 = DIRECTION('',(0.,0.,1.));
#1602 = DIRECTION('',(1.,0.,-0.));
#1603 = AXIS2_PLACEMENT_3D('',#1604,#1605,#1606);
#1604 = CARTESIAN_POINT('',(850.,760.,0.));
#1605 = DIRECTION('',(0.,0.,1.));
#1606 = DIRECTION('',(1.,0.,-0.));
#1607 = AXIS2_PLACEMENT_3D('',#1608,#1609,#1610);
#1608 = CARTESIAN_POINT('',(900.,760.,0.));
#1609 = DIRECTION('',(0.,0.,1.));
#1610 = DIRECTION('',(1.,0.,-0.));
#1611 = AXIS2_PLACEMENT_3D('',#1612,#1613,#1614);
#1612 = CARTESIAN_POINT('',(950.,760.,0.));
#1613 = DIRECTION('',(0.,0.,1.));
#1614 = DIRECTION('',(1.,0.,-0.));
#1615 = AXIS2_PLACEMENT_3D('',#1616,#1617,#1618);
#1616 = CARTESIAN_POINT('',(0.,800.,0.));
#1617 = DIRECTION('',(0.,0.,1.));
#1618 = DIRECTION('',(1.,0.,-0.));
#1619 = AXIS2_PLACEMENT_3D('',#1620,#1621,#1622);
#1620 = CARTESIAN_POINT('',(50.,800.,0.));
#1621 = DIRECTION('',(0.,0.,1.));
#1622 = DIRECTION('',(1.,0.,-0.));
#1623 = AXIS2_PLACEMENT_3D('',#1624,#1625,#1626);
#1624 = CARTESIAN_POINT('',(100.,800.,0.));
#1625 = DIRECTION('',(0.,0.,1.));
#1626 = DIRECTION('',(1.,0.,-0.));
#1627 = AXIS2_PLACEMENT_3D('',#1628,#1629,#1630);
#1628 = CARTESIAN_POINT('',(150.,800.,0.));
#1629 = DIRECTION('',(0.,0.,1.));
#1630 = DIRECTION('',(1.,0.,-0.));
#1631 = AXIS2_PLACEMENT_3D('',#1632,#1633,#1634);
#1632 = CARTESIAN_POINT('',(200.,800.,0.));
#1633 = DIRECTION('',(0.,0.,1.));
#1634 = DIRECTION('',(1.,0.,-0.));
#1635 = AXIS2_PLACEMENT_3D('',#1636,#1637,#1638);
#1636 = CARTESIAN_POINT('',(250.,800.,0.));
#1637 = DIRECTION('',(0.,0.,1.));
#1638 = DIRECTION('',(1.,0.,-0.));
#1639 = AXIS2_PLACEMENT_3D('',#1640,#1641,#1642);
#1640 = CARTESIAN_POINT('',(300.,800.,0.));
#1641 = DIRECTION('',(0.,0.,1.));
#1642 = DIRECTION('',(1.,0.,-0.));
#1643 = AXIS2_PLACEMENT_3D('',#1644,#1645,#1646);
#1644 = CARTESIAN_POINT('',(350.,800.,0.));
#1645 = DIRECTION('',(0.,0.,1.));
#1646 = DIRECTION('',(1.,0.,-0.));
#1647 = AXIS2_PLACEMENT_3D('',#1648,#1649,#1650);
#1648 = CARTESIAN_POINT('',(400.,800.,0.));
#1649 = DIRECTION('',(0.,0.,1.));
#1650 = DIRECTION('',(1.,0.,-0.));
#1651 = AXIS2_PLACEMENT_3D('',#1652,#1653,#1654);
#1652 = CARTESIAN_POINT('',(450.,800.,0.));
#1653 = DIRECTION('',(0.,0.,1.));
#1654 = DIRECTION('',(1.,0.,-0.));
#1655 = AXIS2_PLACEMENT_3D('',#1656,#1657,#1658);
#1656 = CARTESIAN_POINT('',(500.,800.,0.));
#1657 = DIRECTION('',(0.,0.,1.));
#1658 = DIRECTION('',(1.,0.,-0.));
#1659 = AXIS2_PLACEMENT_3D('',#1660,#1661,#1662);
#1660 = CARTESIAN_POINT('',(550.,800.,0.));
#1661 = DIRECTION('',(0.,0.,1.));
#1662 = DIRECTION('',(1.,0.,-0.));
#1663 = AXIS2_PLACEMENT_3D('',#1664,#1665,#1666);
#1664 = CARTESIAN_POINT('',(600.,800.,0.));
#1665 = DIRECTION('',(0.,0.,1.));
#1666 = DIRECTION('',(1.,0.,-0.));
#1667 = AXIS2_PLACEMENT_3D('',#1668,#1669,#1670);
#1668 = CARTESIAN_POINT('',(650.,800.,0.));
#1669 = DIRECTION('',(0.,0.,1.));
#1670 = DIRECTION('',(1.,0.,-0.));
#1671 = AXIS2_PLACEMENT_3D('',#1672,#1673,#1674);
#1672 = CARTESIAN_POINT('',(700.,800.,0.));
#1673 = DIRECTION('',(0.,0.,1.));
#1674 = DIRECTION('',(1.,0.,-0.));
#1675 = AXIS2_PLACEMENT_3D('',#1676,#1677,#1678);
#1676 = CARTESIAN_POINT('',(750.,800.,0.));
#1677 = DIRECTION('',(0.,0.,1.));
#1678 = DIRECTION('',(1.,0.,-0.));
#1679 = AXIS2_PLACEMENT_3D('',#1680,#1681,#1682);
#1680 = CARTESIAN_POINT('',(800.,800.,0.));
#1681 = DIRECTION('',(0.,0.,1.));
#1682 = DIRECTION('',(1.,0.,-0.));
#1683 = AXIS2_PLACEMENT_3D('',#1684,#1685,#1686);
#1684 = CARTESIAN_POINT('',(850.,800.,0.));
#1685 = DIRECTION('',(0.,0.,1.));
#1686 = DIRECTION('',(1.,0.,-0.));
#1687 = AXIS2_PLACEMENT_3D('',#1688,#1689,#1690);
#1688 = CARTESIAN_POINT('',(900.,800.,0.));
#1689 = DIRECTION('',(0.,0.,1.));
#1690 = DIRECTION('',(1.,0.,-0.));
#1691 = AXIS2_PLACEMENT_3D('',#1692,#1693,#1694);
#1692 = CARTESIAN_POINT('',(950.,800.,0.));
#1693 = DIRECTION('',(0.,0.,1.));
#1694 = DIRECTION('',(1.,0.,-0.));
#1695 = AXIS2_PLACEMENT_3D('',#1696,#1697,#1698);
#1696 = CARTESIAN_POINT('',(0.,840.,0.));
#1697 = DIRECTION('',(0.,0.,1.));
#1698 = DIRECTION('',(1.,0.,-0.));
#1699 = AXIS2_PLACEMENT_3D('',#1700,#1701,#1702);
#1700 = CARTESIAN_POINT('',(50.,840.,0.));
#1701 = DIRECTION('',(0.,0.,1.));
#1702 = DIRECTION('',(1.,0.,-0.));
#1703 = AXIS2_PLACEMENT_3D('',#1704,#1705,#1706);
#1704 = CARTESIAN_POINT('',(100.,840.,0.));
#1705 = DIRECTION('',(0.,0.,1.));
#1706 = DIRECTION('',(1.,0.,-0.));
#1707 = AXIS2_PLACEMENT_3D('',#1708,#1709,#1710);
#1708 = CARTESIAN_POINT('',(150.,840.,0.));
#1709 = DIRECTION('',(0.,0.,1.));
#1710 = DIRECTION('',(1.,0.,-0.));
#1711 = AXIS2_PLACEMENT_3D('',#1712,#1713,#1714);
#1712 = CARTESIAN_POINT('',(200.,840.,0.));
#1713 = DIRECTION('',(0.,0.,1.));
#1714 = DIRECTION('',(1.,0.,-0.));
#1715 = AXIS2_PLACEMENT_3D('',#1716,#1717,#1718);
#1716 = CARTESIAN_POINT('',(250.,840.,0.));
#1717 = DIRECTION('',(0.,0.,1.));
#1718 = DIRECTION('',(1.,0.,-0.));
#1719 = AXIS2_PLACEMENT_3D('',#1720,#1721,#1722);
#1720 = CARTESIAN_POINT('',(300.,840.,0.));
#1721 = DIRECTION('',(0.,0.,1.));
#1722 = DIRECTION('',(1.,0.,-0.));
#1723 = AXIS2_PLACEMENT_3D('',#1724,#1725,#1726);
#1724 = CARTESIAN_POINT('',(350.,840.,0.));
#1725 = DIRECTION('',(0.,0.,1.));
#1726 = DIRECTION('',(1.,0.,-0.));
#1727 = AXIS2_PLACEMENT_3D('',#1728,#1729,#1730);
#1728 = CARTESIAN_POINT('',(400.,840.,0.));
#1729 = DIRECTION('',(0.,0.,1.));
#1730 = DIRECTION('',(1.,0.,-0.));
#1731 = AXIS2_PLACEMENT_3D('',#1732,#1733,#1734);
#1732 = CARTESIAN_POINT('',(450.,840.,0.));
#1733 = DIRECTION('',(0.,0.,1.));
#1734 = DIRECTION('',(1.,0.,-0.));
#1735 = AXIS2_PLACEMENT_3D('',#1736,#1737,#1738);
#1736 = CARTESIAN_POINT('',(500.,840.,0.));
#1737 = DIRECTION('',(0.,0.,1.));
#1738 = DIRECTION('',(1.,0.,-0.));
#1739 = AXIS2_PLACEMENT_3D('',#1740,#1741,#1742);
#1740 = CARTESIAN_POINT('',(550.,840.,0.));
#1741 = DIRECTION('',(0.,0.,1.));
#1742 = DIRECTION('',(1.,0.,-0.));
#1743 = AXIS2_PLACEMENT_3D('',#1744,#1745,#1746);
#1744 = CARTESIAN_POINT('',(600.,840.,0.));
#1745 = DIRECTION('',(0.,0.,1.));
#1746 = DIRECTION('',(1.,0.,-0.));
#1747 = AXIS2_PLACEMENT_3D('',#1748,#1749,#1750);
#1748 = CARTESIAN_POINT('',(650.,840.,0.));
#1749 = DIRECTION('',(0.,0.,1.));
#1750 = DIRECTION('',(1.,0.,-0.));
#1751 = AXIS2_PLACEMENT_3D('',#1752,#1753,#1754);
#1752 = CARTESIAN_POINT('',(700.,840.,0.));
#1753 = DIRECTION('',(0.,0.,1.));
#1754 = DIRECTION('',(1.,0.,-0.));
#1755 = AXIS2_PLACEMENT_3D('',#1756,#1757,#1758);
#1756 = CARTESIAN_POINT('',(750.,840.,0.));
#1757 = DIRECTION('',(0.,0.,1.));
#1758 = DIRECTION('',(1.,0.,-0.));
#1759 = AXIS2_PLACEMENT_3D('',#1760,#1761,#1762);
#1760 = CARTESIAN_POINT('',(800.,840.,0.));
#1761 = DIRECTION('',(0.,0.,1.));
#1762 = DIRECTION('',(1.,0.,-0.));
#1763 = AXIS2_PLACEMENT_3D('',#1764,#1765,#1766);
#1764 = CARTESIAN_POINT('',(850.,840.,0.));
#1765 = DIRECTION('',(0.,0.,1.));
#1766 = DIRECTION('',(1.,0.,-0.));
#1767 = AXIS2_PLACEMENT_3D('',#1768,#1769,#1770);
#1768 = CARTESIAN_POINT('',(900.,840.,0.));
#1769 = DIRECTION('',(0.,0.,1.));
#1770 = DIRECTION('',(1.,0.,-0.));
#1771 = AXIS2_PLACEMENT_3D('',#1772,#1773,#1774);
#1772 = CARTESIAN_POINT('',(950.,840.,0.));
#1773 = DIRECTION('',(0.,0.,1.));
#1774 = DIRECTION('',(1.,0.,-0.));
#1775 = AXIS2_PLACEMENT_3D('',#1776,#1777,#1778);
#1776 = CARTESIAN_POINT('',(0.,880.,0.));
#1777 = DIRECTION('',(0.,0.,1.));
#1778 = DIRECTION('',(1.,0.,-0.));
#1779 = AXIS2_PLACEMENT_3D('',#1780,#1781,#1782);
#1780 = CARTESIAN_POINT('',(50.,880.,0.));
#1781 = DIRECTION('',(0.,0.,1.));
#1782 = DIRECTION('',(1.,0.,-0.));
#1783 = AXIS2_PLACEMENT_3D('',#1784,#1785,#1786);
#1784 = CARTESIAN_POINT('',(100.,880.,0.));
#1785 = DIRECTION('',(0.,0.,1.));
#1786 = DIRECTION('',(1.,0.,-0.));
#1787 = AXIS2_PLACEMENT_3D('',#1788,#1789,#1790);
#1788 = CARTESIAN_POINT('',(150.,880.,0.));
#1789 = DIRECTION('',(0.,0.,1.));
#1790 = DIRECTION('',(1.,0.,-0.));
#1791 = AXIS2_PLACEMENT_3D('',#1792,#1793,#1794);
#1792 = CARTESIAN_POINT('',(200.,880.,0.));
#1793 = DIRECTION('',(0.,0.,1.));
#1794 = DIRECTION('',(1.,0.,-0.));
#1795 = AXIS2_PLACEMENT_3D('',#1796,#1797,#1798);
#1796 = CARTESIAN_POINT('',(250.,880.,0.));
#1797 = DIRECTION('',(0.,0.,1.));
#1798 = DIRECTION('',(1.,0.,-0.));
#1799 = AXIS2_PLACEMENT_3D('',#1800,#1801,#1802);
#1800 = CARTESIAN_POINT('',(300.,880.,0.));
#1801 = DIRECTION('',(0.,0.,1.));
#1802 = DIRECTION('',(1.,0.,-0.));
#1803 = AXIS2_PLACEMENT_3D('',#1804,#1805,#1806);
#1804 = CARTESIAN_POINT('',(350.,880.,0.));
#1805 = DIRECTION('',(0.,0.,1.));
#1806 = DIRECTION('',(1.,0.,-0.));
#1807 = AXIS2_PLACEMENT_3D('',#1808,#1809,#1810);
#1808 = CARTESIAN_POINT('',(400.,880.,0.));
#1809 = DIRECTION('',(0.,0.,1.));
#1810 = DIRECTION('',(1.,0.,-0.));
#1811 = AXIS2_PLACEMENT_3D('',#1812,#1813,#1814);
#1812 = CARTESIAN_POINT('',(450.,880.,0.));
#1813 = DIRECTION('',(0.,0.,1.));
#1814 = DIRECTION('',(1.,0.,-0.));
#1815 = AXIS2_PLACEMENT_3D('',#1816,#1817,#1818);
#1816 = CARTESIAN_POINT('',(500.,880.,0.));
#1817 = DIRECTION('',(0.,0.,1.));
#1818 = DIRECTION('',(1.,0.,-0.));
#1819 = AXIS2_PLACEMENT_3D('',#1820,#1821,#1822);
#1820 = CARTESIAN_POINT('',(550.,880.,0.));
#1821 = DIRECTION('',(0.,0.,1.));
#1822 = DIRECTION('',(1.,0.,-0.));
#1823 = AXIS2_PLACEMENT_3D('',#1824,#1825,#1826);
#1824 = CARTESIAN_POINT('',(600.,880.,0.));
#1825 = DIRECTION('',(0.,0.,1.));
#1826 = DIRECTION('',(1.,0.,-0.));
#1827 = AXIS2_PLACEMENT_3D('',#1828,#1829,#1830);
#1828 = CARTESIAN_POINT('',(650.,880.,0.));
#1829 = DIRECTION('',(0.,0.,1.));
#1830 = DIRECTION('',(1.,0.,-0.));
#1831 = AXIS2_PLACEMENT_3D('',#1832,#1833,#1834);
#1832 = CARTESIAN_POINT('',(700.,880.,0.));
#1833 = DIRECTION('',(0.,0.,1.));
#1834 = DIRECTION('',(1.,0.,-0.));
#1835 = AXIS2_PLACEMENT_3D('',#1836,#1837,#1838);
#1836 = CARTESIAN_POINT('',(750.,880.,0.));
#1837 = DIRECTION('',(0.,0.,1.));
#1838 = DIRECTION('',(1.,0.,-0.));
#1839 = AXIS2_PLACEMENT_3D('',#1840,#1841,#1842);
#1840 = CARTESIAN_POINT('',(800.,880.,0.));
#1841 = DIRECTION('',(0.,0.,1.));
#1842 = DIRECTION('',(1.,0.,-0.));
#1843 = AXIS2_PLACEMENT_3D('',#1844,#1845,#1846);
#1844 = CARTESIAN_POINT('',(850.,880.,0.));
#1845 = DIRECTION('',(0.,0.,1.));
#1846 = DIRECTION('',(1.,0.,-0.));
#1847 = AXIS2_PLACEMENT_3D('',#1848,#1849,#1850);
#1848 = CARTESIAN_POINT('',(900.,880.,0.));
#1849 = DIRECTION('',(0.,0.,1.));
#1850 = DIRECTION('',(1.,0.,-0.));
#1851 = AXIS2_PLACEMENT_3D('',#1852,#1853,#1854);
#1852 = CARTESIAN_POINT('',(950.,880.,0.));
#1853 = DIRECTION('',(0.,0.,1.));
#1854 = DIRECTION('',(1.,0.,-0.));
#1855 = AXIS2_PLACEMENT_3D('',#1856,#1857,#1858);
#1856 = CARTESIAN_POINT('',(0.,920.,0.));
#1857 = DIRECTION('',(0.,0.,1.));
#1858 = DIRECTION('',(1.,0.,-0.));
#1859 = AXIS2_PLACEMENT_3D('',#1860,#1861,#1862);
#1860 = CARTESIAN_POINT('',(50.,920.,0.));
#1861 = DIRECTION('',(0.,0.,1.));
#1862 = DIRECTION('',(1.,0.,-0.));
#1863 = AXIS2_PLACEMENT_3D('',#1864,#1865,#1866);
#1864 = CARTESIAN_POINT('',(100.,920.,0.));
#1865 = DIRECTION('',(0.,0.,1.));
#1866 = DIRECTION('',(1.,0.,-0.));
#1867 = AXIS2_PLACEMENT_3D('',#1868,#1869,#1870);
#1868 = CARTESIAN_POINT('',(150.,920.,0.));
#1869 = DIRECTION('',(0.,0.,1.));
#1870 = DIRECTION('',(1.,0.,-0.));
#1871 = AXIS2_PLACEMENT_3D('',#1872,#1873,#1874);
#1872 = CARTESIAN_POINT('',(200.,920.,0.));
#1873 = DIRECTION('',(0.,0.,1.));
#1874 = DIRECTION('',(1.,0.,-0.));
#1875 = AXIS2_PLACEMENT_3D('',#1876,#1877,#1878);
#1876 = CARTESIAN_POINT('',(250.,920.,0.));
#1877 = DIRECTION('',(0.,0.,1.));
#1878 = DIRECTION('',(1.,0.,-0.));
#1879 = AXIS2_PLACEMENT_3D('',#1880,#1881,#1882);
#1880 = CARTESIAN_POINT('',(300.,920.,0.));
#1881 = DIRECTION('',(0.,0.,1.));
#1882 = DIRECTION('',(1.,0.,-0.));
#1883 = AXIS2_PLACEMENT_3D('',#1884,#1885,#1886);
#1884 = CARTESIAN_POINT('',(350.,920.,0.));
#1885 = DIRECTION('',(0.,0.,1.));
#1886 = DIRECTION('',(1.,0.,-0.));
#1887 = AXIS2_PLACEMENT_3D('',#1888,#1889,#1890);
#1888 = CARTESIAN_POINT('',(400.,920.,0.));
#1889 = DIRECTION('',(0.,0.,1.));
#1890 = DIRECTION('',(1.,0.,-0.));
#1891 = AXIS2_PLACEMENT_3D('',#1892,#1893,#1894);
#1892 = CARTESIAN_POINT('',(450.,920.,0.));
#1893 = DIRECTION('',(0.,0.,1.));
#1894 = DIRECTION('',(1.,0.,-0.));
#1895 = AXIS2_PLACEMENT_3D('',#1896,#1897,#1898);
#1896 = CARTESIAN_POINT('',(500.,920.,0.));
#1897 = DIRECTION('',(0.,0.,1.));
#1898 = DIRECTION('',(1.,0.,-0.));
#1899 = AXIS2_PLACEMENT_3D('',#1900,#1901,#1902);
#1900 = CARTESIAN_POINT('',(550.,920.,0.));
#1901 = DIRECTION('',(0.,0.,1.));
#1902 = DIRECTION('',(1.,0.,-0.));
#1903 = AXIS2_PLACEMENT_3D('',#1904,#1905,#1906);
#1904 = CARTESIAN_POINT('',(600.,920.,0.));
#1905 = DIRECTION('',(0.,0.,1.));
#1906 = DIRECTION('',(1.,0.,-0.));
#1907 = AXIS2_PLACEMENT_3D('',#1908,#1909,#1910);
#1908 = CARTESIAN_POINT('',(650.,920.,0.));
#1909 = DIRECTION('',(0.,0.,1.));
#1910 = DIRECTION('',(1.,0.,-0.));
#1911 = AXIS2_PLACEMENT_3D('',#1912,#1913,#1914);
#1912 = CARTESIAN_POINT('',(700.,920.,0.));
#1913 = DIRECTION('',(0.,0.,1.));
#1914 = DIRECTION('',(1.,0.,-0.));
#1915 = AXIS2_PLACEMENT_3D('',#1916,#1917,#1918);
#1916 = CARTESIAN_POINT('',(750.,920.,0.));
#1917 = DIRECTION('',(0.,0.,1.));
#1918 = DIRECTION('',(1.,0.,-0.));
#1919 = AXIS2_PLACEMENT_3D('',#1920,#1921,#1922);
#1920 = CARTESIAN_POINT('',(800.,920.,0.));
#1921 = DIRECTION('',(0.,0.,1.));
#1922 = DIRECTION('',(1.,0.,-0.));
#1923 = AXIS2_PLACEMENT_3D('',#1924,#1925,#1926);
#1924 = CARTESIAN_POINT('',(850.,920.,0.));
#1925 = DIRECTION('',(0.,0.,1.));
#1926 = DIRECTION('',(1.,0.,-0.));
#1927 = AXIS2_PLACEMENT_3D('',#1928,#1929,#1930);
#1928 = CARTESIAN_POINT('',(900.,920.,0.));
#1929 = DIRECTION('',(0.,0.,1.));
#1930 = DIRECTION('',(1.,0.,-0.));
#1931 = AXIS2_PLACEMENT_3D('',#1932,#1933,#1934);
#1932 = CARTESIAN_POINT('',(950.,920.,0.));
#1933 = DIRECTION('',(0.,0.,1.));
#1934 = DIRECTION('',(1.,0.,-0.));
#1935 = AXIS2_PLACEMENT_3D('',#1936,#1937,#1938);
#1936 = CARTESIAN_POINT('',(0.,960.,0.));
#1937 = DIRECTION('',(0.,0.,1.));
#1938 = DIRECTION('',(1.,0.,-0.));
#1939 = AXIS2_PLACEMENT_3D('',#1940,#1941,#1942);
#1940 = CARTESIAN_POINT('',(50.,960.,0.));
#1941 = DIRECTION('',(0.,0.,1.));
#1942 = DIRECTION('',(1.,0.,-0.));
#1943 = AXIS2_PLACEMENT_3D('',#1944,#1945,#1946);
#1944 = CARTESIAN_POINT('',(100.,960.,0.));
#1945 = DIRECTION('',(0.,0.,1.));
#1946 = DIRECTION('',(1.,0.,-0.));
#1947 = AXIS2_PLACEMENT_3D('',#1948,#1949,#1950);
#1948 = CARTESIAN_POINT('',(150.,960.,0.));
#1949 = DIRECTION('',(0.,0.,1.));
#1950 = DIRECTION('',(1.,0.,-0.));
#1951 = AXIS2_PLACEMENT_3D('',#1952,#1953,#1954);
#1952 = CARTESIAN_POINT('',(200.,960.,0.));
#1953 = DIRECTION('',(0.,0.,1.));
#1954 = DIRECTION('',(1.,0.,-0.));
#1955 = AXIS2_PLACEMENT_3D('',#1956,#1957,#1958);
#1956 = CARTESIAN_POINT('',(250.,960.,0.));
#1957 = DIRECTION('',(0.,0.,1.));
#1958 = DIRECTION('',(1.,0.,-0.));
#1959 = AXIS2_PLACEMENT_3D('',#1960,#1961,#1962);
#1960 = CARTESIAN_POINT('',(300.,960.,0.));
#1961 = DIRECTION('',(0.,0.,1.));
#1962 = DIRECTION('',(1.,0.,-0.));
#1963 = AXIS2_PLACEMENT_3D('',#1964,#1965,#1966);
#1964 = CARTESIAN_POINT('',(350.,960.,0.));
#1965 = DIRECTION('',(0.,0.,1.));
#1966 = DIRECTION('',(1.,0.,-0.));
#1967 = AXIS2_PLACEMENT_3D('',#1968,#1969,#1970);
#1968 = CARTESIAN_POINT('',(400.,960.,0.));
#1969 = DIRECTION('',(0.,0.,1.));
#1970 = DIRECTION('',(1.,0.,-0.));
#1971 = AXIS2_PLACEMENT_3D('',#1972,#1973,#1974);
#1972 = CARTESIAN_POINT('',(450.,960.,0.));
#1973 = DIRECTION('',(0.,0.,1.));
#1974 = DIRECTION('',(1.,0.,-0.));
#1975 = AXIS2_PLACEMENT_3D('',#1976,#1977,#1978);
#1976 = CARTESIAN_POINT('',(500.,960.,0.));
#1977 = DIRECTION('',(0.,0.,1.));
#1978 = DIRECTION('',(1.,0.,-0.));
#1979 = AXIS2_PLACEMENT_3D('',#1980,#1981,#1982);
#1980 = CARTESIAN_POINT('',(550.,960.,0.));
#1981 = DIRECTION('',(0.,0.,1.));
#1982 = DIRECTION('',(1.,0.,-0.));
#1983 = AXIS2_PLACEMENT_3D('',#1984,#1985,#1986);
#1984 = CARTESIAN_POINT('',(600.,960.,0.));
#1985 = DIRECTION('',(0.,0.,1.));
#1986 = DIRECTION('',(1.,0.,-0.));
#1987 = AXIS2_PLACEMENT_3D('',#1988,#1989,#1990);
#1988 = CARTESIAN_POINT('',(650.,960.,0.));
#1989 = DIRECTION('',(0.,0.,1.));
#1990 = DIRECTION('',(1.,0.,-0.));
#1991 = AXIS2_PLACEMENT_3D('',#1992,#1993,#1994);
#1992 = CARTESIAN_POINT('',(700.,960.,0.));
#1993 = DIRECTION('',(0.,0.,1.));
#1994 = DIRECTION('',(1.,0.,-0.));
#1995 = AXIS2_PLACEMENT_3D('',#1996,#1997,#1998);
#1996 = CARTESIAN_POINT('',(750.,960.,0.));
#1997 = DIRECTION('',(0.,0.,1.));
#1998 = DIRECTION('',(1.,0.,-0.));
#1999 = AXIS2_PLACEMENT_3D('',#2000,#2001,#2002);
#2000 = CARTESIAN_POINT('',(800.,960.,0.));
#2001 = DIRECTION('',(0.,0.,1.));
#2002 = DIRECTION('',(1.,0.,-0.));
#2003 = AXIS2_PLACEMENT_3D('',#2004,#2005,#2006);
#2004 = CARTESIAN_POINT('',(850.,960.,0.));
#2005 = DIRECTION('',(0.,0.,1.));
#2006 = DIRECTION('',(1.,0.,-0.));
#2007 = AXIS2_PLACEMENT_3D('',#2008,#2009,#2010);
#2008 = CARTESIAN_POINT('',(900.,960.,0.));
#2009 = DIRECTION('',(0.,0.,1.));
#2010 = DIRECTION('',(1.,0.,-0.));
#2011 = AXIS2_PLACEMENT_3D('',#2012,#2013,#2014);
#2012 = CARTESIAN_POINT('',(950.,960.,0.));
#2013 = DIRECTION('',(0.,0.,1.));
#2014 = DIRECTION('',(1.,0.,-0.));
#2015 = ( GEOMETRIC_REPRESENTATION_CONTEXT(3) 
GLOBAL_UNCERTAINTY_ASSIGNED_CONTEXT((#2019)) 
GLOBAL_UNIT_ASSIGNED_CONTEXT((#2016,#2017,#2018)) REPRESENTATION_CONTEXT
('Context #1','3D Context with UNIT and UNCERTAINTY') );
#2016 = ( LENGTH_UNIT() NAMED_UNIT(*) SI_UNIT(.MILLI.,.METRE.) );
#2017 = ( NAMED_UNIT(*) PLANE_ANGLE_UNIT() SI_UNIT($,.RADIAN.) );
#2018 = ( NAMED_UNIT(*) SI_UNIT($,.STERADIAN.) SOLID_ANGLE_UNIT() );
#2019 = UNCERTAINTY_MEASURE_WITH_UNIT(LENGTH_MEASURE(1.E-07),#2016,
  'distance_accuracy_value','confusion accuracy');
#2020 = PRODUCT_RELATED_PRODUCT_CATEGORY('part',$,(#7));
#2021 = SHAPE_DEFINITION_REPRESENTATION(#2022,#2028);
#2022 = PRODUCT_DEFINITION_SHAPE('','',#2023);
#2023 = PRODUCT_DEFINITION('design','',#2024,#2027);
#2024 = PRODUCT_DEFINITION_FORMATION('','',#2025);
#2025 = PRODUCT('COMPOUND','COMPOUND','',(#2026));
#2026 = PRODUCT_CONTEXT('',#2,'mechanical');
#2027 = PRODUCT_DEFINITION_CONTEXT('part definition',#2,'design');
#2028 = ADVANCED_BREP_SHAPE_REPRESENTATION('',(#11,#2029),#3031);
#2029 = MANIFOLD_SOLID_BREP('',#2030);
#2030 = CLOSED_SHELL('',(#2031,#2151,#2227,#2524,#2573,#2808,#2815,#2842
    ,#2869,#2896,#2923,#2950,#2977,#3004));
#2031 = ADVANCED_FACE('',(#2032),#2046,.F.);
#2032 = FACE_BOUND('',#2033,.F.);
#2033 = EDGE_LOOP('',(#2034,#2069,#2097,#2125));
#2034 = ORIENTED_EDGE('',*,*,#2035,.F.);
#2035 = EDGE_CURVE('',#2036,#2038,#2040,.T.);
#2036 = VERTEX_POINT('',#2037);
#2037 = CARTESIAN_POINT('',(0.,0.,0.));
#2038 = VERTEX_POINT('',#2039);
#2039 = CARTESIAN_POINT('',(0.,0.,6.));
#2040 = SURFACE_CURVE('',#2041,(#2045,#2057),.PCURVE_S1.);
#2041 = LINE('',#2042,#2043);
#2042 = CARTESIAN_POINT('',(0.,0.,0.));
#2043 = VECTOR('',#2044,1.);
#2044 = DIRECTION('',(0.,0.,1.));
#2045 = PCURVE('',#2046,#2051);
#2046 = PLANE('',#2047);
#2047 = AXIS2_PLACEMENT_3D('',#2048,#2049,#2050);
#2048 = CARTESIAN_POINT('',(0.,0.,0.));
#2049 = DIRECTION('',(1.,0.,-0.));
#2050 = DIRECTION('',(0.,0.,1.));
#2051 = DEFINITIONAL_REPRESENTATION('',(#2052),#2056);
#2052 = LINE('',#2053,#2054);
#2053 = CARTESIAN_POINT('',(0.,0.));
#2054 = VECTOR('',#2055,1.);
#2055 = DIRECTION('',(1.,0.));
#2056 = ( GEOMETRIC_REPRESENTATION_CONTEXT(2) 
PARAMETRIC_REPRESENTATION_CONTEXT() REPRESENTATION_CONTEXT('2D SPACE',''
  ) );
#2057 = PCURVE('',#2058,#2063);
#2058 = PLANE('',#2059);
#2059 = AXIS2_PLACEMENT_3D('',#2060,#2061,#2062);
#2060 = CARTESIAN_POINT('',(0.,0.,0.));
#2061 = DIRECTION('',(-0.,1.,0.));
#2062 = DIRECTION('',(0.,0.,1.));
#2063 = DEFINITIONAL_REPRESENTATION('',(#2064),#2068);
#2064 = LINE('',#2065,#2066);
#2065 = CARTESIAN_POINT('',(0.,0.));
#2066 = VECTOR('',#2067,1.);
#2067 = DIRECTION('',(1.,0.));
#2068 = ( GEOMETRIC_REPRESENTATION_CONTEXT(2) 
PARAMETRIC_REPRESENTATION_CONTEXT() REPRESENTATION_CONTEXT('2D SPACE',''
  ) );
#2069 = ORIENTED_EDGE('',*,*,#2070,.T.);
#2070 = EDGE_CURVE('',#2036,#2071,#2073,.T.);
#2071 = VERTEX_POINT('',#2072);
#2072 = CARTESIAN_POINT('',(0.,30.,0.));
#2073 = SURFACE_CURVE('',#2074,(#2078,#2085),.PCURVE_S1.);
#2074 = LINE('',#2075,#2076);
#2075 = CARTESIAN_POINT('',(0.,0.,0.));
#2076 = VECTOR('',#2077,1.);
#2077 = DIRECTION('',(-0.,1.,0.));
#2078 = PCURVE('',#2046,#2079);
#2079 = DEFINITIONAL_REPRESENTATION('',(#2080),#2084);
#2080 = LINE('',#2081,#2082);
#2081 = CARTESIAN_POINT('',(0.,0.));
#2082 = VECTOR('',#2083,1.);
#2083 = DIRECTION('',(0.,-1.));
#2084 = ( GEOMETRIC_REPRESENTATION_CONTEXT(2) 
PARAMETRIC_REPRESENTATION_CONTEXT() REPRESENTATION_CONTEXT('2D SPACE',''
  ) );
#2085 = PCURVE('',#2086,#2091);
#2086 = PLANE('',#2087);
#2087 = AXIS2_PLACEMENT_3D('',#2088,#2089,#2090);
#2088 = CARTESIAN_POINT('',(0.,0.,0.));
#2089 = DIRECTION('',(0.,0.,1.));
#2090 = DIRECTION('',(1.,0.,-0.));
#2091 = DEFINITIONAL_REPRESENTATION('',(#2092),#2096);
#2092 = LINE('',#2093,#2094);
#2093 = CARTESIAN_POINT('',(0.,0.));
#2094 = VECTOR('',#2095,1.);
#2095 = DIRECTION('',(0.,1.));
#2096 = ( GEOMETRIC_REPRESENTATION_CONTEXT(2) 
PARAMETRIC_REPRESENTATION_CONTEXT() REPRESENTATION_CONTEXT('2D SPACE',''
  ) );
#2097 = ORIENTED_EDGE('',*,*,#2098,.T.);
#2098 = EDGE_CURVE('',#2071,#2099,#2101,.T.);
#2099 = VERTEX_POINT('',#2100);
#2100 = CARTESIAN_POINT('',(0.,30.,6.));
#2101 = SURFACE_CURVE('',#2102,(#2106,#2113),.PCURVE_S1.);
#2102 = LINE('',#2103,#2104);
#2103 = CARTESIAN_POINT('',(0.,30.,0.));
#2104 = VECTOR('',#2105,1.);
#2105 = DIRECTION('',(0.,0.,1.));
#2106 = PCURVE('',#2046,#2107);
#2107 = DEFINITIONAL_REPRESENTATION('',(#2108),#2112);
#2108 = LINE('',#2109,#2110);
#2109 = CARTESIAN_POINT('',(0.,-30.));
#2110 = VECTOR('',#2111,1.);
#2111 = DIRECTION('',(1.,0.));
#2112 = ( GEOMETRIC_REPRESENTATION_CONTEXT(2) 
PARAMETRIC_REPRESENTATION_CONTEXT() REPRESENTATION_CONTEXT('2D SPACE',''
  ) );
#2113 = PCURVE('',#2114,#2119);
#2114 = PLANE('',#2115);
#2115 = AXIS2_PLACEMENT_3D('',#2116,#2117,#2118);
#2116 = CARTESIAN_POINT('',(0.,30.,0.));
#2117 = DIRECTION('',(-0.,1.,0.));
#2118 = DIRECTION('',(0.,0.,1.));
#2119 = DEFINITIONAL_REPRESENTATION('',(#2120),#2124);
#2120 = LINE('',#2121,#2122);
#2121 = CARTESIAN_POINT('',(0.,0.));
#2122 = VECTOR('',#2123,1.);
#2123 = DIRECTION('',(1.,0.));
#2124 = ( GEOMETRIC_REPRESENTATION_CONTEXT(2) 
PARAMETRIC_REPRESENTATION_CONTEXT() REPRESENTATION_CONTEXT('2D SPACE',''
  ) );
#2125 = ORIENTED_EDGE('',*,*,#2126,.F.);
#2126 = EDGE_CURVE('',#2038,#2099,#2127,.T.);
#2127 = SURFACE_CURVE('',#2128,(#2132,#2139),.PCURVE_S1.);
#2128 = LINE('',#2129,#2130);
#2129 = CARTESIAN_POINT('',(0.,0.,6.));
#2130 = VECTOR('',#2131,1.);
#2131 = DIRECTION('',(-0.,1.,0.));
#2132 = PCURVE('',#2046,#2133);
#2133 = DEFINITIONAL_REPRESENTATION('',(#2134),#2138);
#2134 = LINE('',#2135,#2136);
#2135 = CARTESIAN_POINT('',(6.,0.));
#2136 = VECTOR('',#2137,1.);
#2137 = DIRECTION('',(0.,-1.));
#2138 = ( GEOMETRIC_REPRESENTATION_CONTEXT(2) 
PARAMETRIC_REPRESENTATION_CONTEXT() REPRESENTATION_CONTEXT('2D SPACE',''
  ) );
#2139 = PCURVE('',#2140,#2145);
#2140 = PLANE('',#2141);
#2141 = AXIS2_PLACEMENT_3D('',#2142,#2143,#2144);
#2142 = CARTESIAN_POINT('',(0.,0.,6.));
#2143 = DIRECTION('',(0.,0.,1.));
#2144 = DIRECTION('',(1.,0.,-0.));
#2145 = DEFINITIONAL_REPRESENTATION('',(#2146),#2150);
#2146 = LINE('',#2147,#2148);
#2147 = CARTESIAN_POINT('',(0.,0.));
#2148 = VECTOR('',#2149,1.);
#2149 = DIRECTION('',(0.,1.));
#2150 = ( GEOMETRIC_REPRESENTATION_CONTEXT(2) 
PARAMETRIC_REPRESENTATION_CONTEXT() REPRESENTATION_CONTEXT('2D SPACE',''
  ) );
#2151 = ADVANCED_FACE('',(#2152),#2058,.F.);
#2152 = FACE_BOUND('',#2153,.F.);
#2153 = EDGE_LOOP('',(#2154,#2177,#2178,#2201));
#2154 = ORIENTED_EDGE('',*,*,#2155,.F.);
#2155 = EDGE_CURVE('',#2036,#2156,#2158,.T.);
#2156 = VERTEX_POINT('',#2157);
#2157 = CARTESIAN_POINT('',(40.,0.,0.));
#2158 = SURFACE_CURVE('',#2159,(#2163,#2170),.PCURVE_S1.);
#2159 = LINE('',#2160,#2161);
#2160 = CARTESIAN_POINT('',(0.,0.,0.));
#2161 = VECTOR('',#2162,1.);
#2162 = DIRECTION('',(1.,0.,-0.));
#2163 = PCURVE('',#2058,#2164);
#2164 = DEFINITIONAL_REPRESENTATION('',(#2165),#2169);
#2165 = LINE('',#2166,#2167);
#2166 = CARTESIAN_POINT('',(0.,0.));
#2167 = VECTOR('',#2168,1.);
#2168 = DIRECTION('',(0.,1.));
#2169 = ( GEOMETRIC_REPRESENTATION_CONTEXT(2) 
PARAMETRIC_REPRESENTATION_CONTEXT() REPRESENTATION_CONTEXT('2D SPACE',''
  ) );
#2170 = PCURVE('',#2086,#2171);
#2171 = DEFINITIONAL_REPRESENTATION('',(#2172),#2176);
#2172 = LINE('',#2173,#2174);
#2173 = CARTESIAN_POINT('',(0.,0.));
#2174 = VECTOR('',#2175,1.);
#2175 = DIRECTION('',(1.,0.));
#2176 = ( GEOMETRIC_REPRESENTATION_CONTEXT(2) 
PARAMETRIC_REPRESENTATION_CONTEXT() REPRESENTATION_CONTEXT('2D SPACE',''
  ) );
#2177 = ORIENTED_EDGE('',*,*,#2035,.T.);
#2178 = ORIENTED_EDGE('',*,*,#2179,.T.);
#2179 = EDGE_CURVE('',#2038,#2180,#2182,.T.);
#2180 = VERTEX_POINT('',#2181);
#2181 = CARTESIAN_POINT('',(40.,0.,6.));
#2182 = SURFACE_CURVE('',#2183,(#2187,#2194),.PCURVE_S1.);
#2183 = LINE('',#2184,#2185);
#2184 = CARTESIAN_POINT('',(0.,0.,6.));
#2185 = VECTOR('',#2186,1.);
#2186 = DIRECTION('',(1.,0.,-0.));
#2187 = PCURVE('',#2058,#2188);
#2188 = DEFINITIONAL_REPRESENTATION('',(#2189),#2193);
#2189 = LINE('',#2190,#2191);
#2190 = CARTESIAN_POINT('',(6.,0.));
#2191 = VECTOR('',#2192,1.);
#2192 = DIRECTION('',(0.,1.));
#2193 = ( GEOMETRIC_REPRESENTATION_CONTEXT(2) 
PARAMETRIC_REPRESENTATION_CONTEXT() REPRESENTATION_CONTEXT('2D SPACE',''
  ) );
#2194 = PCURVE('',#2140,#2195);
#2195 = DEFINITIONAL_REPRESENTATION('',(#2196),#2200);
#2196 = LINE('',#2197,#2198);
#2197 = CARTESIAN_POINT('',(0.,0.));
#2198 = VECTOR('',#2199,1.);
#2199 = DIRECTION('',(1.,0.));
#2200 = ( GEOMETRIC_REPRESENTATION_CONTEXT(2) 
PARAMETRIC_REPRESENTATION_CONTEXT() REPRESENTATION_CONTEXT('2D SPACE',''
  ) );
#2201 = ORIENTED_EDGE('',*,*,#2202,.F.);
#2202 = EDGE_CURVE('',#2156,#2180,#2203,.T.);
#2203 = SURFACE_CURVE('',#2204,(#2208,#2215),.PCURVE_S1.);
#2204 = LINE('',#2205,#2206);
#2205 = CARTESIAN_POINT('',(40.,0.,0.));
#2206 = VECTOR('',#2207,1.);
#2207 = DIRECTION('',(0.,0.,1.));
#2208 = PCURVE('',#2058,#2209);
#2209 = DEFINITIONAL_REPRESENTATION('',(#2210),#2214);
#2210 = LINE('',#2211,#2212);
#2211 = CARTESIAN_POINT('',(0.,40.));
#2212 = VECTOR('',#2213,1.);
#2213 = DIRECTION('',(1.,0.));
#2214 = ( GEOMETRIC_REPRESENTATION_CONTEXT(2) 
PARAMETRIC_REPRESENTATION_CONTEXT() REPRESENTATION_CONTEXT('2D SPACE',''
  ) );
#2215 = PCURVE('',#2216,#2221);
#2216 = PLANE('',#2217);
#2217 = AXIS2_PLACEMENT_3D('',#2218,#2219,#2220);
#2218 = CARTESIAN_POINT('',(40.,0.,0.));
#2219 = DIRECTION('',(1.,0.,-0.));
#2220 = DIRECTION('',(0.,0.,1.));
#2221 = DEFINITIONAL_REPRESENTATION('',(#2222),#2226);
#2222 = LINE('',#2223,#2224);
#2223 = CARTESIAN_POINT('',(0.,0.));
#2224 = VECTOR('',#2225,1.);
#2225 = DIRECTION('',(1.,0.));
#2226 = ( GEOMETRIC_REPRESENTATION_CONTEXT(2) 
PARAMETRIC_REPRESENTATION_CONTEXT() REPRESENTATION_CONTEXT('2D SPACE',''
  ) );
#2227 = ADVANCED_FACE('',(#2228,#2276,#2307,#2338,#2369,#2400,#2431,
    #2462,#2493),#2140,.T.);
#2228 = FACE_BOUND('',#2229,.T.);
#2229 = EDGE_LOOP('',(#2230,#2231,#2232,#2255));
#2230 = ORIENTED_EDGE('',*,*,#2126,.F.);
#2231 = ORIENTED_EDGE('',*,*,#2179,.T.);
#2232 = ORIENTED_EDGE('',*,*,#2233,.T.);
#2233 = EDGE_CURVE('',#2180,#2234,#2236,.T.);
#2234 = VERTEX_POINT('',#2235);
#2235 = CARTESIAN_POINT('',(40.,30.,6.));
#2236 = SURFACE_CURVE('',#2237,(#2241,#2248),.PCURVE_S1.);
#2237 = LINE('',#2238,#2239);
#2238 = CARTESIAN_POINT('',(40.,0.,6.));
#2239 = VECTOR('',#2240,1.);
#2240 = DIRECTION('',(-0.,1.,0.));
#2241 = PCURVE('',#2140,#2242);
#2242 = DEFINITIONAL_REPRESENTATION('',(#2243),#2247);
#2243 = LINE('',#2244,#2245);
#2244 = CARTESIAN_POINT('',(40.,0.));
#2245 = VECTOR('',#2246,1.);
#2246 = DIRECTION('',(0.,1.));
#2247 = ( GEOMETRIC_REPRESENTATION_CONTEXT(2) 
PARAMETRIC_REPRESENTATION_CONTEXT() REPRESENTATION_CONTEXT('2D SPACE',''
  ) );
#2248 = PCURVE('',#2216,#2249);
#2249 = DEFINITIONAL_REPRESENTATION('',(#2250),#2254);
#2250 = LINE('',#2251,#2252);
#2251 = CARTESIAN_POINT('',(6.,0.));
#2252 = VECTOR('',#2253,1.);
#2253 = DIRECTION('',(0.,-1.));
#2254 = ( GEOMETRIC_REPRESENTATION_CONTEXT(2) 
PARAMETRIC_REPRESENTATION_CONTEXT() REPRESENTATION_CONTEXT('2D SPACE',''
  ) );
#2255 = ORIENTED_EDGE('',*,*,#2256,.F.);
#2256 = EDGE_CURVE('',#2099,#2234,#2257,.T.);
#2257 = SURFACE_CURVE('',#2258,(#2262,#2269),.PCURVE_S1.);
#2258 = LINE('',#2259,#2260);
#2259 = CARTESIAN_POINT('',(0.,30.,6.));
#2260 = VECTOR('',#2261,1.);
#2261 = DIRECTION('',(1.,0.,-0.));
#2262 = PCURVE('',#2140,#2263);
#2263 = DEFINITIONAL_REPRESENTATION('',(#2264),#2268);
#2264 = LINE('',#2265,#2266);
#2265 = CARTESIAN_POINT('',(0.,30.));
#2266 = VECTOR('',#2267,1.);
#2267 = DIRECTION('',(1.,0.));
#2268 = ( GEOMETRIC_REPRESENTATION_CONTEXT(2) 
PARAMETRIC_REPRESENTATION_CONTEXT() REPRESENTATION_CONTEXT('2D SPACE',''
  ) );
#2269 = PCURVE('',#2114,#2270);
#2270 = DEFINITIONAL_REPRESENTATION('',(#2271),#2275);
#2271 = LINE('',#2272,#2273);
#2272 = CARTESIAN_POINT('',(6.,0.));
#2273 = VECTOR('',#2274,1.);
#2274 = DIRECTION('',(0.,1.));
#2275 = ( GEOMETRIC_REPRESENTATION_CONTEXT(2) 
PARAMETRIC_REPRESENTATION_CONTEXT() REPRESENTATION_CONTEXT('2D SPACE',''
  ) );
#2276 = FACE_BOUND('',#2277,.T.);
#2277 = EDGE_LOOP('',(#2278));
#2278 = ORIENTED_EDGE('',*,*,#2279,.F.);
#2279 = EDGE_CURVE('',#2280,#2280,#2282,.T.);
#2280 = VERTEX_POINT('',#2281);
#2281 = CARTESIAN_POINT('',(7.,8.,6.));
#2282 = SURFACE_CURVE('',#2283,(#2288,#2295),.PCURVE_S1.);
#2283 = CIRCLE('',#2284,2.);
#2284 = AXIS2_PLACEMENT_3D('',#2285,#2286,#2287);
#2285 = CARTESIAN_POINT('',(5.,8.,6.));
#2286 = DIRECTION('',(0.,0.,1.));
#2287 = DIRECTION('',(1.,0.,-0.));
#2288 = PCURVE('',#2140,#2289);
#2289 = DEFINITIONAL_REPRESENTATION('',(#2290),#2294);
#2290 = CIRCLE('',#2291,2.);
#2291 = AXIS2_PLACEMENT_2D('',#2292,#2293);
#2292 = CARTESIAN_POINT('',(5.,8.));
#2293 = DIRECTION('',(1.,0.));
#2294 = ( GEOMETRIC_REPRESENTATION_CONTEXT(2) 
PARAMETRIC_REPRESENTATION_CONTEXT() REPRESENTATION_CONTEXT('2D SPACE',''
  ) );
#2295 = PCURVE('',#2296,#2301);
#2296 = CYLINDRICAL_SURFACE('',#2297,2.);
#2297 = AXIS2_PLACEMENT_3D('',#2298,#2299,#2300);
#2298 = CARTESIAN_POINT('',(5.,8.,-1.));
#2299 = DIRECTION('',(0.,0.,1.));
#2300 = DIRECTION('',(1.,0.,-0.));
#2301 = DEFINITIONAL_REPRESENTATION('',(#2302),#2306);
#2302 = LINE('',#2303,#2304);
#2303 = CARTESIAN_POINT('',(0.,7.));
#2304 = VECTOR('',#2305,1.);
#2305 = DIRECTION('',(1.,0.));
#2306 = ( GEOMETRIC_REPRESENTATION_CONTEXT(2) 
PARAMETRIC_REPRESENTATION_CONTEXT() REPRESENTATION_CONTEXT('2D SPACE',''
  ) );
#2307 = FACE_BOUND('',#2308,.T.);
#2308 = EDGE_LOOP('',(#2309));
#2309 = ORIENTED_EDGE('',*,*,#2310,.F.);
#2310 = EDGE_CURVE('',#2311,#2311,#2313,.T.);
#2311 = VERTEX_POINT('',#2312);
#2312 = CARTESIAN_POINT('',(17.,8.,6.));
#2313 = SURFACE_CURVE('',#2314,(#2319,#2326),.PCURVE_S1.);
#2314 = CIRCLE('',#2315,2.);
#2315 = AXIS2_PLACEMENT_3D('',#2316,#2317,#2318);
#2316 = CARTESIAN_POINT('',(15.,8.,6.));
#2317 = DIRECTION('',(0.,0.,1.));
#2318 = DIRECTION('',(1.,0.,-0.));
#2319 = PCURVE('',#2140,#2320);
#2320 = DEFINITIONAL_REPRESENTATION('',(#2321),#2325);
#2321 = CIRCLE('',#2322,2.);
#2322 = AXIS2_PLACEMENT_2D('',#2323,#2324);
#2323 = CARTESIAN_POINT('',(15.,8.));
#2324 = DIRECTION('',(1.,0.));
#2325 = ( GEOMETRIC_REPRESENTATION_CONTEXT(2) 
PARAMETRIC_REPRESENTATION_CONTEXT() REPRESENTATION_CONTEXT('2D SPACE',''
  ) );
#2326 = PCURVE('',#2327,#2332);
#2327 = CYLINDRICAL_SURFACE('',#2328,2.);
#2328 = AXIS2_PLACEMENT_3D('',#2329,#2330,#2331);
#2329 = CARTESIAN_POINT('',(15.,8.,-1.));
#2330 = DIRECTION('',(0.,0.,1.));
#2331 = DIRECTION('',(1.,0.,-0.));
#2332 = DEFINITIONAL_REPRESENTATION('',(#2333),#2337);
#2333 = LINE('',#2334,#2335);
#2334 = CARTESIAN_POINT('',(0.,7.));
#2335 = VECTOR('',#2336,1.);
#2336 = DIRECTION('',(1.,0.));
#2337 = ( GEOMETRIC_REPRESENTATION_CONTEXT(2) 
PARAMETRIC_REPRESENTATION_CONTEXT() REPRESENTATION_CONTEXT('2D SPACE',''
  ) );
#2338 = FACE_BOUND('',#2339,.T.);
#2339 = EDGE_LOOP('',(#2340));
#2340 = ORIENTED_EDGE('',*,*,#2341,.F.);
#2341 = EDGE_CURVE('',#2342,#2342,#2344,.T.);
#2342 = VERTEX_POINT('',#2343);
#2343 = CARTESIAN_POINT('',(27.,8.,6.));
#2344 = SURFACE_CURVE('',#2345,(#2350,#2357),.PCURVE_S1.);
#2345 = CIRCLE('',#2346,2.);
#2346 = AXIS2_PLACEMENT_3D('',#2347,#2348,#2349);
#2347 = CARTESIAN_POINT('',(25.,8.,6.));
#2348 = DIRECTION('',(0.,0.,1.));
#2349 = DIRECTION('',(1.,0.,-0.));
#2350 = PCURVE('',#2140,#2351);
#2351 = DEFINITIONAL_REPRESENTATION('',(#2352),#2356);
#2352 = CIRCLE('',#2353,2.);
#2353 = AXIS2_PLACEMENT_2D('',#2354,#2355);
#2354 = CARTESIAN_POINT('',(25.,8.));
#2355 = DIRECTION('',(1.,0.));
#2356 = ( GEOMETRIC_REPRESENTATION_CONTEXT(2) 
PARAMETRIC_REPRESENTATION_CONTEXT() REPRESENTATION_CONTEXT('2D SPACE',''
  ) );
#2357 = PCURVE('',#2358,#2363);
#2358 = CYLINDRICAL_SURFACE('',#2359,2.);
#2359 = AXIS2_PLACEMENT_3D('',#2360,#2361,#2362);
#2360 = CARTESIAN_POINT('',(25.,8.,-1.));
#2361 = DIRECTION('',(0.,0.,1.));
#2362 = DIRECTION('',(1.,0.,-0.));
#2363 = DEFINITIONAL_REPRESENTATION('',(#2364),#2368);
#2364 = LINE('',#2365,#2366);
#2365 = CARTESIAN_POINT('',(0.,7.));
#2366 = VECTOR('',#2367,1.);
#2367 = DIRECTION('',(1.,0.));
#2368 = ( GEOMETRIC_REPRESENTATION_CONTEXT(2) 
PARAMETRIC_REPRESENTATION_CONTEXT() REPRESENTATION_CONTEXT('2D SPACE',''
  ) );
#2369 = FACE_BOUND('',#2370,.T.);
#2370 = EDGE_LOOP('',(#2371));
#2371 = ORIENTED_EDGE('',*,*,#2372,.F.);
#2372 = EDGE_CURVE('',#2373,#2373,#2375,.T.);
#2373 = VERTEX_POINT('',#2374);
#2374 = CARTESIAN_POINT('',(37.,8.,6.));
#2375 = SURFACE_CURVE('',#2376,(#2381,#2388),.PCURVE_S1.);
#2376 = CIRCLE('',#2377,2.);
#2377 = AXIS2_PLACEMENT_3D('',#2378,#2379,#2380);
#2378 = CARTESIAN_POINT('',(35.,8.,6.));
#2379 = DIRECTION('',(0.,0.,1.));
#2380 = DIRECTION('',(1.,0.,-0.));
#2381 = PCURVE('',#2140,#2382);
#2382 = DEFINITIONAL_REPRESENTATION('',(#2383),#2387);
#2383 = CIRCLE('',#2384,2.);
#2384 = AXIS2_PLACEMENT_2D('',#2385,#2386);
#2385 = CARTESIAN_POINT('',(35.,8.));
#2386 = DIRECTION('',(1.,0.));
#2387 = ( GEOMETRIC_REPRESENTATION_CONTEXT(2) 
PARAMETRIC_REPRESENTATION_CONTEXT() REPRESENTATION_CONTEXT('2D SPACE',''
  ) );
#2388 = PCURVE('',#2389,#2394);
#2389 = CYLINDRICAL_SURFACE('',#2390,2.);
#2390 = AXIS2_PLACEMENT_3D('',#2391,#2392,#2393);
#2391 = CARTESIAN_POINT('',(35.,8.,-1.));
#2392 = DIRECTION('',(0.,0.,1.));
#2393 = DIRECTION('',(1.,0.,-0.));
#2394 = DEFINITIONAL_REPRESENTATION('',(#2395),#2399);
#2395 = LINE('',#2396,#2397);
#2396 = CARTESIAN_POINT('',(0.,7.));
#2397 = VECTOR('',#2398,1.);
#2398 = DIRECTION('',(1.,0.));
#2399 = ( GEOMETRIC_REPRESENTATION_CONTEXT(2) 
PARAMETRIC_REPRESENTATION_CONTEXT() REPRESENTATION_CONTEXT('2D SPACE',''
  ) );
#2400 = FACE_BOUND('',#2401,.T.);
#2401 = EDGE_LOOP('',(#2402));
#2402 = ORIENTED_EDGE('',*,*,#2403,.F.);
#2403 = EDGE_CURVE('',#2404,#2404,#2406,.T.);
#2404 = VERTEX_POINT('',#2405);
#2405 = CARTESIAN_POINT('',(7.,22.,6.));
#2406 = SURFACE_CURVE('',#2407,(#2412,#2419),.PCURVE_S1.);
#2407 = CIRCLE('',#2408,2.);
#2408 = AXIS2_PLACEMENT_3D('',#2409,#2410,#2411);
#2409 = CARTESIAN_POINT('',(5.,22.,6.));
#2410 = DIRECTION('',(0.,0.,1.));
#2411 = DIRECTION('',(1.,0.,-0.));
#2412 = PCURVE('',#2140,#2413);
#2413 = DEFINITIONAL_REPRESENTATION('',(#2414),#2418);
#2414 = CIRCLE('',#2415,2.);
#2415 = AXIS2_PLACEMENT_2D('',#2416,#2417);
#2416 = CARTESIAN_POINT('',(5.,22.));
#2417 = DIRECTION('',(1.,0.));
#2418 = ( GEOMETRIC_REPRESENTATION_CONTEXT(2) 
PARAMETRIC_REPRESENTATION_CONTEXT() REPRESENTATION_CONTEXT('2D SPACE',''
  ) );
#2419 = PCURVE('',#2420,#2425);
#2420 = CYLINDRICAL_SURFACE('',#2421,2.);
#2421 = AXIS2_PLACEMENT_3D('',#2422,#2423,#2424);
#2422 = CARTESIAN_POINT('',(5.,22.,-1.));
#2423 = DIRECTION('',(0.,0.,1.));
#2424 = DIRECTION('',(1.,0.,-0.));
#2425 = DEFINITIONAL_REPRESENTATION('',(#2426),#2430);
#2426 = LINE('',#2427,#2428);
#2427 = CARTESIAN_POINT('',(0.,7.));
#2428 = VECTOR('',#2429,1.);
#2429 = DIRECTION('',(1.,0.));
#2430 = ( GEOMETRIC_REPRESENTATION_CONTEXT(2) 
PARAMETRIC_REPRESENTATION_CONTEXT() REPRESENTATION_CONTEXT('2D SPACE',''
  ) );
#2431 = FACE_BOUND('',#2432,.T.);
#2432 = EDGE_LOOP('',(#2433));
#2433 = ORIENTED_EDGE('',*,*,#2434,.F.);
#2434 = EDGE_CURVE('',#2435,#2435,#2437,.T.);
#2435 = VERTEX_POINT('',#2436);
#2436 = CARTESIAN_POINT('',(17.,22.,6.));
#2437 = SURFACE_CURVE('',#2438,(#2443,#2450),.PCURVE_S1.);
#2438 = CIRCLE('',#2439,2.);
#2439 = AXIS2_PLACEMENT_3D('',#2440,#2441,#2442);
#2440 = CARTESIAN_POINT('',(15.,22.,6.));
#2441 = DIRECTION('',(0.,0.,1.));
#2442 = DIRECTION('',(1.,0.,-0.));
#2443 = PCURVE('',#2140,#2444);
#2444 = DEFINITIONAL_REPRESENTATION('',(#2445),#2449);
#2445 = CIRCLE('',#2446,2.);
#2446 = AXIS2_PLACEMENT_2D('',#2447,#2448);
#2447 = CARTESIAN_POINT('',(15.,22.));
#2448 = DIRECTION('',(1.,0.));
#2449 = ( GEOMETRIC_REPRESENTATION_CONTEXT(2) 
PARAMETRIC_REPRESENTATION_CONTEXT() REPRESENTATION_CONTEXT('2D SPACE',''
  ) );
#2450 = PCURVE('',#2451,#2456);
#2451 = CYLINDRICAL_SURFACE('',#2452,2.);
#2452 = AXIS2_PLACEMENT_3D('',#2453,#2454,#2455);
#2453 = CARTESIAN_POINT('',(15.,22.,-1.));
#2454 = DIRECTION('',(0.,0.,1.));
#2455 = DIRECTION('',(1.,0.,-0.));
#2456 = DEFINITIONAL_REPRESENTATION('',(#2457),#2461);
#2457 = LINE('',#2458,#2459);
#2458 = CARTESIAN_POINT('',(0.,7.));
#2459 = VECTOR('',#2460,1.);
#2460 = DIRECTION('',(1.,0.));
#2461 = ( GEOMETRIC_REPRESENTATION_CONTEXT(2) 
PARAMETRIC_REPRESENTATION_CONTEXT() REPRESENTATION_CONTEXT('2D SPACE',''
  ) );
#2462 = FACE_BOUND('',#2463,.T.);
#2463 = EDGE_LOOP('',(#2464));
#2464 = ORIENTED_EDGE('',*,*,#2465,.F.);
#2465 = EDGE_CURVE('',#2466,#2466,#2468,.T.);
#2466 = VERTEX_POINT('',#2467);
#2467 = CARTESIAN_POINT('',(27.,22.,6.));
#2468 = SURFACE_CURVE('',#2469,(#2474,#2481),.PCURVE_S1.);
#2469 = CIRCLE('',#2470,2.);
#2470 = AXIS2_PLACEMENT_3D('',#2471,#2472,#2473);
#2471 = CARTESIAN_POINT('',(25.,22.,6.));
#2472 = DIRECTION('',(0.,0.,1.));
#2473 = DIRECTION('',(1.,0.,-0.));
#2474 = PCURVE('',#2140,#2475);
#2475 = DEFINITIONAL_REPRESENTATION('',(#2476),#2480);
#2476 = CIRCLE('',#2477,2.);
#2477 = AXIS2_PLACEMENT_2D('',#2478,#2479);
#2478 = CARTESIAN_POINT('',(25.,22.));
#2479 = DIRECTION('',(1.,0.));
#2480 = ( GEOMETRIC_REPRESENTATION_CONTEXT(2) 
PARAMETRIC_REPRESENTATION_CONTEXT() REPRESENTATION_CONTEXT('2D SPACE',''
  ) );
#2481 = PCURVE('',#2482,#2487);
#2482 = CYLINDRICAL_SURFACE('',#2483,2.);
#2483 = AXIS2_PLACEMENT_3D('',#2484,#2485,#2486);
#2484 = CARTESIAN_POINT('',(25.,22.,-1.));
#2485 = DIRECTION('',(0.,0.,1.));
#2486 = DIRECTION('',(1.,0.,-0.));
#2487 = DEFINITIONAL_REPRESENTATION('',(#2488),#2492);
#2488 = LINE('',#2489,#2490);
#2489 = CARTESIAN_POINT('',(0.,7.));
#2490 = VECTOR('',#2491,1.);
#2491 = DIRECTION('',(1.,0.));
#2492 = ( GEOMETRIC_REPRESENTATION_CONTEXT(2) 
PARAMETRIC_REPRESENTATION_CONTEXT() REPRESENTATION_CONTEXT('2D SPACE',''
  ) );
#2493 = FACE_BOUND('',#2494,.T.);
#2494 = EDGE_LOOP('',(#2495));
#2495 = ORIENTED_EDGE('',*,*,#2496,.F.);
#2496 = EDGE_CURVE('',#2497,#2497,#2499,.T.);
#2497 = VERTEX_POINT('',#2498);
#2498 = CARTESIAN_POINT('',(37.,22.,6.));
#2499 = SURFACE_CURVE('',#2500,(#2505,#2512),.PCURVE_S1.);
#2500 = CIRCLE('',#2501,2.);
#2501 = AXIS2_PLACEMENT_3D('',#2502,#2503,#2504);
#2502 = CARTESIAN_POINT('',(35.,22.,6.));
#2503 = DIRECTION('',(0.,0.,1.));
#2504 = DIRECTION('',(1.,0.,-0.));
#2505 = PCURVE('',#2140,#2506);
#2506 = DEFINITIONAL_REPRESENTATION('',(#2507),#2511);
#2507 = CIRCLE('',#2508,2.);
#2508 = AXIS2_PLACEMENT_2D('',#2509,#2510);
#2509 = CARTESIAN_POINT('',(35.,22.));
#2510 = DIRECTION('',(1.,0.));
#2511 = ( GEOMETRIC_REPRESENTATION_CONTEXT(2) 
PARAMETRIC_REPRESENTATION_CONTEXT() REPRESENTATION_CONTEXT('2D SPACE',''
  ) );
#2512 = PCURVE('',#2513,#2518);
#2513 = CYLINDRICAL_SURFACE('',#2514,2.);
#2514 = AXIS2_PLACEMENT_3D('',#2515,#2516,#2517);
#2515 = CARTESIAN_POINT('',(35.,22.,-1.));
#2516 = DIRECTION('',(0.,0.,1.));
#2517 = DIRECTION('',(1.,0.,-0.));
#2518 = DEFINITIONAL_REPRESENTATION('',(#2519),#2523);
#2519 = LINE('',#2520,#2521);
#2520 = CARTESIAN_POINT('',(0.,7.));
#2521 = VECTOR('',#2522,1.);
#2522 = DIRECTION('',(1.,0.));
#2523 = ( GEOMETRIC_REPRESENTATION_CONTEXT(2) 
PARAMETRIC_REPRESENTATION_CONTEXT() REPRESENTATION_CONTEXT('2D SPACE',''
  ) );
#2524 = ADVANCED_FACE('',(#2525),#2114,.T.);
#2525 = FACE_BOUND('',#2526,.T.);
#2526 = EDGE_LOOP('',(#2527,#2550,#2551,#2552));
#2527 = ORIENTED_EDGE('',*,*,#2528,.F.);
#2528 = EDGE_CURVE('',#2071,#2529,#2531,.T.);
#2529 = VERTEX_POINT('',#2530);
#2530 = CARTESIAN_POINT('',(40.,30.,0.));
#2531 = SURFACE_CURVE('',#2532,(#2536,#2543),.PCURVE_S1.);
#2532 = LINE('',#2533,#2534);
#2533 = CARTESIAN_POINT('',(0.,30.,0.));
#2534 = VECTOR('',#2535,1.);
#2535 = DIRECTION('',(1.,0.,-0.));
#2536 = PCURVE('',#2114,#2537);
#2537 = DEFINITIONAL_REPRESENTATION('',(#2538),#2542);
#2538 = LINE('',#2539,#2540);
#2539 = CARTESIAN_POINT('',(0.,0.));
#2540 = VECTOR('',#2541,1.);
#2541 = DIRECTION('',(0.,1.));
#2542 = ( GEOMETRIC_REPRESENTATION_CONTEXT(2) 
PARAMETRIC_REPRESENTATION_CONTEXT() REPRESENTATION_CONTEXT('2D SPACE',''
  ) );
#2543 = PCURVE('',#2086,#2544);
#2544 = DEFINITIONAL_REPRESENTATION('',(#2545),#2549);
#2545 = LINE('',#2546,#2547);
#2546 = CARTESIAN_POINT('',(0.,30.));
#2547 = VECTOR('',#2548,1.);
#2548 = DIRECTION('',(1.,0.));
#2549 = ( GEOMETRIC_REPRESENTATION_CONTEXT(2) 
PARAMETRIC_REPRESENTATION_CONTEXT() REPRESENTATION_CONTEXT('2D SPACE',''
  ) );
#2550 = ORIENTED_EDGE('',*,*,#2098,.T.);
#2551 = ORIENTED_EDGE('',*,*,#2256,.T.);
#2552 = ORIENTED_EDGE('',*,*,#2553,.F.);
#2553 = EDGE_CURVE('',#2529,#2234,#2554,.T.);
#2554 = SURFACE_CURVE('',#2555,(#2559,#2566),.PCURVE_S1.);
#2555 = LINE('',#2556,#2557);
#2556 = CARTESIAN_POINT('',(40.,30.,0.));
#2557 = VECTOR('',#2558,1.);
#2558 = DIRECTION('',(0.,0.,1.));
#2559 = PCURVE('',#2114,#2560);
#2560 = DEFINITIONAL_REPRESENTATION('',(#2561),#2565);
#2561 = LINE('',#2562,#2563);
#2562 = CARTESIAN_POINT('',(0.,40.));
#2563 = VECTOR('',#2564,1.);
#2564 = DIRECTION('',(1.,0.));
#2565 = ( GEOMETRIC_REPRESENTATION_CONTEXT(2) 
PARAMETRIC_REPRESENTATION_CONTEXT() REPRESENTATION_CONTEXT('2D SPACE',''
  ) );
#2566 = PCURVE('',#2216,#2567);
#2567 = DEFINITIONAL_REPRESENTATION('',(#2568),#2572);
#2568 = LINE('',#2569,#2570);
#2569 = CARTESIAN_POINT('',(0.,-30.));
#2570 = VECTOR('',#2571,1.);
#2571 = DIRECTION('',(1.,0.));
#2572 = ( GEOMETRIC_REPRESENTATION_CONTEXT(2) 
PARAMETRIC_REPRESENTATION_CONTEXT() REPRESENTATION_CONTEXT('2D SPACE',''
  ) );
#2573 = ADVANCED_FACE('',(#2574,#2600,#2626,#2652,#2678,#2704,#2730,
    #2756,#2782),#2086,.F.);
#2574 = FACE_BOUND('',#2575,.F.);
#2575 = EDGE_LOOP('',(#2576,#2577,#2578,#2599));
#2576 = ORIENTED_EDGE('',*,*,#2070,.F.);
#2577 = ORIENTED_EDGE('',*,*,#2155,.T.);
#2578 = ORIENTED_EDGE('',*,*,#2579,.T.);
#2579 = EDGE_CURVE('',#2156,#2529,#2580,.T.);
#2580 = SURFACE_CURVE('',#2581,(#2585,#2592),.PCURVE_S1.);
#2581 = LINE('',#2582,#2583);
#2582 = CARTESIAN_POINT('',(40.,0.,0.));
#2583 = VECTOR('',#2584,1.);
#2584 = DIRECTION('',(-0.,1.,0.));
#2585 = PCURVE('',#2086,#2586);
#2586 = DEFINITIONAL_REPRESENTATION('',(#2587),#2591);
#2587 = LINE('',#2588,#2589);
#2588 = CARTESIAN_POINT('',(40.,0.));
#2589 = VECTOR('',#2590,1.);
#2590 = DIRECTION('',(0.,1.));
#2591 = ( GEOMETRIC_REPRESENTATION_CONTEXT(2) 
PARAMETRIC_REPRESENTATION_CONTEXT() REPRESENTATION_CONTEXT('2D SPACE',''
  ) );
#2592 = PCURVE('',#2216,#2593);
#2593 = DEFINITIONAL_REPRESENTATION('',(#2594),#2598);
#2594 = LINE('',#2595,#2596);
#2595 = CARTESIAN_POINT('',(0.,0.));
#2596 = VECTOR('',#2597,1.);
#2597 = DIRECTION('',(0.,-1.));
#2598 = ( GEOMETRIC_REPRESENTATION_CONTEXT(2) 
PARAMETRIC_REPRESENTATION_CONTEXT() REPRESENTATION_CONTEXT('2D SPACE',''
  ) );
#2599 = ORIENTED_EDGE('',*,*,#2528,.F.);
#2600 = FACE_BOUND('',#2601,.F.);
#2601 = EDGE_LOOP('',(#2602));
#2602 = ORIENTED_EDGE('',*,*,#2603,.F.);
#2603 = EDGE_CURVE('',#2604,#2604,#2606,.T.);
#2604 = VERTEX_POINT('',#2605);
#2605 = CARTESIAN_POINT('',(7.,8.,0.));
#2606 = SURFACE_CURVE('',#2607,(#2612,#2619),.PCURVE_S1.);
#2607 = CIRCLE('',#2608,2.);
#2608 = AXIS2_PLACEMENT_3D('',#2609,#2610,#2611);
#2609 = CARTESIAN_POINT('',(5.,8.,0.));
#2610 = DIRECTION('',(0.,0.,1.));
#2611 = DIRECTION('',(1.,0.,-0.));
#2612 = PCURVE('',#2086,#2613);
#2613 = DEFINITIONAL_REPRESENTATION('',(#2614),#2618);
#2614 = CIRCLE('',#2615,2.);
#2615 = AXIS2_PLACEMENT_2D('',#2616,#2617);
#2616 = CARTESIAN_POINT('',(5.,8.));
#2617 = DIRECTION('',(1.,0.));
#2618 = ( GEOMETRIC_REPRESENTATION_CONTEXT(2) 
PARAMETRIC_REPRESENTATION_CONTEXT() REPRESENTATION_CONTEXT('2D SPACE',''
  ) );
#2619 = PCURVE('',#2296,#2620);
#2620 = DEFINITIONAL_REPRESENTATION('',(#2621),#2625);
#2621 = LINE('',#2622,#2623);
#2622 = CARTESIAN_POINT('',(0.,1.));
#2623 = VECTOR('',#2624,1.);
#2624 = DIRECTION('',(1.,0.));
#2625 = ( GEOMETRIC_REPRESENTATION_CONTEXT(2) 
PARAMETRIC_REPRESENTATION_CONTEXT() REPRESENTATION_CONTEXT('2D SPACE',''
  ) );
#2626 = FACE_BOUND('',#2627,.F.);
#2627 = EDGE_LOOP('',(#2628));
#2628 = ORIENTED_EDGE('',*,*,#2629,.F.);
#2629 = EDGE_CURVE('',#2630,#2630,#2632,.T.);
#2630 = VERTEX_POINT('',#2631);
#2631 = CARTESIAN_POINT('',(17.,8.,0.));
#2632 = SURFACE_CURVE('',#2633,(#2638,#2645),.PCURVE_S1.);
#2633 = CIRCLE('',#2634,2.);
#2634 = AXIS2_PLACEMENT_3D('',#2635,#2636,#2637);
#2635 = CARTESIAN_POINT('',(15.,8.,0.));
#2636 = DIRECTION('',(0.,0.,1.));
#2637 = DIRECTION('',(1.,0.,-0.));
#2638 = PCURVE('',#2086,#2639);
#2639 = DEFINITIONAL_REPRESENTATION('',(#2640),#2644);
#2640 = CIRCLE('',#2641,2.);
#2641 = AXIS2_PLACEMENT_2D('',#2642,#2643);
#2642 = CARTESIAN_POINT('',(15.,8.));
#2643 = DIRECTION('',(1.,0.));
#2644 = ( GEOMETRIC_REPRESENTATION_CONTEXT(2) 
PARAMETRIC_REPRESENTATION_CONTEXT() REPRESENTATION_CONTEXT('2D SPACE',''
  ) );
#2645 = PCURVE('',#2327,#2646);
#2646 = DEFINITIONAL_REPRESENTATION('',(#2647),#2651);
#2647 = LINE('',#2648,#2649);
#2648 = CARTESIAN_POINT('',(0.,1.));
#2649 = VECTOR('',#2650,1.);
#2650 = DIRECTION('',(1.,0.));
#2651 = ( GEOMETRIC_REPRESENTATION_CONTEXT(2) 
PARAMETRIC_REPRESENTATION_CONTEXT() REPRESENTATION_CONTEXT('2D SPACE',''
  ) );
#2652 = FACE_BOUND('',#2653,.F.);
#2653 = EDGE_LOOP('',(#2654));
#2654 = ORIENTED_EDGE('',*,*,#2655,.F.);
#2655 = EDGE_CURVE('',#2656,#2656,#2658,.T.);
#2656 = VERTEX_POINT('',#2657);
#2657 = CARTESIAN_POINT('',(27.,8.,0.));
#2658 = SURFACE_CURVE('',#2659,(#2664,#2671),.PCURVE_S1.);
#2659 = CIRCLE('',#2660,2.);
#2660 = AXIS2_PLACEMENT_3D('',#2661,#2662,#2663);
#2661 = CARTESIAN_POINT('',(25.,8.,0.));
#2662 = DIRECTION('',(0.,0.,1.));
#2663 = DIRECTION('',(1.,0.,-0.));
#2664 = PCURVE('',#2086,#2665);
#2665 = DEFINITIONAL_REPRESENTATION('',(#2666),#2670);
#2666 = CIRCLE('',#2667,2.);
#2667 = AXIS2_PLACEMENT_2D('',#2668,#2669);
#2668 = CARTESIAN_POINT('',(25.,8.));
#2669 = DIRECTION('',(1.,0.));
#2670 = ( GEOMETRIC_REPRESENTATION_CONTEXT(2) 
PARAMETRIC_REPRESENTATION_CONTEXT() REPRESENTATION_CONTEXT('2D SPACE',''
  ) );
#2671 = PCURVE('',#2358,#2672);
#2672 = DEFINITIONAL_REPRESENTATION('',(#2673),#2677);
#2673 = LINE('',#2674,#2675);
#2674 = CARTESIAN_POINT('',(0.,1.));
#2675 = VECTOR('',#2676,1.);
#2676 = DIRECTION('',(1.,0.));
#2677 = ( GEOMETRIC_REPRESENTATION_CONTEXT(2) 
PARAMETRIC_REPRESENTATION_CONTEXT() REPRESENTATION_CONTEXT('2D SPACE',''
  ) );
#2678 = FACE_BOUND('',#2679,.F.);
#2679 = EDGE_LOOP('',(#2680));
#2680 = ORIENTED_EDGE('',*,*,#2681,.F.);
#2681 = EDGE_CURVE('',#2682,#2682,#2684,.T.);
#2682 = VERTEX_POINT('',#2683);
#2683 = CARTESIAN_POINT('',(37.,8.,0.));
#2684 = SURFACE_CURVE('',#2685,(#2690,#2697),.PCURVE_S1.);
#2685 = CIRCLE('',#2686,2.);
#2686 = AXIS2_PLACEMENT_3D('',#2687,#2688,#2689);
#2687 = CARTESIAN_POINT('',(35.,8.,0.));
#2688 = DIRECTION('',(0.,0.,1.));
#2689 = DIRECTION('',(1.,0.,-0.));
#2690 = PCURVE('',#2086,#2691);
#2691 = DEFINITIONAL_REPRESENTATION('',(#2692),#2696);
#2692 = CIRCLE('',#2693,2.);
#2693 = AXIS2_PLACEMENT_2D('',#2694,#2695);
#2694 = CARTESIAN_POINT('',(35.,8.));
#2695 = DIRECTION('',(1.,0.));
#2696 = ( GEOMETRIC_REPRESENTATION_CONTEXT(2) 
PARAMETRIC_REPRESENTATION_CONTEXT() REPRESENTATION_CONTEXT('2D SPACE',''
  ) );
#2697 = PCURVE('',#2389,#2698);
#2698 = DEFINITIONAL_REPRESENTATION('',(#2699),#2703);
#2699 = LINE('',#2700,#2701);
#2700 = CARTESIAN_POINT('',(0.,1.));
#2701 = VECTOR('',#2702,1.);
#2702 = DIRECTION('',(1.,0.));
#2703 = ( GEOMETRIC_REPRESENTATION_CONTEXT(2) 
PARAMETRIC_REPRESENTATION_CONTEXT() REPRESENTATION_CONTEXT('2D SPACE',''
  ) );
#2704 = FACE_BOUND('',#2705,.F.);
#2705 = EDGE_LOOP('',(#2706));
#2706 = ORIENTED_EDGE('',*,*,#2707,.F.);
#2707 = EDGE_CURVE('',#2708,#2708,#2710,.T.);
#2708 = VERTEX_POINT('',#2709);
#2709 = CARTESIAN_POINT('',(7.,22.,0.));
#2710 = SURFACE_CURVE('',#2711,(#2716,#2723),.PCURVE_S1.);
#2711 = CIRCLE('',#2712,2.);
#2712 = AXIS2_PLACEMENT_3D('',#2713,#2714,#2715);
#2713 = CARTESIAN_POINT('',(5.,22.,0.));
#2714 = DIRECTION('',(0.,0.,1.));
#2715 = DIRECTION('',(1.,0.,-0.));
#2716 = PCURVE('',#2086,#2717);
#2717 = DEFINITIONAL_REPRESENTATION('',(#2718),#2722);
#2718 = CIRCLE('',#2719,2.);
#2719 = AXIS2_PLACEMENT_2D('',#2720,#2721);
#2720 = CARTESIAN_POINT('',(5.,22.));
#2721 = DIRECTION('',(1.,0.));
#2722 = ( GEOMETRIC_REPRESENTATION_CONTEXT(2) 
PARAMETRIC_REPRESENTATION_CONTEXT() REPRESENTATION_CONTEXT('2D SPACE',''
  ) );
#2723 = PCURVE('',#2420,#2724);
#2724 = DEFINITIONAL_REPRESENTATION('',(#2725),#2729);
#2725 = LINE('',#2726,#2727);
#2726 = CARTESIAN_POINT('',(0.,1.));
#2727 = VECTOR('',#2728,1.);
#2728 = DIRECTION('',(1.,0.));
#2729 = ( GEOMETRIC_REPRESENTATION_CONTEXT(2) 
PARAMETRIC_REPRESENTATION_CONTEXT() REPRESENTATION_CONTEXT('2D SPACE',''
  ) );
#2730 = FACE_BOUND('',#2731,.F.);
#2731 = EDGE_LOOP('',(#2732));
#2732 = ORIENTED_EDGE('',*,*,#2733,.F.);
#2733 = EDGE_CURVE('',#2734,#2734,#2736,.T.);
#2734 = VERTEX_POINT('',#2735);
#2735 = CARTESIAN_POINT('',(17.,22.,0.));
#2736 = SURFACE_CURVE('',#2737,(#2742,#2749),.PCURVE_S1.);
#2737 = CIRCLE('',#2738,2.);
#2738 = AXIS2_PLACEMENT_3D('',#2739,#2740,#2741);
#2739 = CARTESIAN_POINT('',(15.,22.,0.));
#2740 = DIRECTION('',(0.,0.,1.));
#2741 = DIRECTION('',(1.,0.,-0.));
#2742 = PCURVE('',#2086,#2743);
#2743 = DEFINITIONAL_REPRESENTATION('',(#2744),#2748);
#2744 = CIRCLE('',#2745,2.);
#2745 = AXIS2_PLACEMENT_2D('',#2746,#2747);
#2746 = CARTESIAN_POINT('',(15.,22.));
#2747 = DIRECTION('',(1.,0.));
#2748 = ( GEOMETRIC_REPRESENTATION_CONTEXT(2) 
PARAMETRIC_REPRESENTATION_CONTEXT() REPRESENTATION_CONTEXT('2D SPACE',''
  ) );
#2749 = PCURVE('',#2451,#2750);
#2750 = DEFINITIONAL_REPRESENTATION('',(#2751),#2755);
#2751 = LINE('',#2752,#2753);
#2752 = CARTESIAN_POINT('',(0.,1.));
#2753 = VECTOR('',#2754,1.);
#2754 = DIRECTION('',(1.,0.));
#2755 = ( GEOMETRIC_REPRESENTATION_CONTEXT(2) 
PARAMETRIC_REPRESENTATION_CONTEXT() REPRESENTATION_CONTEXT('2D SPACE',''
  ) );
#2756 = FACE_BOUND('',#2757,.F.);
#2757 = EDGE_LOOP('',(#2758));
#2758 = ORIENTED_EDGE('',*,*,#2759,.F.);
#2759 = EDGE_CURVE('',#2760,#2760,#2762,.T.);
#2760 = VERTEX_POINT('',#2761);
#2761 = CARTESIAN_POINT('',(27.,22.,0.));
#2762 = SURFACE_CURVE('',#2763,(#2768,#2775),.PCURVE_S1.);
#2763 = CIRCLE('',#2764,2.);
#2764 = AXIS2_PLACEMENT_3D('',#2765,#2766,#2767);
#2765 = CARTESIAN_POINT('',(25.,22.,0.));
#2766 = DIRECTION('',(0.,0.,1.));
#2767 = DIRECTION('',(1.,0.,-0.));
#2768 = PCURVE('',#2086,#2769);
#2769 = DEFINITIONAL_REPRESENTATION('',(#2770),#2774);
#2770 = CIRCLE('',#2771,2.);
#2771 = AXIS2_PLACEMENT_2D('',#2772,#2773);
#2772 = CARTESIAN_POINT('',(25.,22.));
#2773 = DIRECTION('',(1.,0.));
#2774 = ( GEOMETRIC_REPRESENTATION_CONTEXT(2) 
PARAMETRIC_REPRESENTATION_CONTEXT() REPRESENTATION_CONTEXT('2D SPACE',''
  ) );
#2775 = PCURVE('',#2482,#2776);
#2776 = DEFINITIONAL_REPRESENTATION('',(#2777),#2781);
#2777 = LINE('',#2778,#2779);
#2778 = CARTESIAN_POINT('',(0.,1.));
#2779 = VECTOR('',#2780,1.);
#2780 = DIRECTION('',(1.,0.));
#2781 = ( GEOMETRIC_REPRESENTATION_CONTEXT(2) 
PARAMETRIC_REPRESENTATION_CONTEXT() REPRESENTATION_CONTEXT('2D SPACE',''
  ) );
#2782 = FACE_BOUND('',#2783,.F.);
#2783 = EDGE_LOOP('',(#2784));
#2784 = ORIENTED_EDGE('',*,*,#2785,.F.);
#2785 = EDGE_CURVE('',#2786,#2786,#2788,.T.);
#2786 = VERTEX_POINT('',#2787);
#2787 = CARTESIAN_POINT('',(37.,22.,0.));
#2788 = SURFACE_CURVE('',#2789,(#2794,#2801),.PCURVE_S1.);
#2789 = CIRCLE('',#2790,2.);
#2790 = AXIS2_PLACEMENT_3D('',#2791,#2792,#2793);
#2791 = CARTESIAN_POINT('',(35.,22.,0.));
#2792 = DIRECTION('',(0.,0.,1.));
#2793 = DIRECTION('',(1.,0.,-0.));
#2794 = PCURVE('',#2086,#2795);
#2795 = DEFINITIONAL_REPRESENTATION('',(#2796),#2800);
#2796 = CIRCLE('',#2797,2.);
#2797 = AXIS2_PLACEMENT_2D('',#2798,#2799);
#2798 = CARTESIAN_POINT('',(35.,22.));
#2799 = DIRECTION('',(1.,0.));
#2800 = ( GEOMETRIC_REPRESENTATION_CONTEXT(2) 
PARAMETRIC_REPRESENTATION_CONTEXT() REPRESENTATION_CONTEXT('2D SPACE',''
  ) );
#2801 = PCURVE('',#2513,#2802);
#2802 = DEFINITIONAL_REPRESENTATION('',(#2803),#2807);
#2803 = LINE('',#2804,#2805);
#2804 = CARTESIAN_POINT('',(0.,1.));
#2805 = VECTOR('',#2806,1.);
#2806 = DIRECTION('',(1.,0.));
#2807 = ( GEOMETRIC_REPRESENTATION_CONTEXT(2) 
PARAMETRIC_REPRESENTATION_CONTEXT() REPRESENTATION_CONTEXT('2D SPACE',''
  ) );
#2808 = ADVANCED_FACE('',(#2809),#2216,.T.);
#2809 = FACE_BOUND('',#2810,.T.);
#2810 = EDGE_LOOP('',(#2811,#2812,#2813,#2814));
#2811 = ORIENTED_EDGE('',*,*,#2202,.F.);
#2812 = ORIENTED_EDGE('',*,*,#2579,.T.);
#2813 = ORIENTED_EDGE('',*,*,#2553,.T.);
#2814 = ORIENTED_EDGE('',*,*,#2233,.F.);
#2815 = ADVANCED_FACE('',(#2816),#2296,.F.);
#2816 = FACE_BOUND('',#2817,.F.);
#2817 = EDGE_LOOP('',(#2818,#2819,#2840,#2841));
#2818 = ORIENTED_EDGE('',*,*,#2279,.F.);
#2819 = ORIENTED_EDGE('',*,*,#2820,.F.);
#2820 = EDGE_CURVE('',#2604,#2280,#2821,.T.);
#2821 = SEAM_CURVE('',#2822,(#2826,#2833),.PCURVE_S1.);
#2822 = LINE('',#2823,#2824);
#2823 = CARTESIAN_POINT('',(7.,8.,-1.));
#2824 = VECTOR('',#2825,1.);
#2825 = DIRECTION('',(0.,0.,1.));
#2826 = PCURVE('',#2296,#2827);
#2827 = DEFINITIONAL_REPRESENTATION('',(#2828),#2832);
#2828 = LINE('',#2829,#2830);
#2829 = CARTESIAN_POINT('',(6.28318530718,-0.));
#2830 = VECTOR('',#2831,1.);
#2831 = DIRECTION('',(0.,1.));
#2832 = ( GEOMETRIC_REPRESENTATION_CONTEXT(2) 
PARAMETRIC_REPRESENTATION_CONTEXT() REPRESENTATION_CONTEXT('2D SPACE',''
  ) );
#2833 = PCURVE('',#2296,#2834);
#2834 = DEFINITIONAL_REPRESENTATION('',(#2835),#2839);
#2835 = LINE('',#2836,#2837);
#2836 = CARTESIAN_POINT('',(0.,-0.));
#2837 = VECTOR('',#2838,1.);
#2838 = DIRECTION('',(0.,1.));
#2839 = ( GEOMETRIC_REPRESENTATION_CONTEXT(2) 
PARAMETRIC_REPRESENTATION_CONTEXT() REPRESENTATION_CONTEXT('2D SPACE',''
  ) );
#2840 = ORIENTED_EDGE('',*,*,#2603,.T.);
#2841 = ORIENTED_EDGE('',*,*,#2820,.T.);
#2842 = ADVANCED_FACE('',(#2843),#2327,.F.);
#2843 = FACE_BOUND('',#2844,.F.);
#2844 = EDGE_LOOP('',(#2845,#2846,#2867,#2868));
#2845 = ORIENTED_EDGE('',*,*,#2310,.F.);
#2846 = ORIENTED_EDGE('',*,*,#2847,.F.);
#2847 = EDGE_CURVE('',#2630,#2311,#2848,.T.);
#2848 = SEAM_CURVE('',#2849,(#2853,#2860),.PCURVE_S1.);
#2849 = LINE('',#2850,#2851);
#2850 = CARTESIAN_POINT('',(17.,8.,-1.));
#2851 = VECTOR('',#2852,1.);
#2852 = DIRECTION('',(0.,0.,1.));
#2853 = PCURVE('',#2327,#2854);
#2854 = DEFINITIONAL_REPRESENTATION('',(#2855),#2859);
#2855 = LINE('',#2856,#2857);
#2856 = CARTESIAN_POINT('',(6.28318530718,-0.));
#2857 = VECTOR('',#2858,1.);
#2858 = DIRECTION('',(0.,1.));
#2859 = ( GEOMETRIC_REPRESENTATION_CONTEXT(2) 
PARAMETRIC_REPRESENTATION_CONTEXT() REPRESENTATION_CONTEXT('2D SPACE',''
  ) );
#2860 = PCURVE('',#2327,#2861);
#2861 = DEFINITIONAL_REPRESENTATION('',(#2862),#2866);
#2862 = LINE('',#2863,#2864);
#2863 = CARTESIAN_POINT('',(0.,-0.));
#2864 = VECTOR('',#2865,1.);
#2865 = DIRECTION('',(0.,1.));
#2866 = ( GEOMETRIC_REPRESENTATION_CONTEXT(2) 
PARAMETRIC_REPRESENTATION_CONTEXT() REPRESENTATION_CONTEXT('2D SPACE',''
  ) );
#2867 = ORIENTED_EDGE('',*,*,#2629,.T.);
#2868 = ORIENTED_EDGE('',*,*,#2847,.T.);
#2869 = ADVANCED_FACE('',(#2870),#2358,.F.);
#2870 = FACE_BOUND('',#2871,.F.);
#2871 = EDGE_LOOP('',(#2872,#2873,#2894,#2895));
#2872 = ORIENTED_EDGE('',*,*,#2341,.F.);
#2873 = ORIENTED_EDGE('',*,*,#2874,.F.);
#2874 = EDGE_CURVE('',#2656,#2342,#2875,.T.);
#2875 = SEAM_CURVE('',#2876,(#2880,#2887),.PCURVE_S1.);
#2876 = LINE('',#2877,#2878);
#2877 = CARTESIAN_POINT('',(27.,8.,-1.));
#2878 = VECTOR('',#2879,1.);
#2879 = DIRECTION('',(0.,0.,1.));
#2880 = PCURVE('',#2358,#2881);
#2881 = DEFINITIONAL_REPRESENTATION('',(#2882),#2886);
#2882 = LINE('',#2883,#2884);
#2883 = CARTESIAN_POINT('',(6.28318530718,-0.));
#2884 = VECTOR('',#2885,1.);
#2885 = DIRECTION('',(0.,1.));
#2886 = ( GEOMETRIC_REPRESENTATION_CONTEXT(2) 
PARAMETRIC_REPRESENTATION_CONTEXT() REPRESENTATION_CONTEXT('2D SPACE',''
  ) );
#2887 = PCURVE('',#2358,#2888);
#2888 = DEFINITIONAL_REPRESENTATION('',(#2889),#2893);
#2889 = LINE('',#2890,#2891);
#2890 = CARTESIAN_POINT('',(0.,-0.));
#2891 = VECTOR('',#2892,1.);
#2892 = DIRECTION('',(0.,1.));
#2893 = ( GEOMETRIC_REPRESENTATION_CONTEXT(2) 
PARAMETRIC_REPRESENTATION_CONTEXT() REPRESENTATION_CONTEXT('2D SPACE',''
  ) );
#2894 = ORIENTED_EDGE('',*,*,#2655,.T.);
#2895 = ORIENTED_EDGE('',*,*,#2874,.T.);
#2896 = ADVANCED_FACE('',(#2897),#2389,.F.);
#2897 = FACE_BOUND('',#2898,.F.);
#2898 = EDGE_LOOP('',(#2899,#2900,#2921,#2922));
#2899 = ORIENTED_EDGE('',*,*,#2372,.F.);
#2900 = ORIENTED_EDGE('',*,*,#2901,.F.);
#2901 = EDGE_CURVE('',#2682,#2373,#2902,.T.);
#2902 = SEAM_CURVE('',#2903,(#2907,#2914),.PCURVE_S1.);
#2903 = LINE('',#2904,#2905);
#2904 = CARTESIAN_POINT('',(37.,8.,-1.));
#2905 = VECTOR('',#2906,1.);
#2906 = DIRECTION('',(0.,0.,1.));
#2907 = PCURVE('',#2389,#2908);
#2908 = DEFINITIONAL_REPRESENTATION('',(#2909),#2913);
#2909 = LINE('',#2910,#2911);
#2910 = CARTESIAN_POINT('',(6.28318530718,-0.));
#2911 = VECTOR('',#2912,1.);
#2912 = DIRECTION('',(0.,1.));
#2913 = ( GEOMETRIC_REPRESENTATION_CONTEXT(2) 
PARAMETRIC_REPRESENTATION_CONTEXT() REPRESENTATION_CONTEXT('2D SPACE',''
  ) );
#2914 = PCURVE('',#2389,#2915);
#2915 = DEFINITIONAL_REPRESENTATION('',(#2916),#2920);
#2916 = LINE('',#2917,#2918);
#2917 = CARTESIAN_POINT('',(0.,-0.));
#2918 = VECTOR('',#2919,1.);
#2919 = DIRECTION('',(0.,1.));
#2920 = ( GEOMETRIC_REPRESENTATION_CONTEXT(2) 
PARAMETRIC_REPRESENTATION_CONTEXT() REPRESENTATION_CONTEXT('2D SPACE',''
  ) );
#2921 = ORIENTED_EDGE('',*,*,#2681,.T.);
#2922 = ORIENTED_EDGE('',*,*,#2901,.T.);
#2923 = ADVANCED_FACE('',(#2924),#2420,.F.);
#2924 = FACE_BOUND('',#2925,.F.);
#2925 = EDGE_LOOP('',(#2926,#2927,#2948,#2949));
#2926 = ORIENTED_EDGE('',*,*,#2403,.F.);
#2927 = ORIENTED_EDGE('',*,*,#2928,.F.);
#2928 = EDGE_CURVE('',#2708,#2404,#2929,.T.);
#2929 = SEAM_CURVE('',#2930,(#2934,#2941),.PCURVE_S1.);
#2930 = LINE('',#2931,#2932);
#2931 = CARTESIAN_POINT('',(7.,22.,-1.));
#2932 = VECTOR('',#2933,1.);
#2933 = DIRECTION('',(0.,0.,1.));
#2934 = PCURVE('',#2420,#2935);
#2935 = DEFINITIONAL_REPRESENTATION('',(#2936),#2940);
#2936 = LINE('',#2937,#2938);
#2937 = CARTESIAN_POINT('',(6.28318530718,-0.));
#2938 = VECTOR('',#2939,1.);
#2939 = DIRECTION('',(0.,1.));
#2940 = ( GEOMETRIC_REPRESENTATION_CONTEXT(2) 
PARAMETRIC_REPRESENTATION_CONTEXT() REPRESENTATION_CONTEXT('2D SPACE',''
  ) );
#2941 = PCURVE('',#2420,#2942);
#2942 = DEFINITIONAL_REPRESENTATION('',(#2943),#2947);
#2943 = LINE('',#2944,#2945);
#2944 = CARTESIAN_POINT('',(0.,-0.));
#2945 = VECTOR('',#2946,1.);
#2946 = DIRECTION('',(0.,1.));
#2947 = ( GEOMETRIC_REPRESENTATION_CONTEXT(2) 
PARAMETRIC_REPRESENTATION_CONTEXT() REPRESENTATION_CONTEXT('2D SPACE',''
  ) );
#2948 = ORIENTED_EDGE('',*,*,#2707,.T.);
#2949 = ORIENTED_EDGE('',*,*,#2928,.T.);
#2950 = ADVANCED_FACE('',(#2951),#2451,.F.);
#2951 = FACE_BOUND('',#2952,.F.);
#2952 = EDGE_LOOP('',(#2953,#2954,#2975,#2976));
#2953 = ORIENTED_EDGE('',*,*,#2434,.F.);
#2954 = ORIENTED_EDGE('',*,*,#2955,.F.);
#2955 = EDGE_CURVE('',#2734,#2435,#2956,.T.);
#2956 = SEAM_CURVE('',#2957,(#2961,#2968),.PCURVE_S1.);
#2957 = LINE('',#2958,#2959);
#2958 = CARTESIAN_POINT('',(17.,22.,-1.));
#2959 = VECTOR('',#2960,1.);
#2960 = DIRECTION('',(0.,0.,1.));
#2961 = PCURVE('',#2451,#2962);
#2962 = DEFINITIONAL_REPRESENTATION('',(#2963),#2967);
#2963 = LINE('',#2964,#2965);
#2964 = CARTESIAN_POINT('',(6.28318530718,-0.));
#2965 = VECTOR('',#2966,1.);
#2966 = DIRECTION('',(0.,1.));
#2967 = ( GEOMETRIC_REPRESENTATION_CONTEXT(2) 
PARAMETRIC_REPRESENTATION_CONTEXT() REPRESENTATION_CONTEXT('2D SPACE',''
  ) );
#2968 = PCURVE('',#2451,#2969);
#2969 = DEFINITIONAL_REPRESENTATION('',(#2970),#2974);
#2970 = LINE('',#2971,#2972);
#2971 = CARTESIAN_POINT('',(0.,-0.));
#2972 = VECTOR('',#2973,1.);
#2973 = DIRECTION('',(0.,1.));
#2974 = ( GEOMETRIC_REPRESENTATION_CONTEXT(2) 
PARAMETRIC_REPRESENTATION_CONTEXT() REPRESENTATION_CONTEXT('2D SPACE',''
  ) );
#2975 = ORIENTED_EDGE('',*,*,#2733,.T.);
#2976 = ORIENTED_EDGE('',*,*,#2955,.T.);
#2977 = ADVANCED_FACE('',(#2978),#2482,.F.);
#2978 = FACE_BOUND('',#2979,.F.);
#2979 = EDGE_LOOP('',(#2980,#2981,#3002,#3003));
#2980 = ORIENTED_EDGE('',*,*,#2465,.F.);
#2981 = ORIENTED_EDGE('',*,*,#2982,.F.);
#2982 = EDGE_CURVE('',#2760,#2466,#2983,.T.);
#2983 = SEAM_CURVE('',#2984,(#2988,#2995),.PCURVE_S1.);
#2984 = LINE('',#2985,#2986);
#2985 = CARTESIAN_POINT('',(27.,22.,-1.));
#2986 = VECTOR('',#2987,1.);
#2987 = DIRECTION('',(0.,0.,1.));
#2988 = PCURVE('',#2482,#2989);
#2989 = DEFINITIONAL_REPRESENTATION('',(#2990),#2994);
#2990 = LINE('',#2991,#2992);
#2991 = CARTESIAN_POINT('',(6.28318530718,-0.));
#2992 = VECTOR('',#2993,1.);
#2993 = DIRECTION('',(0.,1.));
#2994 = ( GEOMETRIC_REPRESENTATION_CONTEXT(2) 
PARAMETRIC_REPRESENTATION_CONTEXT() REPRESENTATION_CONTEXT('2D SPACE',''
  ) );
#2995 = PCURVE('',#2482,#2996);
#2996 = DEFINITIONAL_REPRESENTATION('',(#2997),#3001);
#2997 = LINE('',#2998,#2999);
#2998 = CARTESIAN_POINT('',(0.,-0.));
#2999 = VECTOR('',#3000,1.);
#3000 = DIRECTION('',(0.,1.));
#3001 = ( GEOMETRIC_REPRESENTATION_CONTEXT(2) 
PARAMETRIC_REPRESENTATION_CONTEXT() REPRESENTATION_CONTEXT('2D SPACE',''
  ) );
#3002 = ORIENTED_EDGE('',*,*,#2759,.T.);
#3003 = ORIENTED_EDGE('',*,*,#2982,.T.);
#3004 = ADVANCED_FACE('',(#3005),#2513,.F.);
#3005 = FACE_BOUND('',#3006,.F.);
#3006 = EDGE_LOOP('',(#3007,#3008,#3029,#3030));
#3007 = ORIENTED_EDGE('',*,*,#2496,.F.);
#3008 = ORIENTED_EDGE('',*,*,#3009,.F.);
#3009 = EDGE_CURVE('',#2786,#2497,#3010,.T.);
#3010 = SEAM_CURVE('',#3011,(#3015,#3022),.PCURVE_S1.);
#3011 = LINE('',#3012,#3013);
#3012 = CARTESIAN_POINT('',(37.,22.,-1.));
#3013 = VECTOR('',#3014,1.);
#3014 = DIRECTION('',(0.,0.,1.));
#3015 = PCURVE('',#2513,#3016);
#3016 = DEFINITIONAL_REPRESENTATION('',(#3017),#3021);
#3017 = LINE('',#3018,#3019);
#3018 = CARTESIAN_POINT('',(6.28318530718,-0.));
#3019 = VECTOR('',#3020,1.);
#3020 = DIRECTION('',(0.,1.));
#3021 = ( GEOMETRIC_REPRESENTATION_CONTEXT(2) 
PARAMETRIC_REPRESENTATION_CONTEXT() REPRESENTATION_CONTEXT('2D SPACE',''
  ) );
#3022 = PCURVE('',#2513,#3023);
#3023 = DEFINITIONAL_REPRESENTATION('',(#3024),#3028);
#3024 = LINE('',#3025,#3026);
#3025 = CARTESIAN_POINT('',(0.,-0.));
#3026 = VECTOR('',#3027,1.);
#3027 = DIRECTION('',(0.,1.));
#3028 = ( GEOMETRIC_REPRESENTATION_CONTEXT(2) 
PARAMETRIC_REPRESENTATION_CONTEXT() REPRESENTATION_CONTEXT('2D SPACE',''
  ) );
#3029 = ORIENTED_EDGE('',*,*,#2785,.T.);
#3030 = ORIENTED_EDGE('',*,*,#3009,.T.);
#3031 = ( GEOMETRIC_REPRESENTATION_CONTEXT(3) 
GLOBAL_UNCERTAINTY_ASSIGNED_CONTEXT((#3035)) 
GLOBAL_UNIT_ASSIGNED_CONTEXT((#3032,#3033,#3034)) REPRESENTATION_CONTEXT
('Context #1','3D Context with UNIT and UNCERTAINTY') );
#3032 = ( LENGTH_UNIT() NAMED_UNIT(*) SI_UNIT(.MILLI.,.METRE.) );
#3033 = ( NAMED_UNIT(*) PLANE_ANGLE_UNIT() SI_UNIT($,.RADIAN.) );
#3034 = ( NAMED_UNIT(*) SI_UNIT($,.STERADIAN.) SOLID_ANGLE_UNIT() );
#3035 = UNCERTAINTY_MEASURE_WITH_UNIT(LENGTH_MEASURE(1.E-07),#3032,
  'distance_accuracy_value','confusion accuracy');
#3036 = CONTEXT_DEPENDENT_SHAPE_REPRESENTATION(#3037,#3039);
#3037 = ( REPRESENTATION_RELATIONSHIP('','',#2028,#10) 
REPRESENTATION_RELATIONSHIP_WITH_TRANSFORMATION(#3038) 
SHAPE_REPRESENTATION_RELATIONSHIP() );
#3038 = ITEM_DEFINED_TRANSFORMATION('','',#11,#15);
#3039 = PRODUCT_DEFINITION_SHAPE('Placement','Placement of an item',
  #3040);
#3040 = NEXT_ASSEMBLY_USAGE_OCCURRENCE('1','=>[0:1:1:1]','',#5,#2023,$);
#3041 = PRODUCT_RELATED_PRODUCT_CATEGORY('part',$,(#2025));
#3042 = CONTEXT_DEPENDENT_SHAPE_REPRESENTATION(#3043,#3045);
#3043 = ( REPRESENTATION_RELATIONSHIP('','',#2028,#10) 
REPRESENTATION_RELATIONSHIP_WITH_TRANSFORMATION(#3044) 
SHAPE_REPRESENTATION_RELATIONSHIP() );
#3044 = ITEM_DEFINED_TRANSFORMATION('','',#11,#19);
#3045 = PRODUCT_DEFINITION_SHAPE('Placement','Placement of an item',
  #3046);
#3046 = NEXT_ASSEMBLY_USAGE_OCCURRENCE('2','=>[0:1:1:1]','',#5,#2023,$);
#3047 = CONTEXT_DEPENDENT_SHAPE_REPRESENTATION(#3048,#3050);
#3048 = ( REPRESENTATION_RELATIONSHIP('','',#2028,#10) 
REPRESENTATION_RELATIONSHIP_WITH_TRANSFORMATION(#3049) 
SHAPE_REPRESENTATION_RELATIONSHIP() );
#3049 = ITEM_DEFINED_TRANSFORMATION('','',#11,#23);
#3050 = PRODUCT_DEFINITION_SHAPE('Placement','Placement of an item',
  #3051);
#3051 = NEXT_ASSEMBLY_USAGE_OCCURRENCE('3','=>[0:1:1:1]','',#5,#2023,$);
#3052 = CONTEXT_DEPENDENT_SHAPE_REPRESENTATION(#3053,#3055);
#3053 = ( REPRESENTATION_RELATIONSHIP('','',#2028,#10) 
REPRESENTATION_RELATIONSHIP_WITH_TRANSFORMATION(#3054) 
SHAPE_REPRESENTATION_RELATIONSHIP() );
#3054 = ITEM_DEFINED_TRANSFORMATION('','',#11,#27);
#3055 = PRODUCT_DEFINITION_SHAPE('Placement','Placement of an item',
  #3056);
#3056 = NEXT_ASSEMBLY_USAGE_OCCURRENCE('4','=>[0:1:1:1]','',#5,#2023,$);
#3057 = CONTEXT_DEPENDENT_SHAPE_REPRESENTATION(#3058,#3060);
#3058 = ( REPRESENTATION_RELATIONSHIP('','',#2028,#10) 
REPRESENTATION_RELATIONSHIP_WITH_TRANSFORMATION(#3059) 
SHAPE_REPRESENTATION_RELATIONSHIP() );
#3059 = ITEM_DEFINED_TRANSFORMATION('','',#11,#31);
#3060 = PRODUCT_DEFINITION_SHAPE('Placement','Placement of an item',
  #3061);
#3061 = NEXT_ASSEMBLY_USAGE_OCCURRENCE('5','=>[0:1:1:1]','',#5,#2023,$);
#3062 = CONTEXT_DEPENDENT_SHAPE_REPRESENTATION(#3063,#3065);
#3063 = ( REPRESENTATION_RELATIONSHIP('','',#2028,#10) 
REPRESENTATION_RELATIONSHIP_WITH_TRANSFORMATION(#3064) 
SHAPE_REPRESENTATION_RELATIONSHIP() );
#3064 = ITEM_DEFINED_TRANSFORMATION('','',#11,#35);
#3065 = PRODUCT_DEFINITION_SHAPE('Placement','Placement of an item',
  #3066);
#3066 = NEXT_ASSEMBLY_USAGE_OCCURRENCE('6','=>[0:1:1:1]','',#5,#2023,$);
#3067 = CONTEXT_DEPENDENT_SHAPE_REPRESENTATION(#3068,#3070);
#3068 = ( REPRESENTATION_RELATIONSHIP('','',#2028,#10) 
REPRESENTATION_RELATIONSHIP_WITH_TRANSFORMATION(#3069) 
SHAPE_REPRESENTATION_RELATIONSHIP() );
#3069 = ITEM_DEFINED_TRANSFORMATION('','',#11,#39);
#3070 = PRODUCT_DEFINITION_SHAPE('Placement','Placement of an item',
  #3071);
#3071 = NEXT_ASSEMBLY_USAGE_OCCURRENCE('7','=>[0:1:1:1]','',#5,#2023,$);
#3072 = CONTEXT_DEPENDENT_SHAPE_REPRESENTATION(#3073,#3075);
#3073 = ( REPRESENTATION_RELATIONSHIP('','',#2028,#10) 
REPRESENTATION_RELATIONSHIP_WITH_TRANSFORMATION(#3074) 
SHAPE_REPRESENTATION_RELATIONSHIP() );
#3074 = ITEM_DEFINED_TRANSFORMATION('','',#11,#43);
#3075 = PRODUCT_DEFINITION_SHAPE('Placement','Placement of an item',
  #3076);
#3076 = NEXT_ASSEMBLY_USAGE_OCCURRENCE('8','=>[0:1:1:1]','',#5,#2023,$);
#3077 = CONTEXT_DEPENDENT_SHAPE_REPRESENTATION(#3078,#3080);
#3078 = ( REPRESENTATION_RELATIONSHIP('','',#2028,#10) 
REPRESENTATION_RELATIONSHIP_WITH_TRANSFORMATION(#3079) 
SHAPE_REPRESENTATION_RELATIONSHIP() );
#3079 = ITEM_DEFINED_TRANSFORMATION('','',#11,#47);
#3080 = PRODUCT_DEFINITION_SHAPE('Placement','Placement of an item',
  #3081);
#3081 = NEXT_ASSEMBLY_USAGE_OCCURRENCE('9','=>[0:1:1:1]','',#5,#2023,$);
#3082 = CONTEXT_DEPENDENT_SHAPE_REPRESENTATION(#3083,#3085);
#3083 = ( REPRESENTATION_RELATIONSHIP('','',#2028,#10) 
REPRESENTATION_RELATIONSHIP_WITH_TRANSFORMATION(#3084) 
SHAPE_REPRESENTATION_RELATIONSHIP() );
#3084 = ITEM_DEFINED_TRANSFORMATION('','',#11,#51);
#3085 = PRODUCT_DEFINITION_SHAPE('Placement','Placement of an item',
  #3086);
#3086 = NEXT_ASSEMBLY_USAGE_OCCURRENCE('10','=>[0:1:1:1]','',#5,#2023,$
  );
#3087 = CONTEXT_DEPENDENT_SHAPE_REPRESENTATION(#3088,#3090);
#3088 = ( REPRESENTATION_RELATIONSHIP('','',#2028,#10) 
REPRESENTATION_RELATIONSHIP_WITH_TRANSFORMATION(#3089) 
SHAPE_REPRESENTATION_RELATIONSHIP() );
#3089 = ITEM_DEFINED_TRANSFORMATION('','',#11,#55);
#3090 = PRODUCT_DEFINITION_SHAPE('Placement','Placement of an item',
  #3091);
#3091 = NEXT_ASSEMBLY_USAGE_OCCURRENCE('11','=>[0:1:1:1]','',#5,#2023,$
  );
#3092 = CONTEXT_DEPENDENT_SHAPE_REPRESENTATION(#3093,#3095);
#3093 = ( REPRESENTATION_RELATIONSHIP('','',#2028,#10) 
REPRESENTATION_RELATIONSHIP_WITH_TRANSFORMATION(#3094) 
SHAPE_REPRESENTATION_RELATIONSHIP() );
#3094 = ITEM_DEFINED_TRANSFORMATION('','',#11,#59);
#3095 = PRODUCT_DEFINITION_SHAPE('Placement','Placement of an item',
  #3096);
#3096 = NEXT_ASSEMBLY_USAGE_OCCURRENCE('12','=>[0:1:1:1]','',#5,#2023,$
  );
#3097 = CONTEXT_DEPENDENT_SHAPE_REPRESENTATION(#3098,#3100);
#3098 = ( REPRESENTATION_RELATIONSHIP('','',#2028,#10) 
REPRESENTATION_RELATIONSHIP_WITH_TRANSFORMATION(#3099) 
SHAPE_REPRESENTATION_RELATIONSHIP() );
#3099 = ITEM_DEFINED_TRANSFORMATION('','',#11,#63);
#3100 = PRODUCT_DEFINITION_SHAPE('Placement','Placement of an item',
  #3101);
#3101 = NEXT_ASSEMBLY_USAGE_OCCURRENCE('13','=>[0:1:1:1]','',#5,#2023,$
  );
#3102 = CONTEXT_DEPENDENT_SHAPE_REPRESENTATION(#3103,#3105);
#3103 = ( REPRESENTATION_RELATIONSHIP('','',#2028,#10) 
REPRESENTATION_RELATIONSHIP_WITH_TRANSFORMATION(#3104) 
SHAPE_REPRESENTATION_RELATIONSHIP() );
#3104 = ITEM_DEFINED_TRANSFORMATION('','',#11,#67);
#3105 = PRODUCT_DEFINITION_SHAPE('Placement','Placement of an item',
  #3106);
#3106 = NEXT_ASSEMBLY_USAGE_OCCURRENCE('14','=>[0:1:1:1]','',#5,#2023,$
  );
#3107 = CONTEXT_DEPENDENT_SHAPE_REPRESENTATION(#3108,#3110);
#3108 = ( REPRESENTATION_RELATIONSHIP('','',#2028,#10) 
REPRESENTATION_RELATIONSHIP_WITH_TRANSFORMATION(#3109) 
SHAPE_REPRESENTATION_RELATIONSHIP() );
#3109 = ITEM_DEFINED_TRANSFORMATION('','',#11,#71);
#3110 = PRODUCT_DEFINITION_SHAPE('Placement','Placement of an item',
  #3111);
#3111 = NEXT_ASSEMBLY_USAGE_OCCURRENCE('15','=>[0:1:1:1]','',#5,#2023,$
  );
#3112 = CONTEXT_DEPENDENT_SHAPE_REPRESENTATION(#3113,#3115);
#3113 = ( REPRESENTATION_RELATIONSHIP('','',#2028,#10) 
REPRESENTATION_RELATIONSHIP_WITH_TRANSFORMATION(#3114) 
SHAPE_REPRESENTATION_RELATIONSHIP() );
#3114 = ITEM_DEFINED_TRANSFORMATION('','',#11,#75);
#3115 = PRODUCT_DEFINITION_SHAPE('Placement','Placement of an item',
  #3116);
#3116 = NEXT_ASSEMBLY_USAGE_OCCURRENCE('16','=>[0:1:1:1]','',#5,#2023,$
  );
#3117 = CONTEXT_DEPENDENT_SHAPE_REPRESENTATION(#3118,#3120);
#3118 = ( REPRESENTATION_RELATIONSHIP('','',#2028,#10) 
REPRESENTATION_RELATIONSHIP_WITH_TRANSFORMATION(#3119) 
SHAPE_REPRESENTATION_RELATIONSHIP() );
#3119 = ITEM_DEFINED_TRANSFORMATION('','',#11,#79);
#3120 = PRODUCT_DEFINITION_SHAPE('Placement','Placement of an item',
  #3121);
#3121 = NEXT_ASSEMBLY_USAGE_OCCURRENCE('17','=>[0:1:1:1]','',#5,#2023,$
  );
#3122 = CONTEXT_DEPENDENT_SHAPE_REPRESENTATION(#3123,#3125);
#3123 = ( REPRESENTATION_RELATIONSHIP('','',#2028,#10) 
REPRESENTATION_RELATIONSHIP_WITH_TRANSFORMATION(#3124) 
SHAPE_REPRESENTATION_RELATIONSHIP() );
#3124 = ITEM_DEFINED_TRANSFORMATION('','',#11,#83);
#3125 = PRODUCT_DEFINITION_SHAPE('Placement','Placement of an item',
  #3126);
#3126 = NEXT_ASSEMBLY_USAGE_OCCURRENCE('18','=>[0:1:1:1]','',#5,#2023,$
  );
#3127 = CONTEXT_DEPENDENT_SHAPE_REPRESENTATION(#3128,#3130);
#3128 = ( REPRESENTATION_RELATIONSHIP('','',#2028,#10) 
REPRESENTATION_RELATIONSHIP_WITH_TRANSFORMATION(#3129) 
SHAPE_REPRESENTATION_RELATIONSHIP() );
#3129 = ITEM_DEFINED_TRANSFORMATION('','',#11,#87);
#3130 = PRODUCT_DEFINITION_SHAPE('Placement','Placement of an item',
  #3131);
#3131 = NEXT_ASSEMBLY_USAGE_OCCURRENCE('19','=>[0:1:1:1]','',#5,#2023,$
  );
#3132 = CONTEXT_DEPENDENT_SHAPE_REPRESENTATION(#3133,#3135);
#3133 = ( REPRESENTATION_RELATIONSHIP('','',#2028,#10) 
REPRESENTATION_RELATIONSHIP_WITH_TRANSFORMATION(#3134) 
SHAPE_REPRESENTATION_RELATIONSHIP() );
#3134 = ITEM_DEFINED_TRANSFORMATION('','',#11,#91);
#3135 = PRODUCT_DEFINITION_SHAPE('Placement','Placement of an item',
  #3136);
#3136 = NEXT_ASSEMBLY_USAGE_OCCURRENCE('20','=>[0:1:1:1]','',#5,#2023,$
  );
#3137 = CONTEXT_DEPENDENT_SHAPE_REPRESENTATION(#3138,#3140);
#3138 = ( REPRESENTATION_RELATIONSHIP('','',#2028,#10) 
REPRESENTATION_RELATIONSHIP_WITH_TRANSFORMATION(#3139) 
SHAPE_REPRESENTATION_RELATIONSHIP() );
#3139 = ITEM_DEFINED_TRANSFORMATION('','',#11,#95);
#3140 = PRODUCT_DEFINITION_SHAPE('Placement','Placement of an item',
  #3141);
#3141 = NEXT_ASSEMBLY_USAGE_OCCURRENCE('21','=>[0:1:1:1]','',#5,#2023,$
  );
#3142 = CONTEXT_DEPENDENT_SHAPE_REPRESENTATION(#3143,#3145);
#3143 = ( REPRESENTATION_RELATIONSHIP('','',#2028,#10) 
REPRESENTATION_RELATIONSHIP_WITH_TRANSFORMATION(#3144) 
SHAPE_REPRESENTATION_RELATIONSHIP() );
#3144 = ITEM_DEFINED_TRANSFORMATION('','',#11,#99);
#3145 = PRODUCT_DEFINITION_SHAPE('Placement','Placement of an item',
  #3146);
#3146 = NEXT_ASSEMBLY_USAGE_OCCURRENCE('22','=>[0:1:1:1]','',#5,#2023,$
  );
#3147 = CONTEXT_DEPENDENT_SHAPE_REPRESENTATION(#3148,#3150);
#3148 = ( REPRESENTATION_RELATIONSHIP('','',#2028,#10) 
REPRESENTATION_RELATIONSHIP_WITH_TRANSFORMATION(#3149) 
SHAPE_REPRESENTATION_RELATIONSHIP() );
#3149 = ITEM_DEFINED_TRANSFORMATION('','',#11,#103);
#3150 = PRODUCT_DEFINITION_SHAPE('Placement','Placement of an item',
  #3151);
#3151 = NEXT_ASSEMBLY_USAGE_OCCURRENCE('23','=>[0:1:1:1]','',#5,#2023,$
  );
#3152 = CONTEXT_DEPENDENT_SHAPE_REPRESENTATION(#3153,#3155);
#3153 = ( REPRESENTATION_RELATIONSHIP('','',#2028,#10) 
REPRESENTATION_RELATIONSHIP_WITH_TRANSFORMATION(#3154) 
SHAPE_REPRESENTATION_RELATIONSHIP() );
#3154 = ITEM_DEFINED_TRANSFORMATION('','',#11,#107);
#3155 = PRODUCT_DEFINITION_SHAPE('Placement','Placement of an item',
  #3156);
#3156 = NEXT_ASSEMBLY_USAGE_OCCURRENCE('24','=>[0:1:1:1]','',#5,#2023,$
  );
#3157 = CONTEXT_DEPENDENT_SHAPE_REPRESENTATION(#3158,#3160);
#3158 = ( REPRESENTATION_RELATIONSHIP('','',#2028,#10) 
REPRESENTATION_RELATIONSHIP_WITH_TRANSFORMATION(#3159) 
SHAPE_REPRESENTATION_RELATIONSHIP() );
#3159 = ITEM_DEFINED_TRANSFORMATION('','',#11,#111);
#3160 = PRODUCT_DEFINITION_SHAPE('Placement','Placement of an item',
  #3161);
#3161 = NEXT_ASSEMBLY_USAGE_OCCURRENCE('25','=>[0:1:1:1]','',#5,#2023,$
  );
#3162 = CONTEXT_DEPENDENT_SHAPE_REPRESENTATION(#3163,#3165);
#3163 = ( REPRESENTATION_RELATIONSHIP('','',#2028,#10) 
REPRESENTATION_RELATIONSHIP_WITH_TRANSFORMATION(#3164) 
SHAPE_REPRESENTATION_RELATIONSHIP() );
#3164 = ITEM_DEFINED_TRANSFORMATION('','',#11,#115);
#3165 = PRODUCT_DEFINITION_SHAPE('Placement','Placement of an item',
  #3166);
#3166 = NEXT_ASSEMBLY_USAGE_OCCURRENCE('26','=>[0:1:1:1]','',#5,#2023,$
  );
#3167 = CONTEXT_DEPENDENT_SHAPE_REPRESENTATION(#3168,#3170);
#3168 = ( REPRESENTATION_RELATIONSHIP('','',#2028,#10) 
REPRESENTATION_RELATIONSHIP_WITH_TRANSFORMATION(#3169) 
SHAPE_REPRESENTATION_RELATIONSHIP() );
#3169 = ITEM_DEFINED_TRANSFORMATION('','',#11,#119);
#3170 = PRODUCT_DEFINITION_SHAPE('Placement','Placement of an item',
  #3171);
#3171 = NEXT_ASSEMBLY_USAGE_OCCURRENCE('27','=>[0:1:1:1]','',#5,#2023,$
  );
#3172 = CONTEXT_DEPENDENT_SHAPE_REPRESENTATION(#3173,#3175);
#3173 = ( REPRESENTATION_RELATIONSHIP('','',#2028,#10) 
REPRESENTATION_RELATIONSHIP_WITH_TRANSFORMATION(#3174) 
SHAPE_REPRESENTATION_RELATIONSHIP() );
#3174 = ITEM_DEFINED_TRANSFORMATION('','',#11,#123);
#3175 = PRODUCT_DEFINITION_SHAPE('Placement','Placement of an item',
  #3176);
#3176 = NEXT_ASSEMBLY_USAGE_OCCURRENCE('28','=>[0:1:1:1]','',#5,#2023,$
  );
#3177 = CONTEXT_DEPENDENT_SHAPE_REPRESENTATION(#3178,#3180);
#3178 = ( REPRESENTATION_RELATIONSHIP('','',#2028,#10) 
REPRESENTATION_RELATIONSHIP_WITH_TRANSFORMATION(#3179) 
SHAPE_REPRESENTATION_RELATIONSHIP() );
#3179 = ITEM_DEFINED_TRANSFORMATION('','',#11,#127);
#3180 = PRODUCT_DEFINITION_SHAPE('Placement','Placement of an item',
  #3181);
#3181 = NEXT_ASSEMBLY_USAGE_OCCURRENCE('29','=>[0:1:1:1]','',#5,#2023,$
  );
#3182 = CONTEXT_DEPENDENT_SHAPE_REPRESENTATION(#3183,#3185);
#3183 = ( REPRESENTATION_RELATIONSHIP('','',#2028,#10) 
REPRESENTATION_RELATIONSHIP_WITH_TRANSFORMATION(#3184) 
SHAPE_REPRESENTATION_RELATIONSHIP() );
#3184 = ITEM_DEFINED_TRANSFORMATION('','',#11,#131);
#3185 = PRODUCT_DEFINITION_SHAPE('Placement','Placement of an item',
  #3186);
#3186 = NEXT_ASSEMBLY_USAGE_OCCURRENCE('30','=>[0:1:1:1]','',#5,#2023,$
  );
#3187 = CONTEXT_DEPENDENT_SHAPE_REPRESENTATION(#3188,#3190);
#3188 = ( REPRESENTATION_RELATIONSHIP('','',#2028,#10) 
REPRESENTATION_RELATIONSHIP_WITH_TRANSFORMATION(#3189) 
SHAPE_REPRESENTATION_RELATIONSHIP() );
#3189 = ITEM_DEFINED_TRANSFORMATION('','',#11,#135);
#3190 = PRODUCT_DEFINITION_SHAPE('Placement','Placement of an item',
  #3191);
#3191 = NEXT_ASSEMBLY_USAGE_OCCURRENCE('31','=>[0:1:1:1]','',#5,#2023,$
  );
#3192 = CONTEXT_DEPENDENT_SHAPE_REPRESENTATION(#3193,#3195);
#3193 = ( REPRESENTATION_RELATIONSHIP('','',#2028,#10) 
REPRESENTATION_RELATIONSHIP_WITH_TRANSFORMATION(#3194) 
SHAPE_REPRESENTATION_RELATIONSHIP() );
#3194 = ITEM_DEFINED_TRANSFORMATION('','',#11,#139);
#3195 = PRODUCT_DEFINITION_SHAPE('Placement','Placement of an item',
  #3196);
#3196 = NEXT_ASSEMBLY_USAGE_OCCURRENCE('32','=>[0:1:1:1]','',#5,#2023,$
  );
#3197 = CONTEXT_DEPENDENT_SHAPE_REPRESENTATION(#3198,#3200);
#3198 = ( REPRESENTATION_RELATIONSHIP('','',#2028,#10) 
REPRESENTATION_RELATIONSHIP_WITH_TRANSFORMATION(#3199) 
SHAPE_REPRESENTATION_RELATIONSHIP() );
#3199 = ITEM_DEFINED_TRANSFORMATION('','',#11,#143);
#3200 = PRODUCT_DEFINITION_SHAPE('Placement','Placement of an item',
  #3201);
#3201 = NEXT_ASSEMBLY_USAGE_OCCURRENCE('33','=>[0:1:1:1]','',#5,#2023,$
  );
#3202 = CONTEXT_DEPENDENT_SHAPE_REPRESENTATION(#3203,#3205);
#3203 = ( REPRESENTATION_RELATIONSHIP('','',#2028,#10) 
REPRESENTATION_RELATIONSHIP_WITH_TRANSFORMATION(#3204) 
SHAPE_REPRESENTATION_RELATIONSHIP() );
#3204 = ITEM_DEFINED_TRANSFORMATION('','',#11,#147);
#3205 = PRODUCT_DEFINITION_SHAPE('Placement','Placement of an item',
  #3206);
#3206 = NEXT_ASSEMBLY_USAGE_OCCURRENCE('34','=>[0:1:1:1]','',#5,#2023,$
  );
#3207 = CONTEXT_DEPENDENT_SHAPE_REPRESENTATION(#3208,#3210);
#3208 = ( REPRESENTATION_RELATIONSHIP('','',#2028,#10) 
REPRESENTATION_RELATIONSHIP_WITH_TRANSFORMATION(#3209) 
SHAPE_REPRESENTATION_RELATIONSHIP() );
#3209 = ITEM_DEFINED_TRANSFORMATION('','',#11,#151);
#3210 = PRODUCT_DEFINITION_SHAPE('Placement','Placement of an item',
  #3211);
#3211 = NEXT_ASSEMBLY_USAGE_OCCURRENCE('35','=>[0:1:1:1]','',#5,#2023,$
  );
#3212 = CONTEXT_DEPENDENT_SHAPE_REPRESENTATION(#3213,#3215);
#3213 = ( REPRESENTATION_RELATIONSHIP('','',#2028,#10) 
REPRESENTATION_RELATIONSHIP_WITH_TRANSFORMATION(#3214) 
SHAPE_REPRESENTATION_RELATIONSHIP() );
#3214 = ITEM_DEFINED_TRANSFORMATION('','',#11,#155);
#3215 = PRODUCT_DEFINITION_SHAPE('Placement','Placement of an item',
  #3216);
#3216 = NEXT_ASSEMBLY_USAGE_OCCURRENCE('36','=>[0:1:1:1]','',#5,#2023,$
  );
#3217 = CONTEXT_DEPENDENT_SHAPE_REPRESENTATION(#3218,#3220);
#3218 = ( REPRESENTATION_RELATIONSHIP('','',#2028,#10) 
REPRESENTATION_RELATIONSHIP_WITH_TRANSFORMATION(#3219) 
SHAPE_REPRESENTATION_RELATIONSHIP() );
#3219 = ITEM_DEFINED_TRANSFORMATION('','',#11,#159);
#3220 = PRODUCT_DEFINITION_SHAPE('Placement','Placement of an item',
  #3221);
#3221 = NEXT_ASSEMBLY_USAGE_OCCURRENCE('37','=>[0:1:1:1]','',#5,#2023,$
  );
#3222 = CONTEXT_DEPENDENT_SHAPE_REPRESENTATION(#3223,#3225);
#3223 = ( REPRESENTATION_RELATIONSHIP('','',#2028,#10) 
REPRESENTATION_RELATIONSHIP_WITH_TRANSFORMATION(#3224) 
SHAPE_REPRESENTATION_RELATIONSHIP() );
#3224 = ITEM_DEFINED_TRANSFORMATION('','',#11,#163);
#3225 = PRODUCT_DEFINITION_SHAPE('Placement','Placement of an item',
  #3226);
#3226 = NEXT_ASSEMBLY_USAGE_OCCURRENCE('38','=>[0:1:1:1]','',#5,#2023,$
  );
#3227 = CONTEXT_DEPENDENT_SHAPE_REPRESENTATION(#3228,#3230);
#3228 = ( REPRESENTATION_RELATIONSHIP('','',#2028,#10) 
REPRESENTATION_RELATIONSHIP_WITH_TRANSFORMATION(#3229) 
SHAPE_REPRESENTATION_RELATIONSHIP() );
#3229 = ITEM_DEFINED_TRANSFORMATION('','',#11,#167);
#3230 = PRODUCT_DEFINITION_SHAPE('Placement','Placement of an item',
  #3231);
#3231 = NEXT_ASSEMBLY_USAGE_OCCURRENCE('39','=>[0:1:1:1]','',#5,#2023,$
  );
#3232 = CONTEXT_DEPENDENT_SHAPE_REPRESENTATION(#3233,#3235);
#3233 = ( REPRESENTATION_RELATIONSHIP('','',#2028,#10) 
REPRESENTATION_RELATIONSHIP_WITH_TRANSFORMATION(#3234) 
SHAPE_REPRESENTATION_RELATIONSHIP() );
#3234 = ITEM_DEFINED_TRANSFORMATION('','',#11,#171);
#3235 = PRODUCT_DEFINITION_SHAPE('Placement','Placement of an item',
  #3236);
#3236 = NEXT_ASSEMBLY_USAGE_OCCURRENCE('40','=>[0:1:1:1]','',#5,#2023,$
  );
#3237 = CONTEXT_DEPENDENT_SHAPE_REPRESENTATION(#3238,#3240);
#3238 = ( REPRESENTATION_RELATIONSHIP('','',#2028,#10) 
REPRESENTATION_RELATIONSHIP_WITH_TRANSFORMATION(#3239) 
SHAPE_REPRESENTATION_RELATIONSHIP() );
#3239 = ITEM_DEFINED_TRANSFORMATION('','',#11,#175);
#3240 = PRODUCT_DEFINITION_SHAPE('Placement','Placement of an item',
  #3241);
#3241 = NEXT_ASSEMBLY_USAGE_OCCURRENCE('41','=>[0:1:1:1]','',#5,#2023,$
  );
#3242 = CONTEXT_DEPENDENT_SHAPE_REPRESENTATION(#3243,#3245);
#3243 = ( REPRESENTATION_RELATIONSHIP('','',#2028,#10) 
REPRESENTATION_RELATIONSHIP_WITH_TRANSFORMATION(#3244) 
SHAPE_REPRESENTATION_RELATIONSHIP() );
#3244 = ITEM_DEFINED_TRANSFORMATION('','',#11,#179);
#3245 = PRODUCT_DEFINITION_SHAPE('Placement','Placement of an item',
  #3246);
#3246 = NEXT_ASSEMBLY_USAGE_OCCURRENCE('42','=>[0:1:1:1]','',#5,#2023,$
  );
#3247 = CONTEXT_DEPENDENT_SHAPE_REPRESENTATION(#3248,#3250);
#3248 = ( REPRESENTATION_RELATIONSHIP('','',#2028,#10) 
REPRESENTATION_RELATIONSHIP_WITH_TRANSFORMATION(#3249) 
SHAPE_REPRESENTATION_RELATIONSHIP() );
#3249 = ITEM_DEFINED_TRANSFORMATION('','',#11,#183);
#3250 = PRODUCT_DEFINITION_SHAPE('Placement','Placement of an item',
  #3251);
#3251 = NEXT_ASSEMBLY_USAGE_OCCURRENCE('43','=>[0:1:1:1]','',#5,#2023,$
  );
#3252 = CONTEXT_DEPENDENT_SHAPE_REPRESENTATION(#3253,#3255);
#3253 = ( REPRESENTATION_RELATIONSHIP('','',#2028,#10) 
REPRESENTATION_RELATIONSHIP_WITH_TRANSFORMATION(#3254) 
SHAPE_REPRESENTATION_RELATIONSHIP() );
#3254 = ITEM_DEFINED_TRANSFORMATION('','',#11,#187);
#3255 = PRODUCT_DEFINITION_SHAPE('Placement','Placement of an item',
  #3256);
#3256 = NEXT_ASSEMBLY_USAGE_OCCURRENCE('44','=>[0:1:1:1]','',#5,#2023,$
  );
#3257 = CONTEXT_DEPENDENT_SHAPE_REPRESENTATION(#3258,#3260);
#3258 = ( REPRESENTATION_RELATIONSHIP('','',#2028,#10) 
REPRESENTATION_RELATIONSHIP_WITH_TRANSFORMATION(#3259) 
SHAPE_REPRESENTATION_RELATIONSHIP() );
#3259 = ITEM_DEFINED_TRANSFORMATION('','',#11,#191);
#3260 = PRODUCT_DEFINITION_SHAPE('Placement','Placement of an item',
  #3261);
#3261 = NEXT_ASSEMBLY_USAGE_OCCURRENCE('45','=>[0:1:1:1]','',#5,#2023,$
  );
#3262 = CONTEXT_DEPENDENT_SHAPE_REPRESENTATION(#3263,#3265);
#3263 = ( REPRESENTATION_RELATIONSHIP('','',#2028,#10) 
REPRESENTATION_RELATIONSHIP_WITH_TRANSFORMATION(#3264) 
SHAPE_REPRESENTATION_RELATIONSHIP() );
#3264 = ITEM_DEFINED_TRANSFORMATION('','',#11,#195);
#3265 = PRODUCT_DEFINITION_SHAPE('Placement','Placement of an item',
  #3266);
#3266 = NEXT_ASSEMBLY_USAGE_OCCURRENCE('46','=>[0:1:1:1]','',#5,#2023,$
  );
#3267 = CONTEXT_DEPENDENT_SHAPE_REPRESENTATION(#3268,#3270);
#3268 = ( REPRESENTATION_RELATIONSHIP('','',#2028,#10) 
REPRESENTATION_RELATIONSHIP_WITH_TRANSFORMATION(#3269) 
SHAPE_REPRESENTATION_RELATIONSHIP() );
#3269 = ITEM_DEFINED_TRANSFORMATION('','',#11,#199);
#3270 = PRODUCT_DEFINITION_SHAPE('Placement','Placement of an item',
  #3271);
#3271 = NEXT_ASSEMBLY_USAGE_OCCURRENCE('47','=>[0:1:1:1]','',#5,#2023,$
  );
#3272 = CONTEXT_DEPENDENT_SHAPE_REPRESENTATION(#3273,#3275);
#3273 = ( REPRESENTATION_RELATIONSHIP('','',#2028,#10) 
REPRESENTATION_RELATIONSHIP_WITH_TRANSFORMATION(#3274) 
SHAPE_REPRESENTATION_RELATIONSHIP() );
#3274 = ITEM_DEFINED_TRANSFORMATION('','',#11,#203);
#3275 = PRODUCT_DEFINITION_SHAPE('Placement','Placement of an item',
  #3276);
#3276 = NEXT_ASSEMBLY_USAGE_OCCURRENCE('48','=>[0:1:1:1]','',#5,#2023,$
  );
#3277 = CONTEXT_DEPENDENT_SHAPE_REPRESENTATION(#3278,#3280);
#3278 = ( REPRESENTATION_RELATIONSHIP('','',#2028,#10) 
REPRESENTATION_RELATIONSHIP_WITH_TRANSFORMATION(#3279) 
SHAPE_REPRESENTATION_RELATIONSHIP() );
#3279 = ITEM_DEFINED_TRANSFORMATION('','',#11,#207);
#3280 = PRODUCT_DEFINITION_SHAPE('Placement','Placement of an item',
  #3281);
#3281 = NEXT_ASSEMBLY_USAGE_OCCURRENCE('49','=>[0:1:1:1]','',#5,#2023,$
  );
#3282 = CONTEXT_DEPENDENT_SHAPE_REPRESENTATION(#3283,#3285);
#3283 = ( REPRESENTATION_RELATIONSHIP('','',#2028,#10) 
REPRESENTATION_RELATIONSHIP_WITH_TRANSFORMATION(#3284) 
SHAPE_REPRESENTATION_RELATIONSHIP() );
#3284 = ITEM_DEFINED_TRANSFORMATION('','',#11,#211);
#3285 = PRODUCT_DEFINITION_SHAPE('Placement','Placement of an item',
  #3286);
#3286 = NEXT_ASSEMBLY_USAGE_OCCURRENCE('50','=>[0:1:1:1]','',#5,#2023,$
  );
#3287 = CONTEXT_DEPENDENT_SHAPE_REPRESENTATION(#3288,#3290);
#3288 = ( REPRESENTATION_RELATIONSHIP('','',#2028,#10) 
REPRESENTATION_RELATIONSHIP_WITH_TRANSFORMATION(#3289) 
SHAPE_REPRESENTATION_RELATIONSHIP() );
#3289 = ITEM_DEFINED_TRANSFORMATION('','',#11,#215);
#3290 = PRODUCT_DEFINITION_SHAPE('Placement','Placement of an item',
  #3291);
#3291 = NEXT_ASSEMBLY_USAGE_OCCURRENCE('51','=>[0:1:1:1]','',#5,#2023,$
  );
#3292 = CONTEXT_DEPENDENT_SHAPE_REPRESENTATION(#3293,#3295);
#3293 = ( REPRESENTATION_RELATIONSHIP('','',#2028,#10) 
REPRESENTATION_RELATIONSHIP_WITH_TRANSFORMATION(#3294) 
SHAPE_REPRESENTATION_RELATIONSHIP() );
#3294 = ITEM_DEFINED_TRANSFORMATION('','',#11,#219);
#3295 = PRODUCT_DEFINITION_SHAPE('Placement','Placement of an item',
  #3296);
#3296 = NEXT_ASSEMBLY_USAGE_OCCURRENCE('52','=>[0:1:1:1]','',#5,#2023,$
  );
#3297 = CONTEXT_DEPENDENT_SHAPE_REPRESENTATION(#3298,#3300);
#3298 = ( REPRESENTATION_RELATIONSHIP('','',#2028,#10) 
REPRESENTATION_RELATIONSHIP_WITH_TRANSFORMATION(#3299) 
SHAPE_REPRESENTATION_RELATIONSHIP() );
#3299 = ITEM_DEFINED_TRANSFORMATION('','',#11,#223);
#3300 = PRODUCT_DEFINITION_SHAPE('Placement','Placement of an item',
  #3301);
#3301 = NEXT_ASSEMBLY_USAGE_OCCURRENCE('53','=>[0:1:1:1]','',#5,#2023,$
  );
#3302 = CONTEXT_DEPENDENT_SHAPE_REPRESENTATION(#3303,#3305);
#3303 = ( REPRESENTATION_RELATIONSHIP('','',#2028,#10) 
REPRESENTATION_RELATIONSHIP_WITH_TRANSFORMATION(#3304) 
SHAPE_REPRESENTATION_RELATIONSHIP() );
#3304 = ITEM_DEFINED_TRANSFORMATION('','',#11,#227);
#3305 = PRODUCT_DEFINITION_SHAPE('Placement','Placement of an item',
  #3306);
#3306 = NEXT_ASSEMBLY_USAGE_OCCURRENCE('54','=>[0:1:1:1]','',#5,#2023,$
  );
#3307 = CONTEXT_DEPENDENT_SHAPE_REPRESENTATION(#3308,#3310);
#3308 = ( REPRESENTATION_RELATIONSHIP('','',#2028,#10) 
REPRESENTATION_RELATIONSHIP_WITH_TRANSFORMATION(#3309) 
SHAPE_REPRESENTATION_RELATIONSHIP() );
#3309 = ITEM_DEFINED_TRANSFORMATION('','',#11,#231);
#3310 = PRODUCT_DEFINITION_SHAPE('Placement','Placement of an item',
  #3311);
#3311 = NEXT_ASSEMBLY_USAGE_OCCURRENCE('55','=>[0:1:1:1]','',#5,#2023,$
  );
#3312 = CONTEXT_DEPENDENT_SHAPE_REPRESENTATION(#3313,#3315);
#3313 = ( REPRESENTATION_RELATIONSHIP('','',#2028,#10) 
REPRESENTATION_RELATIONSHIP_WITH_TRANSFORMATION(#3314) 
SHAPE_REPRESENTATION_RELATIONSHIP() );
#3314 = ITEM_DEFINED_TRANSFORMATION('','',#11,#235);
#3315 = PRODUCT_DEFINITION_SHAPE('Placement','Placement of an item',
  #3316);
#3316 = NEXT_ASSEMBLY_USAGE_OCCURRENCE('56','=>[0:1:1:1]','',#5,#2023,$
  );
#3317 = CONTEXT_DEPENDENT_SHAPE_REPRESENTATION(#3318,#3320);
#3318 = ( REPRESENTATION_RELATIONSHIP('','',#2028,#10) 
REPRESENTATION_RELATIONSHIP_WITH_TRANSFORMATION(#3319) 
SHAPE_REPRESENTATION_RELATIONSHIP() );
#3319 = ITEM_DEFINED_TRANSFORMATION('','',#11,#239);
#3320 = PRODUCT_DEFINITION_SHAPE('Placement','Placement of an item',
  #3321);
#3321 = NEXT_ASSEMBLY_USAGE_OCCURRENCE('57','=>[0:1:1:1]','',#5,#2023,$
  );
#3322 = CONTEXT_DEPENDENT_SHAPE_REPRESENTATION(#3323,#3325);
#3323 = ( REPRESENTATION_RELATIONSHIP('','',#2028,#10) 
REPRESENTATION_RELATIONSHIP_WITH_TRANSFORMATION(#3324) 
SHAPE_REPRESENTATION_RELATIONSHIP() );
#3324 = ITEM_DEFINED_TRANSFORMATION('','',#11,#243);
#3325 = PRODUCT_DEFINITION_SHAPE('Placement','Placement of an item',
  #3326);
#3326 = NEXT_ASSEMBLY_USAGE_OCCURRENCE('58','=>[0:1:1:1]','',#5,#2023,$
  );
#3327 = CONTEXT_DEPENDENT_SHAPE_REPRESENTATION(#3328,#3330);
#3328 = ( REPRESENTATION_RELATIONSHIP('','',#2028,#10) 
REPRESENTATION_RELATIONSHIP_WITH_TRANSFORMATION(#3329) 
SHAPE_REPRESENTATION_RELATIONSHIP() );
#3329 = ITEM_DEFINED_TRANSFORMATION('','',#11,#247);
#3330 = PRODUCT_DEFINITION_SHAPE('Placement','Placement of an item',
  #3331);
#3331 = NEXT_ASSEMBLY_USAGE_OCCURRENCE('59','=>[0:1:1:1]','',#5,#2023,$
  );
#3332 = CONTEXT_DEPENDENT_SHAPE_REPRESENTATION(#3333,#3335);
#3333 = ( REPRESENTATION_RELATIONSHIP('','',#2028,#10) 
REPRESENTATION_RELATIONSHIP_WITH_TRANSFORMATION(#3334) 
SHAPE_REPRESENTATION_RELATIONSHIP() );
#3334 = ITEM_DEFINED_TRANSFORMATION('','',#11,#251);
#3335 = PRODUCT_DEFINITION_SHAPE('Placement','Placement of an item',
  #3336);
#3336 = NEXT_ASSEMBLY_USAGE_OCCURRENCE('60','=>[0:1:1:1]','',#5,#2023,$
  );
#3337 = CONTEXT_DEPENDENT_SHAPE_REPRESENTATION(#3338,#3340);
#3338 = ( REPRESENTATION_RELATIONSHIP('','',#2028,#10) 
REPRESENTATION_RELATIONSHIP_WITH_TRANSFORMATION(#3339) 
SHAPE_REPRESENTATION_RELATIONSHIP() );
#3339 = ITEM_DEFINED_TRANSFORMATION('','',#11,#255);
#3340 = PRODUCT_DEFINITION_SHAPE('Placement','Placement of an item',
  #3341);
#3341 = NEXT_ASSEMBLY_USAGE_OCCURRENCE('61','=>[0:1:1:1]','',#5,#2023,$
  );
#3342 = CONTEXT_DEPENDENT_SHAPE_REPRESENTATION(#3343,#3345);
#3343 = ( REPRESENTATION_RELATIONSHIP('','',#2028,#10) 
REPRESENTATION_RELATIONSHIP_WITH_TRANSFORMATION(#3344) 
SHAPE_REPRESENTATION_RELATIONSHIP() );
#3344 = ITEM_DEFINED_TRANSFORMATION('','',#11,#259);
#3345 = PRODUCT_DEFINITION_SHAPE('Placement','Placement of an item',
  #3346);
#3346 = NEXT_ASSEMBLY_USAGE_OCCURRENCE('62','=>[0:1:1:1]','',#5,#2023,$
  );
#3347 = CONTEXT_DEPENDENT_SHAPE_REPRESENTATION(#3348,#3350);
#3348 = ( REPRESENTATION_RELATIONSHIP('','',#2028,#10) 
REPRESENTATION_RELATIONSHIP_WITH_TRANSFORMATION(#3349) 
SHAPE_REPRESENTATION_RELATIONSHIP() );
#3349 = ITEM_DEFINED_TRANSFORMATION('','',#11,#263);
#3350 = PRODUCT_DEFINITION_SHAPE('Placement','Placement of an item',
  #3351);
#3351 = NEXT_ASSEMBLY_USAGE_OCCURRENCE('63','=>[0:1:1:1]','',#5,#2023,$
  );
#3352 = CONTEXT_DEPENDENT_SHAPE_REPRESENTATION(#3353,#3355);
#3353 = ( REPRESENTATION_RELATIONSHIP('','',#2028,#10) 
REPRESENTATION_RELATIONSHIP_WITH_TRANSFORMATION(#3354) 
SHAPE_REPRESENTATION_RELATIONSHIP() );
#3354 = ITEM_DEFINED_TRANSFORMATION('','',#11,#267);
#3355 = PRODUCT_DEFINITION_SHAPE('Placement','Placement of an item',
  #3356);
#3356 = NEXT_ASSEMBLY_USAGE_OCCURRENCE('64','=>[0:1:1:1]','',#5,#2023,$
  );
#3357 = CONTEXT_DEPENDENT_SHAPE_REPRESENTATION(#3358,#3360);
#3358 = ( REPRESENTATION_RELATIONSHIP('','',#2028,#10) 
REPRESENTATION_RELATIONSHIP_WITH_TRANSFORMATION(#3359) 
SHAPE_REPRESENTATION_RELATIONSHIP() );
#3359 = ITEM_DEFINED_TRANSFORMATION('','',#11,#271);
#3360 = PRODUCT_DEFINITION_SHAPE('Placement','Placement of an item',
  #3361);
#3361 = NEXT_ASSEMBLY_USAGE_OCCURRENCE('65','=>[0:1:1:1]','',#5,#2023,$
  );
#3362 = CONTEXT_DEPENDENT_SHAPE_REPRESENTATION(#3363,#3365);
#3363 = ( REPRESENTATION_RELATIONSHIP('','',#2028,#10) 
REPRESENTATION_RELATIONSHIP_WITH_TRANSFORMATION(#3364) 
SHAPE_REPRESENTATION_RELATIONSHIP() );
#3364 = ITEM_DEFINED_TRANSFORMATION('','',#11,#275);
#3365 = PRODUCT_DEFINITION_SHAPE('Placement','Placement of an item',
  #3366);
#3366 = NEXT_ASSEMBLY_USAGE_OCCURRENCE('66','=>[0:1:1:1]','',#5,#2023,$
  );
#3367 = CONTEXT_DEPENDENT_SHAPE_REPRESENTATION(#3368,#3370);
#3368 = ( REPRESENTATION_RELATIONSHIP('','',#2028,#10) 
REPRESENTATION_RELATIONSHIP_WITH_TRANSFORMATION(#3369) 
SHAPE_REPRESENTATION_RELATIONSHIP() );
#3369 = ITEM_DEFINED_TRANSFORMATION('','',#11,#279);
#3370 = PRODUCT_DEFINITION_SHAPE('Placement','Placement of an item',
  #3371);
#3371 = NEXT_ASSEMBLY_USAGE_OCCURRENCE('67','=>[0:1:1:1]','',#5,#2023,$
  );
#3372 = CONTEXT_DEPENDENT_SHAPE_REPRESENTATION(#3373,#3375);
#3373 = ( REPRESENTATION_RELATIONSHIP('','',#2028,#10) 
REPRESENTATION_RELATIONSHIP_WITH_TRANSFORMATION(#3374) 
SHAPE_REPRESENTATION_RELATIONSHIP() );
#3374 = ITEM_DEFINED_TRANSFORMATION('','',#11,#283);
#3375 = PRODUCT_DEFINITION_SHAPE('Placement','Placement of an item',
  #3376);
#3376 = NEXT_ASSEMBLY_USAGE_OCCURRENCE('68','=>[0:1:1:1]','',#5,#2023,$
  );
#3377 = CONTEXT_DEPENDENT_SHAPE_REPRESENTATION(#3378,#3380);
#3378 = ( REPRESENTATION_RELATIONSHIP('','',#2028,#10) 
REPRESENTATION_RELATIONSHIP_WITH_TRANSFORMATION(#3379) 
SHAPE_REPRESENTATION_RELATIONSHIP() );
#3379 = ITEM_DEFINED_TRANSFORMATION('','',#11,#287);
#3380 = PRODUCT_DEFINITION_SHAPE('Placement','Placement of an item',
  #3381);
#3381 = NEXT_ASSEMBLY_USAGE_OCCURRENCE('69','=>[0:1:1:1]','',#5,#2023,$
  );
#3382 = CONTEXT_DEPENDENT_SHAPE_REPRESENTATION(#3383,#3385);
#3383 = ( REPRESENTATION_RELATIONSHIP('','',#2028,#10) 
REPRESENTATION_RELATIONSHIP_WITH_TRANSFORMATION(#3384) 
SHAPE_REPRESENTATION_RELATIONSHIP() );
#3384 = ITEM_DEFINED_TRANSFORMATION('','',#11,#291);
#3385 = PRODUCT_DEFINITION_SHAPE('Placement','Placement of an item',
  #3386);
#3386 = NEXT_ASSEMBLY_USAGE_OCCURRENCE('70','=>[0:1:1:1]','',#5,#2023,$
  );
#3387 = CONTEXT_DEPENDENT_SHAPE_REPRESENTATION(#3388,#3390);
#3388 = ( REPRESENTATION_RELATIONSHIP('','',#2028,#10) 
REPRESENTATION_RELATIONSHIP_WITH_TRANSFORMATION(#3389) 
SHAPE_REPRESENTATION_RELATIONSHIP() );
#3389 = ITEM_DEFINED_TRANSFORMATION('','',#11,#295);
#3390 = PRODUCT_DEFINITION_SHAPE('Placement','Placement of an item',
  #3391);
#3391 = NEXT_ASSEMBLY_USAGE_OCCURRENCE('71','=>[0:1:1:1]','',#5,#2023,$
  );
#3392 = CONTEXT_DEPENDENT_SHAPE_REPRESENTATION(#3393,#3395);
#3393 = ( REPRESENTATION_RELATIONSHIP('','',#2028,#10) 
REPRESENTATION_RELATIONSHIP_WITH_TRANSFORMATION(#3394) 
SHAPE_REPRESENTATION_RELATIONSHIP() );
#3394 = ITEM_DEFINED_TRANSFORMATION('','',#11,#299);
#3395 = PRODUCT_DEFINITION_SHAPE('Placement','Placement of an item',
  #3396);
#3396 = NEXT_ASSEMBLY_USAGE_OCCURRENCE('72','=>[0:1:1:1]','',#5,#2023,$
  );
#3397 = CONTEXT_DEPENDENT_SHAPE_REPRESENTATION(#3398,#3400);
#3398 = ( REPRESENTATION_RELATIONSHIP('','',#2028,#10) 
REPRESENTATION_RELATIONSHIP_WITH_TRANSFORMATION(#3399) 
SHAPE_REPRESENTATION_RELATIONSHIP() );
#3399 = ITEM_DEFINED_TRANSFORMATION('','',#11,#303);
#3400 = PRODUCT_DEFINITION_SHAPE('Placement','Placement of an item',
  #3401);
#3401 = NEXT_ASSEMBLY_USAGE_OCCURRENCE('73','=>[0:1:1:1]','',#5,#2023,$
  );
#3402 = CONTEXT_DEPENDENT_SHAPE_REPRESENTATION(#3403,#3405);
#3403 = ( REPRESENTATION_RELATIONSHIP('','',#2028,#10) 
REPRESENTATION_RELATIONSHIP_WITH_TRANSFORMATION(#3404) 
SHAPE_REPRESENTATION_RELATIONSHIP() );
#3404 = ITEM_DEFINED_TRANSFORMATION('','',#11,#307);
#3405 = PRODUCT_DEFINITION_SHAPE('Placement','Placement of an item',
  #3406);
#3406 = NEXT_ASSEMBLY_USAGE_OCCURRENCE('74','=>[0:1:1:1]','',#5,#2023,$
  );
#3407 = CONTEXT_DEPENDENT_SHAPE_REPRESENTATION(#3408,#3410);
#3408 = ( REPRESENTATION_RELATIONSHIP('','',#2028,#10) 
REPRESENTATION_RELATIONSHIP_WITH_TRANSFORMATION(#3409) 
SHAPE_REPRESENTATION_RELATIONSHIP() );
#3409 = ITEM_DEFINED_TRANSFORMATION('','',#11,#311);
#3410 = PRODUCT_DEFINITION_SHAPE('Placement','Placement of an item',
  #3411);
#3411 = NEXT_ASSEMBLY_USAGE_OCCURRENCE('75','=>[0:1:1:1]','',#5,#2023,$
  );
#3412 = CONTEXT_DEPENDENT_SHAPE_REPRESENTATION(#3413,#3415);
#3413 = ( REPRESENTATION_RELATIONSHIP('','',#2028,#10) 
REPRESENTATION_RELATIONSHIP_WITH_TRANSFORMATION(#3414) 
SHAPE_REPRESENTATION_RELATIONSHIP() );
#3414 = ITEM_DEFINED_TRANSFORMATION('','',#11,#315);
#3415 = PRODUCT_DEFINITION_SHAPE('Placement','Placement of an item',
  #3416);
#3416 = NEXT_ASSEMBLY_USAGE_OCCURRENCE('76','=>[0:1:1:1]','',#5,#2023,$
  );
#3417 = CONTEXT_DEPENDENT_SHAPE_REPRESENTATION(#3418,#3420);
#3418 = ( REPRESENTATION_RELATIONSHIP('','',#2028,#10) 
REPRESENTATION_RELATIONSHIP_WITH_TRANSFORMATION(#3419) 
SHAPE_REPRESENTATION_RELATIONSHIP() );
#3419 = ITEM_DEFINED_TRANSFORMATION('','',#11,#319);
#3420 = PRODUCT_DEFINITION_SHAPE('Placement','Placement of an item',
  #3421);
#3421 = NEXT_ASSEMBLY_USAGE_OCCURRENCE('77','=>[0:1:1:1]','',#5,#2023,$
  );
#3422 = CONTEXT_DEPENDENT_SHAPE_REPRESENTATION(#3423,#3425);
#3423 = ( REPRESENTATION_RELATIONSHIP('','',#2028,#10) 
REPRESENTATION_RELATIONSHIP_WITH_TRANSFORMATION(#3424) 
SHAPE_REPRESENTATION_RELATIONSHIP() );
#3424 = ITEM_DEFINED_TRANSFORMATION('','',#11,#323);
#3425 = PRODUCT_DEFINITION_SHAPE('Placement','Placement of an item',
  #3426);
#3426 = NEXT_ASSEMBLY_USAGE_OCCURRENCE('78','=>[0:1:1:1]','',#5,#2023,$
  );
#3427 = CONTEXT_DEPENDENT_SHAPE_REPRESENTATION(#3428,#3430);
#3428 = ( REPRESENTATION_RELATIONSHIP('','',#2028,#10) 
REPRESENTATION_RELATIONSHIP_WITH_TRANSFORMATION(#3429) 
SHAPE_REPRESENTATION_RELATIONSHIP() );
#3429 = ITEM_DEFINED_TRANSFORMATION('','',#11,#327);
#3430 = PRODUCT_DEFINITION_SHAPE('Placement','Placement of an item',
  #3431);
#3431 = NEXT_ASSEMBLY_USAGE_OCCURRENCE('79','=>[0:1:1:1]','',#5,#2023,$
  );
#3432 = CONTEXT_DEPENDENT_SHAPE_REPRESENTATION(#3433,#3435);
#3433 = ( REPRESENTATION_RELATIONSHIP('','',#2028,#10) 
REPRESENTATION_RELATIONSHIP_WITH_TRANSFORMATION(#3434) 
SHAPE_REPRESENTATION_RELATIONSHIP() );
#3434 = ITEM_DEFINED_TRANSFORMATION('','',#11,#331);
#3435 = PRODUCT_DEFINITION_SHAPE('Placement','Placement of an item',
  #3436);
#3436 = NEXT_ASSEMBLY_USAGE_OCCURRENCE('80','=>[0:1:1:1]','',#5,#2023,$
  );
#3437 = CONTEXT_DEPENDENT_SHAPE_REPRESENTATION(#3438,#3440);
#3438 = ( REPRESENTATION_RELATIONSHIP('','',#2028,#10) 
REPRESENTATION_RELATIONSHIP_WITH_TRANSFORMATION(#3439) 
SHAPE_REPRESENTATION_RELATIONSHIP() );
#3439 = ITEM_DEFINED_TRANSFORMATION('','',#11,#335);
#3440 = PRODUCT_DEFINITION_SHAPE('Placement','Placement of an item',
  #3441);
#3441 = NEXT_ASSEMBLY_USAGE_OCCURRENCE('81','=>[0:1:1:1]','',#5,#2023,$
  );
#3442 = CONTEXT_DEPENDENT_SHAPE_REPRESENTATION(#3443,#3445);
#3443 = ( REPRESENTATION_RELATIONSHIP('','',#2028,#10) 
REPRESENTATION_RELATIONSHIP_WITH_TRANSFORMATION(#3444) 
SHAPE_REPRESENTATION_RELATIONSHIP() );
#3444 = ITEM_DEFINED_TRANSFORMATION('','',#11,#339);
#3445 = PRODUCT_DEFINITION_SHAPE('Placement','Placement of an item',
  #3446);
#3446 = NEXT_ASSEMBLY_USAGE_OCCURRENCE('82','=>[0:1:1:1]','',#5,#2023,$
  );
#3447 = CONTEXT_DEPENDENT_SHAPE_REPRESENTATION(#3448,#3450);
#3448 = ( REPRESENTATION_RELATIONSHIP('','',#2028,#10) 
REPRESENTATION_RELATIONSHIP_WITH_TRANSFORMATION(#3449) 
SHAPE_REPRESENTATION_RELATIONSHIP() );
#3449 = ITEM_DEFINED_TRANSFORMATION('','',#11,#343);
#3450 = PRODUCT_DEFINITION_SHAPE('Placement','Placement of an item',
  #3451);
#3451 = NEXT_ASSEMBLY_USAGE_OCCURRENCE('83','=>[0:1:1:1]','',#5,#2023,$
  );
#3452 = CONTEXT_DEPENDENT_SHAPE_REPRESENTATION(#3453,#3455);
#3453 = ( REPRESENTATION_RELATIONSHIP('','',#2028,#10) 
REPRESENTATION_RELATIONSHIP_WITH_TRANSFORMATION(#3454) 
SHAPE_REPRESENTATION_RELATIONSHIP() );
#3454 = ITEM_DEFINED_TRANSFORMATION('','',#11,#347);
#3455 = PRODUCT_DEFINITION_SHAPE('Placement','Placement of an item',
  #3456);
#3456 = NEXT_ASSEMBLY_USAGE_OCCURRENCE('84','=>[0:1:1:1]','',#5,#2023,$
  );
#3457 = CONTEXT_DEPENDENT_SHAPE_REPRESENTATION(#3458,#3460);
#3458 = ( REPRESENTATION_RELATIONSHIP('','',#2028,#10) 
REPRESENTATION_RELATIONSHIP_WITH_TRANSFORMATION(#3459) 
SHAPE_REPRESENTATION_RELATIONSHIP() );
#3459 = ITEM_DEFINED_TRANSFORMATION('','',#11,#351);
#3460 = PRODUCT_DEFINITION_SHAPE('Placement','Placement of an item',
  #3461);
#3461 = NEXT_ASSEMBLY_USAGE_OCCURRENCE('85','=>[0:1:1:1]','',#5,#2023,$
  );
#3462 = CONTEXT_DEPENDENT_SHAPE_REPRESENTATION(#3463,#3465);
#3463 = ( REPRESENTATION_RELATIONSHIP('','',#2028,#10) 
REPRESENTATION_RELATIONSHIP_WITH_TRANSFORMATION(#3464) 
SHAPE_REPRESENTATION_RELATIONSHIP() );
#3464 = ITEM_DEFINED_TRANSFORMATION('','',#11,#355);
#3465 = PRODUCT_DEFINITION_SHAPE('Placement','Placement of an item',
  #3466);
#3466 = NEXT_ASSEMBLY_USAGE_OCCURRENCE('86','=>[0:1:1:1]','',#5,#2023,$
  );
#3467 = CONTEXT_DEPENDENT_SHAPE_REPRESENTATION(#3468,#3470);
#3468 = ( REPRESENTATION_RELATIONSHIP('','',#2028,#10) 
REPRESENTATION_RELATIONSHIP_WITH_TRANSFORMATION(#3469) 
SHAPE_REPRESENTATION_RELATIONSHIP() );
#3469 = ITEM_DEFINED_TRANSFORMATION('','',#11,#359);
#3470 = PRODUCT_DEFINITION_SHAPE('Placement','Placement of an item',
  #3471);
#3471 = NEXT_ASSEMBLY_USAGE_OCCURRENCE('87','=>[0:1:1:1]','',#5,#2023,$
  );
#3472 = CONTEXT_DEPENDENT_SHAPE_REPRESENTATION(#3473,#3475);
#3473 = ( REPRESENTATION_RELATIONSHIP('','',#2028,#10) 
REPRESENTATION_RELATIONSHIP_WITH_TRANSFORMATION(#3474) 
SHAPE_REPRESENTATION_RELATIONSHIP() );
#3474 = ITEM_DEFINED_TRANSFORMATION('','',#11,#363);
#3475 = PRODUCT_DEFINITION_SHAPE('Placement','Placement of an item',
  #3476);
#3476 = NEXT_ASSEMBLY_USAGE_OCCURRENCE('88','=>[0:1:1:1]','',#5,#2023,$
  );
#3477 = CONTEXT_DEPENDENT_SHAPE_REPRESENTATION(#3478,#3480);
#3478 = ( REPRESENTATION_RELATIONSHIP('','',#2028,#10) 
REPRESENTATION_RELATIONSHIP_WITH_TRANSFORMATION(#3479) 
SHAPE_REPRESENTATION_RELATIONSHIP() );
#3479 = ITEM_DEFINED_TRANSFORMATION('','',#11,#367);
#3480 = PRODUCT_DEFINITION_SHAPE('Placement','Placement of an item',
  #3481);
#3481 = NEXT_ASSEMBLY_USAGE_OCCURRENCE('89','=>[0:1:1:1]','',#5,#2023,$
  );
#3482 = CONTEXT_DEPENDENT_SHAPE_REPRESENTATION(#3483,#3485);
#3483 = ( REPRESENTATION_RELATIONSHIP('','',#2028,#10) 
REPRESENTATION_RELATIONSHIP_WITH_TRANSFORMATION(#3484) 
SHAPE_REPRESENTATION_RELATIONSHIP() );
#3484 = ITEM_DEFINED_TRANSFORMATION('','',#11,#371);
#3485 = PRODUCT_DEFINITION_SHAPE('Placement','Placement of an item',
  #3486);
#3486 = NEXT_ASSEMBLY_USAGE_OCCURRENCE('90','=>[0:1:1:1]','',#5,#2023,$
  );
#3487 = CONTEXT_DEPENDENT_SHAPE_REPRESENTATION(#3488,#3490);
#3488 = ( REPRESENTATION_RELATIONSHIP('','',#2028,#10) 
REPRESENTATION_RELATIONSHIP_WITH_TRANSFORMATION(#3489) 
SHAPE_REPRESENTATION_RELATIONSHIP() );
#3489 = ITEM_DEFINED_TRANSFORMATION('','',#11,#375);
#3490 = PRODUCT_DEFINITION_SHAPE('Placement','Placement of an item',
  #3491);
#3491 = NEXT_ASSEMBLY_USAGE_OCCURRENCE('91','=>[0:1:1:1]','',#5,#2023,$
  );
#3492 = CONTEXT_DEPENDENT_SHAPE_REPRESENTATION(#3493,#3495);
#3493 = ( REPRESENTATION_RELATIONSHIP('','',#2028,#10) 
REPRESENTATION_RELATIONSHIP_WITH_TRANSFORMATION(#3494) 
SHAPE_REPRESENTATION_RELATIONSHIP() );
#3494 = ITEM_DEFINED_TRANSFORMATION('','',#11,#379);
#3495 = PRODUCT_DEFINITION_SHAPE('Placement','Placement of an item',
  #3496);
#3496 = NEXT_ASSEMBLY_USAGE_OCCURRENCE('92','=>[0:1:1:1]','',#5,#2023,$
  );
#3497 = CONTEXT_DEPENDENT_SHAPE_REPRESENTATION(#3498,#3500);
#3498 = ( REPRESENTATION_RELATIONSHIP('','',#2028,#10) 
REPRESENTATION_RELATIONSHIP_WITH_TRANSFORMATION(#3499) 
SHAPE_REPRESENTATION_RELATIONSHIP() );
#3499 = ITEM_DEFINED_TRANSFORMATION('','',#11,#383);
#3500 = PRODUCT_DEFINITION_SHAPE('Placement','Placement of an item',
  #3501);
#3501 = NEXT_ASSEMBLY_USAGE_OCCURRENCE('93','=>[0:1:1:1]','',#5,#2023,$
  );
#3502 = CONTEXT_DEPENDENT_SHAPE_REPRESENTATION(#3503,#3505);
#3503 = ( REPRESENTATION_RELATIONSHIP('','',#2028,#10) 
REPRESENTATION_RELATIONSHIP_WITH_TRANSFORMATION(#3504) 
SHAPE_REPRESENTATION_RELATIONSHIP() );
#3504 = ITEM_DEFINED_TRANSFORMATION('','',#11,#387);
#3505 = PRODUCT_DEFINITION_SHAPE('Placement','Placement of an item',
  #3506);
#3506 = NEXT_ASSEMBLY_USAGE_OCCURRENCE('94','=>[0:1:1:1]','',#5,#2023,$
  );
#3507 = CONTEXT_DEPENDENT_SHAPE_REPRESENTATION(#3508,#3510);
#3508 = ( REPRESENTATION_RELATIONSHIP('','',#2028,#10) 
REPRESENTATION_RELATIONSHIP_WITH_TRANSFORMATION(#3509) 
SHAPE_REPRESENTATION_RELATIONSHIP() );
#3509 = ITEM_DEFINED_TRANSFORMATION('','',#11,#391);
#3510 = PRODUCT_DEFINITION_SHAPE('Placement','Placement of an item',
  #3511);
#3511 = NEXT_ASSEMBLY_USAGE_OCCURRENCE('95','=>[0:1:1:1]','',#5,#2023,$
  );
#3512 = CONTEXT_DEPENDENT_SHAPE_REPRESENTATION(#3513,#3515);
#3513 = ( REPRESENTATION_RELATIONSHIP('','',#2028,#10) 
REPRESENTATION_RELATIONSHIP_WITH_TRANSFORMATION(#3514) 
SHAPE_REPRESENTATION_RELATIONSHIP() );
#3514 = ITEM_DEFINED_TRANSFORMATION('','',#11,#395);
#3515 = PRODUCT_DEFINITION_SHAPE('Placement','Placement of an item',
  #3516);
#3516 = NEXT_ASSEMBLY_USAGE_OCCURRENCE('96','=>[0:1:1:1]','',#5,#2023,$
  );
#3517 = CONTEXT_DEPENDENT_SHAPE_REPRESENTATION(#3518,#3520);
#3518 = ( REPRESENTATION_RELATIONSHIP('','',#2028,#10) 
REPRESENTATION_RELATIONSHIP_WITH_TRANSFORMATION(#3519) 
SHAPE_REPRESENTATION_RELATIONSHIP() );
#3519 = ITEM_DEFINED_TRANSFORMATION('','',#11,#399);
#3520 = PRODUCT_DEFINITION_SHAPE('Placement','Placement of an item',
  #3521);
#3521 = NEXT_ASSEMBLY_USAGE_OCCURRENCE('97','=>[0:1:1:1]','',#5,#2023,$
  );
#3522 = CONTEXT_DEPENDENT_SHAPE_REPRESENTATION(#3523,#3525);
#3523 = ( REPRESENTATION_RELATIONSHIP('','',#2028,#10) 
REPRESENTATION_RELATIONSHIP_WITH_TRANSFORMATION(#3524) 
SHAPE_REPRESENTATION_RELATIONSHIP() );
#3524 = ITEM_DEFINED_TRANSFORMATION('','',#11,#403);
#3525 = PRODUCT_DEFINITION_SHAPE('Placement','Placement of an item',
  #3526);
#3526 = NEXT_ASSEMBLY_USAGE_OCCURRENCE('98','=>[0:1:1:1]','',#5,#2023,$
  );
#3527 = CONTEXT_DEPENDENT_SHAPE_REPRESENTATION(#3528,#3530);
#3528 = ( REPRESENTATION_RELATIONSHIP('','',#2028,#10) 
REPRESENTATION_RELATIONSHIP_WITH_TRANSFORMATION(#3529) 
SHAPE_REPRESENTATION_RELATIONSHIP() );
#3529 = ITEM_DEFINED_TRANSFORMATION('','',#11,#407);
#3530 = PRODUCT_DEFINITION_SHAPE('Placement','Placement of an item',
  #3531);
#3531 = NEXT_ASSEMBLY_USAGE_OCCURRENCE('99','=>[0:1:1:1]','',#5,#2023,$
  );
#3532 = CONTEXT_DEPENDENT_SHAPE_REPRESENTATION(#3533,#3535);
#3533 = ( REPRESENTATION_RELATIONSHIP('','',#2028,#10) 
REPRESENTATION_RELATIONSHIP_WITH_TRANSFORMATION(#3534) 
SHAPE_REPRESENTATION_RELATIONSHIP() );
#3534 = ITEM_DEFINED_TRANSFORMATION('','',#11,#411);
#3535 = PRODUCT_DEFINITION_SHAPE('Placement','Placement of an item',
  #3536);
#3536 = NEXT_ASSEMBLY_USAGE_OCCURRENCE('100','=>[0:1:1:1]','',#5,#2023,$
  );
#3537 = CONTEXT_DEPENDENT_SHAPE_REPRESENTATION(#3538,#3540);
#3538 = ( REPRESENTATION_RELATIONSHIP('','',#2028,#10) 
REPRESENTATION_RELATIONSHIP_WITH_TRANSFORMATION(#3539) 
SHAPE_REPRESENTATION_RELATIONSHIP() );
#3539 = ITEM_DEFINED_TRANSFORMATION('','',#11,#415);
#3540 = PRODUCT_DEFINITION_SHAPE('Placement','Placement of an item',
  #3541);
#3541 = NEXT_ASSEMBLY_USAGE_OCCURRENCE('101','=>[0:1:1:1]','',#5,#2023,$
  );
#3542 = CONTEXT_DEPENDENT_SHAPE_REPRESENTATION(#3543,#3545);
#3543 = ( REPRESENTATION_RELATIONSHIP('','',#2028,#10) 
REPRESENTATION_RELATIONSHIP_WITH_TRANSFORMATION(#3544) 
SHAPE_REPRESENTATION_RELATIONSHIP() );
#3544 = ITEM_DEFINED_TRANSFORMATION('','',#11,#419);
#3545 = PRODUCT_DEFINITION_SHAPE('Placement','Placement of an item',
  #3546);
#3546 = NEXT_ASSEMBLY_USAGE_OCCURRENCE('102','=>[0:1:1:1]','',#5,#2023,$
  );
#3547 = CONTEXT_DEPENDENT_SHAPE_REPRESENTATION(#3548,#3550);
#3548 = ( REPRESENTATION_RELATIONSHIP('','',#2028,#10) 
REPRESENTATION_RELATIONSHIP_WITH_TRANSFORMATION(#3549) 
SHAPE_REPRESENTATION_RELATIONSHIP() );
#3549 = ITEM_DEFINED_TRANSFORMATION('','',#11,#423);
#3550 = PRODUCT_DEFINITION_SHAPE('Placement','Placement of an item',
  #3551);
#3551 = NEXT_ASSEMBLY_USAGE_OCCURRENCE('103','=>[0:1:1:1]','',#5,#2023,$
  );
#3552 = CONTEXT_DEPENDENT_SHAPE_REPRESENTATION(#3553,#3555);
#3553 = ( REPRESENTATION_RELATIONSHIP('','',#2028,#10) 
REPRESENTATION_RELATIONSHIP_WITH_TRANSFORMATION(#3554) 
SHAPE_REPRESENTATION_RELATIONSHIP() );
#3554 = ITEM_DEFINED_TRANSFORMATION('','',#11,#427);
#3555 = PRODUCT_DEFINITION_SHAPE('Placement','Placement of an item',
  #3556);
#3556 = NEXT_ASSEMBLY_USAGE_OCCURRENCE('104','=>[0:1:1:1]','',#5,#2023,$
  );
#3557 = CONTEXT_DEPENDENT_SHAPE_REPRESENTATION(#3558,#3560);
#3558 = ( REPRESENTATION_RELATIONSHIP('','',#2028,#10) 
REPRESENTATION_RELATIONSHIP_WITH_TRANSFORMATION(#3559) 
SHAPE_REPRESENTATION_RELATIONSHIP() );
#3559 = ITEM_DEFINED_TRANSFORMATION('','',#11,#431);
#3560 = PRODUCT_DEFINITION_SHAPE('Placement','Placement of an item',
  #3561);
#3561 = NEXT_ASSEMBLY_USAGE_OCCURRENCE('105','=>[0:1:1:1]','',#5,#2023,$
  );
#3562 = CONTEXT_DEPENDENT_SHAPE_REPRESENTATION(#3563,#3565);
#3563 = ( REPRESENTATION_RELATIONSHIP('','',#2028,#10) 
REPRESENTATION_RELATIONSHIP_WITH_TRANSFORMATION(#3564) 
SHAPE_REPRESENTATION_RELATIONSHIP() );
#3564 = ITEM_DEFINED_TRANSFORMATION('','',#11,#435);
#3565 = PRODUCT_DEFINITION_SHAPE('Placement','Placement of an item',
  #3566);
#3566 = NEXT_ASSEMBLY_USAGE_OCCURRENCE('106','=>[0:1:1:1]','',#5,#2023,$
  );
#3567 = CONTEXT_DEPENDENT_SHAPE_REPRESENTATION(#3568,#3570);
#3568 = ( REPRESENTATION_RELATIONSHIP('','',#2028,#10) 
REPRESENTATION_RELATIONSHIP_WITH_TRANSFORMATION(#3569) 
SHAPE_REPRESENTATION_RELATIONSHIP() );
#3569 = ITEM_DEFINED_TRANSFORMATION('','',#11,#439);
#3570 = PRODUCT_DEFINITION_SHAPE('Placement','Placement of an item',
  #3571);
#3571 = NEXT_ASSEMBLY_USAGE_OCCURRENCE('107','=>[0:1:1:1]','',#5,#2023,$
  );
#3572 = CONTEXT_DEPENDENT_SHAPE_REPRESENTATION(#3573,#3575);
#3573 = ( REPRESENTATION_RELATIONSHIP('','',#2028,#10) 
REPRESENTATION_RELATIONSHIP_WITH_TRANSFORMATION(#3574) 
SHAPE_REPRESENTATION_RELATIONSHIP() );
#3574 = ITEM_DEFINED_TRANSFORMATION('','',#11,#443);
#3575 = PRODUCT_DEFINITION_SHAPE('Placement','Placement of an item',
  #3576);
#3576 = NEXT_ASSEMBLY_USAGE_OCCURRENCE('108','=>[0:1:1:1]','',#5,#2023,$
  );
#3577 = CONTEXT_DEPENDENT_SHAPE_REPRESENTATION(#3578,#3580);
#3578 = ( REPRESENTATION_RELATIONSHIP('','',#2028,#10) 
REPRESENTATION_RELATIONSHIP_WITH_TRANSFORMATION(#3579) 
SHAPE_REPRESENTATION_RELATIONSHIP() );
#3579 = ITEM_DEFINED_TRANSFORMATION('','',#11,#447);
#3580 = PRODUCT_DEFINITION_SHAPE('Placement','Placement of an item',
  #3581);
#3581 = NEXT_ASSEMBLY_USAGE_OCCURRENCE('109','=>[0:1:1:1]','',#5,#2023,$
  );
#3582 = CONTEXT_DEPENDENT_SHAPE_REPRESENTATION(#3583,#3585);
#3583 = ( REPRESENTATION_RELATIONSHIP('','',#2028,#10) 
REPRESENTATION_RELATIONSHIP_WITH_TRANSFORMATION(#3584) 
SHAPE_REPRESENTATION_RELATIONSHIP() );
#3584 = ITEM_DEFINED_TRANSFORMATION('','',#11,#451);
#3585 = PRODUCT_DEFINITION_SHAPE('Placement','Placement of an item',
  #3586);
#3586 = NEXT_ASSEMBLY_USAGE_OCCURRENCE('110','=>[0:1:1:1]','',#5,#2023,$
  );
#3587 = CONTEXT_DEPENDENT_SHAPE_REPRESENTATION(#3588,#3590);
#3588 = ( REPRESENTATION_RELATIONSHIP('','',#2028,#10) 
REPRESENTATION_RELATIONSHIP_WITH_TRANSFORMATION(#3589) 
SHAPE_REPRESENTATION_RELATIONSHIP() );
#3589 = ITEM_DEFINED_TRANSFORMATION('','',#11,#455);
#3590 = PRODUCT_DEFINITION_SHAPE('Placement','Placement of an item',
  #3591);
#3591 = NEXT_ASSEMBLY_USAGE_OCCURRENCE('111','=>[0:1:1:1]','',#5,#2023,$
  );
#3592 = CONTEXT_DEPENDENT_SHAPE_REPRESENTATION(#3593,#3595);
#3593 = ( REPRESENTATION_RELATIONSHIP('','',#2028,#10) 
REPRESENTATION_RELATIONSHIP_WITH_TRANSFORMATION(#3594) 
SHAPE_REPRESENTATION_RELATIONSHIP() );
#3594 = ITEM_DEFINED_TRANSFORMATION('','',#11,#459);
#3595 = PRODUCT_DEFINITION_SHAPE('Placement','Placement of an item',
  #3596);
#3596 = NEXT_ASSEMBLY_USAGE_OCCURRENCE('112','=>[0:1:1:1]','',#5,#2023,$
  );
#3597 = CONTEXT_DEPENDENT_SHAPE_REPRESENTATION(#3598,#3600);
#3598 = ( REPRESENTATION_RELATIONSHIP('','',#2028,#10) 
REPRESENTATION_RELATIONSHIP_WITH_TRANSFORMATION(#3599) 
SHAPE_REPRESENTATION_RELATIONSHIP() );
#3599 = ITEM_DEFINED_TRANSFORMATION('','',#11,#463);
#3600 = PRODUCT_DEFINITION_SHAPE('Placement','Placement of an item',
  #3601);
#3601 = NEXT_ASSEMBLY_USAGE_OCCURRENCE('113','=>[0:1:1:1]','',#5,#2023,$
  );
#3602 = CONTEXT_DEPENDENT_SHAPE_REPRESENTATION(#3603,#3605);
#3603 = ( REPRESENTATION_RELATIONSHIP('','',#2028,#10) 
REPRESENTATION_RELATIONSHIP_WITH_TRANSFORMATION(#3604) 
SHAPE_REPRESENTATION_RELATIONSHIP() );
#3604 = ITEM_DEFINED_TRANSFORMATION('','',#11,#467);
#3605 = PRODUCT_DEFINITION_SHAPE('Placement','Placement of an item',
  #3606);
#3606 = NEXT_ASSEMBLY_USAGE_OCCURRENCE('114','=>[0:1:1:1]','',#5,#2023,$
  );
#3607 = CONTEXT_DEPENDENT_SHAPE_REPRESENTATION(#3608,#3610);
#3608 = ( REPRESENTATION_RELATIONSHIP('','',#2028,#10) 
REPRESENTATION_RELATIONSHIP_WITH_TRANSFORMATION(#3609) 
SHAPE_REPRESENTATION_RELATIONSHIP() );
#3609 = ITEM_DEFINED_TRANSFORMATION('','',#11,#471);
#3610 = PRODUCT_DEFINITION_SHAPE('Placement','Placement of an item',
  #3611);
#3611 = NEXT_ASSEMBLY_USAGE_OCCURRENCE('115','=>[0:1:1:1]','',#5,#2023,$
  );
#3612 = CONTEXT_DEPENDENT_SHAPE_REPRESENTATION(#3613,#3615);
#3613 = ( REPRESENTATION_RELATIONSHIP('','',#2028,#10) 
REPRESENTATION_RELATIONSHIP_WITH_TRANSFORMATION(#3614) 
SHAPE_REPRESENTATION_RELATIONSHIP() );
#3614 = ITEM_DEFINED_TRANSFORMATION('','',#11,#475);
#3615 = PRODUCT_DEFINITION_SHAPE('Placement','Placement of an item',
  #3616);
#3616 = NEXT_ASSEMBLY_USAGE_OCCURRENCE('116','=>[0:1:1:1]','',#5,#2023,$
  );
#3617 = CONTEXT_DEPENDENT_SHAPE_REPRESENTATION(#3618,#3620);
#3618 = ( REPRESENTATION_RELATIONSHIP('','',#2028,#10) 
REPRESENTATION_RELATIONSHIP_WITH_TRANSFORMATION(#3619) 
SHAPE_REPRESENTATION_RELATIONSHIP() );
#3619 = ITEM_DEFINED_TRANSFORMATION('','',#11,#479);
#3620 = PRODUCT_DEFINITION_SHAPE('Placement','Placement of an item',
  #3621);
#3621 = NEXT_ASSEMBLY_USAGE_OCCURRENCE('117','=>[0:1:1:1]','',#5,#2023,$
  );
#3622 = CONTEXT_DEPENDENT_SHAPE_REPRESENTATION(#3623,#3625);
#3623 = ( REPRESENTATION_RELATIONSHIP('','',#2028,#10) 
REPRESENTATION_RELATIONSHIP_WITH_TRANSFORMATION(#3624) 
SHAPE_REPRESENTATION_RELATIONSHIP() );
#3624 = ITEM_DEFINED_TRANSFORMATION('','',#11,#483);
#3625 = PRODUCT_DEFINITION_SHAPE('Placement','Placement of an item',
  #3626);
#3626 = NEXT_ASSEMBLY_USAGE_OCCURRENCE('118','=>[0:1:1:1]','',#5,#2023,$
  );
#3627 = CONTEXT_DEPENDENT_SHAPE_REPRESENTATION(#3628,#3630);
#3628 = ( REPRESENTATION_RELATIONSHIP('','',#2028,#10) 
REPRESENTATION_RELATIONSHIP_WITH_TRANSFORMATION(#3629) 
SHAPE_REPRESENTATION_RELATIONSHIP() );
#3629 = ITEM_DEFINED_TRANSFORMATION('','',#11,#487);
#3630 = PRODUCT_DEFINITION_SHAPE('Placement','Placement of an item',
  #3631);
#3631 = NEXT_ASSEMBLY_USAGE_OCCURRENCE('119','=>[0:1:1:1]','',#5,#2023,$
  );
#3632 = CONTEXT_DEPENDENT_SHAPE_REPRESENTATION(#3633,#3635);
#3633 = ( REPRESENTATION_RELATIONSHIP('','',#2028,#10) 
REPRESENTATION_RELATIONSHIP_WITH_TRANSFORMATION(#3634) 
SHAPE_REPRESENTATION_RELATIONSHIP() );
#3634 = ITEM_DEFINED_TRANSFORMATION('','',#11,#491);
#3635 = PRODUCT_DEFINITION_SHAPE('Placement','Placement of an item',
  #3636);
#3636 = NEXT_ASSEMBLY_USAGE_OCCURRENCE('120','=>[0:1:1:1]','',#5,#2023,$
  );
#3637 = CONTEXT_DEPENDENT_SHAPE_REPRESENTATION(#3638,#3640);
#3638 = ( REPRESENTATION_RELATIONSHIP('','',#2028,#10) 
REPRESENTATION_RELATIONSHIP_WITH_TRANSFORMATION(#3639) 
SHAPE_REPRESENTATION_RELATIONSHIP() );
#3639 = ITEM_DEFINED_TRANSFORMATION('','',#11,#495);
#3640 = PRODUCT_DEFINITION_SHAPE('Placement','Placement of an item',
  #3641);
#3641 = NEXT_ASSEMBLY_USAGE_OCCURRENCE('121','=>[0:1:1:1]','',#5,#2023,$
  );
#3642 = CONTEXT_DEPENDENT_SHAPE_REPRESENTATION(#3643,#3645);
#3643 = ( REPRESENTATION_RELATIONSHIP('','',#2028,#10) 
REPRESENTATION_RELATIONSHIP_WITH_TRANSFORMATION(#3644) 
SHAPE_REPRESENTATION_RELATIONSHIP() );
#3644 = ITEM_DEFINED_TRANSFORMATION('','',#11,#499);
#3645 = PRODUCT_DEFINITION_SHAPE('Placement','Placement of an item',
  #3646);
#3646 = NEXT_ASSEMBLY_USAGE_OCCURRENCE('122','=>[0:1:1:1]','',#5,#2023,$
  );
#3647 = CONTEXT_DEPENDENT_SHAPE_REPRESENTATION(#3648,#3650);
#3648 = ( REPRESENTATION_RELATIONSHIP('','',#2028,#10) 
REPRESENTATION_RELATIONSHIP_WITH_TRANSFORMATION(#3649) 
SHAPE_REPRESENTATION_RELATIONSHIP() );
#3649 = ITEM_DEFINED_TRANSFORMATION('','',#11,#503);
#3650 = PRODUCT_DEFINITION_SHAPE('Placement','Placement of an item',
  #3651);
#3651 = NEXT_ASSEMBLY_USAGE_OCCURRENCE('123','=>[0:1:1:1]','',#5,#2023,$
  );
#3652 = CONTEXT_DEPENDENT_SHAPE_REPRESENTATION(#3653,#3655);
#3653 = ( REPRESENTATION_RELATIONSHIP('','',#2028,#10) 
REPRESENTATION_RELATIONSHIP_WITH_TRANSFORMATION(#3654) 
SHAPE_REPRESENTATION_RELATIONSHIP() );
#3654 = ITEM_DEFINED_TRANSFORMATION('','',#11,#507);
#3655 = PRODUCT_DEFINITION_SHAPE('Placement','Placement of an item',
  #3656);
#3656 = NEXT_ASSEMBLY_USAGE_OCCURRENCE('124','=>[0:1:1:1]','',#5,#2023,$
  );
#3657 = CONTEXT_DEPENDENT_SHAPE_REPRESENTATION(#3658,#3660);
#3658 = ( REPRESENTATION_RELATIONSHIP('','',#2028,#10) 
REPRESENTATION_RELATIONSHIP_WITH_TRANSFORMATION(#3659) 
SHAPE_REPRESENTATION_RELATIONSHIP() );
#3659 = ITEM_DEFINED_TRANSFORMATION('','',#11,#511);
#3660 = PRODUCT_DEFINITION_SHAPE('Placement','Placement of an item',
  #3661);
#3661 = NEXT_ASSEMBLY_USAGE_OCCURRENCE('125','=>[0:1:1:1]','',#5,#2023,$
  );
#3662 = CONTEXT_DEPENDENT_SHAPE_REPRESENTATION(#3663,#3665);
#3663 = ( REPRESENTATION_RELATIONSHIP('','',#2028,#10) 
REPRESENTATION_RELATIONSHIP_WITH_TRANSFORMATION(#3664) 
SHAPE_REPRESENTATION_RELATIONSHIP() );
#3664 = ITEM_DEFINED_TRANSFORMATION('','',#11,#515);
#3665 = PRODUCT_DEFINITION_SHAPE('Placement','Placement of an item',
  #3666);
#3666 = NEXT_ASSEMBLY_USAGE_OCCURRENCE('126','=>[0:1:1:1]','',#5,#2023,$
  );
#3667 = CONTEXT_DEPENDENT_SHAPE_REPRESENTATION(#3668,#3670);
#3668 = ( REPRESENTATION_RELATIONSHIP('','',#2028,#10) 
REPRESENTATION_RELATIONSHIP_WITH_TRANSFORMATION(#3669) 
SHAPE_REPRESENTATION_RELATIONSHIP() );
#3669 = ITEM_DEFINED_TRANSFORMATION('','',#11,#519);
#3670 = PRODUCT_DEFINITION_SHAPE('Placement','Placement of an item',
  #3671);
#3671 = NEXT_ASSEMBLY_USAGE_OCCURRENCE('127','=>[0:1:1:1]','',#5,#2023,$
  );
#3672 = CONTEXT_DEPENDENT_SHAPE_REPRESENTATION(#3673,#3675);
#3673 = ( REPRESENTATION_RELATIONSHIP('','',#2028,#10) 
REPRESENTATION_RELATIONSHIP_WITH_TRANSFORMATION(#3674) 
SHAPE_REPRESENTATION_RELATIONSHIP() );
#3674 = ITEM_DEFINED_TRANSFORMATION('','',#11,#523);
#3675 = PRODUCT_DEFINITION_SHAPE('Placement','Placement of an item',
  #3676);
#3676 = NEXT_ASSEMBLY_USAGE_OCCURRENCE('128','=>[0:1:1:1]','',#5,#2023,$
  );
#3677 = CONTEXT_DEPENDENT_SHAPE_REPRESENTATION(#3678,#3680);
#3678 = ( REPRESENTATION_RELATIONSHIP('','',#2028,#10) 
REPRESENTATION_RELATIONSHIP_WITH_TRANSFORMATION(#3679) 
SHAPE_REPRESENTATION_RELATIONSHIP() );
#3679 = ITEM_DEFINED_TRANSFORMATION('','',#11,#527);
#3680 = PRODUCT_DEFINITION_SHAPE('Placement','Placement of an item',
  #3681);
#3681 = NEXT_ASSEMBLY_USAGE_OCCURRENCE('129','=>[0:1:1:1]','',#5,#2023,$
  );
#3682 = CONTEXT_DEPENDENT_SHAPE_REPRESENTATION(#3683,#3685);
#3683 = ( REPRESENTATION_RELATIONSHIP('','',#2028,#10) 
REPRESENTATION_RELATIONSHIP_WITH_TRANSFORMATION(#3684) 
SHAPE_REPRESENTATION_RELATIONSHIP() );
#3684 = ITEM_DEFINED_TRANSFORMATION('','',#11,#531);
#3685 = PRODUCT_DEFINITION_SHAPE('Placement','Placement of an item',
  #3686);
#3686 = NEXT_ASSEMBLY_USAGE_OCCURRENCE('130','=>[0:1:1:1]','',#5,#2023,$
  );
#3687 = CONTEXT_DEPENDENT_SHAPE_REPRESENTATION(#3688,#3690);
#3688 = ( REPRESENTATION_RELATIONSHIP('','',#2028,#10) 
REPRESENTATION_RELATIONSHIP_WITH_TRANSFORMATION(#3689) 
SHAPE_REPRESENTATION_RELATIONSHIP() );
#3689 = ITEM_DEFINED_TRANSFORMATION('','',#11,#535);
#3690 = PRODUCT_DEFINITION_SHAPE('Placement','Placement of an item',
  #3691);
#3691 = NEXT_ASSEMBLY_USAGE_OCCURRENCE('131','=>[0:1:1:1]','',#5,#2023,$
  );
#3692 = CONTEXT_DEPENDENT_SHAPE_REPRESENTATION(#3693,#3695);
#3693 = ( REPRESENTATION_RELATIONSHIP('','',#2028,#10) 
REPRESENTATION_RELATIONSHIP_WITH_TRANSFORMATION(#3694) 
SHAPE_REPRESENTATION_RELATIONSHIP() );
#3694 = ITEM_DEFINED_TRANSFORMATION('','',#11,#539);
#3695 = PRODUCT_DEFINITION_SHAPE('Placement','Placement of an item',
  #3696);
#3696 = NEXT_ASSEMBLY_USAGE_OCCURRENCE('132','=>[0:1:1:1]','',#5,#2023,$
  );
#3697 = CONTEXT_DEPENDENT_SHAPE_REPRESENTATION(#3698,#3700);
#3698 = ( REPRESENTATION_RELATIONSHIP('','',#2028,#10) 
REPRESENTATION_RELATIONSHIP_WITH_TRANSFORMATION(#3699) 
SHAPE_REPRESENTATION_RELATIONSHIP() );
#3699 = ITEM_DEFINED_TRANSFORMATION('','',#11,#543);
#3700 = PRODUCT_DEFINITION_SHAPE('Placement','Placement of an item',
  #3701);
#3701 = NEXT_ASSEMBLY_USAGE_OCCURRENCE('133','=>[0:1:1:1]','',#5,#2023,$
  );
#3702 = CONTEXT_DEPENDENT_SHAPE_REPRESENTATION(#3703,#3705);
#3703 = ( REPRESENTATION_RELATIONSHIP('','',#2028,#10) 
REPRESENTATION_RELATIONSHIP_WITH_TRANSFORMATION(#3704) 
SHAPE_REPRESENTATION_RELATIONSHIP() );
#3704 = ITEM_DEFINED_TRANSFORMATION('','',#11,#547);
#3705 = PRODUCT_DEFINITION_SHAPE('Placement','Placement of an item',
  #3706);
#3706 = NEXT_ASSEMBLY_USAGE_OCCURRENCE('134','=>[0:1:1:1]','',#5,#2023,$
  );
#3707 = CONTEXT_DEPENDENT_SHAPE_REPRESENTATION(#3708,#3710);
#3708 = ( REPRESENTATION_RELATIONSHIP('','',#2028,#10) 
REPRESENTATION_RELATIONSHIP_WITH_TRANSFORMATION(#3709) 
SHAPE_REPRESENTATION_RELATIONSHIP() );
#3709 = ITEM_DEFINED_TRANSFORMATION('','',#11,#551);
#3710 = PRODUCT_DEFINITION_SHAPE('Placement','Placement of an item',
  #3711);
#3711 = NEXT_ASSEMBLY_USAGE_OCCURRENCE('135','=>[0:1:1:1]','',#5,#2023,$
  );
#3712 = CONTEXT_DEPENDENT_SHAPE_REPRESENTATION(#3713,#3715);
#3713 = ( REPRESENTATION_RELATIONSHIP('','',#2028,#10) 
REPRESENTATION_RELATIONSHIP_WITH_TRANSFORMATION(#3714) 
SHAPE_REPRESENTATION_RELATIONSHIP() );
#3714 = ITEM_DEFINED_TRANSFORMATION('','',#11,#555);
#3715 = PRODUCT_DEFINITION_SHAPE('Placement','Placement of an item',
  #3716);
#3716 = NEXT_ASSEMBLY_USAGE_OCCURRENCE('136','=>[0:1:1:1]','',#5,#2023,$
  );
#3717 = CONTEXT_DEPENDENT_SHAPE_REPRESENTATION(#3718,#3720);
#3718 = ( REPRESENTATION_RELATIONSHIP('','',#2028,#10) 
REPRESENTATION_RELATIONSHIP_WITH_TRANSFORMATION(#3719) 
SHAPE_REPRESENTATION_RELATIONSHIP() );
#3719 = ITEM_DEFINED_TRANSFORMATION('','',#11,#559);
#3720 = PRODUCT_DEFINITION_SHAPE('Placement','Placement of an item',
  #3721);
#3721 = NEXT_ASSEMBLY_USAGE_OCCURRENCE('137','=>[0:1:1:1]','',#5,#2023,$
  );
#3722 = CONTEXT_DEPENDENT_SHAPE_REPRESENTATION(#3723,#3725);
#3723 = ( REPRESENTATION_RELATIONSHIP('','',#2028,#10) 
REPRESENTATION_RELATIONSHIP_WITH_TRANSFORMATION(#3724) 
SHAPE_REPRESENTATION_RELATIONSHIP() );
#3724 = ITEM_DEFINED_TRANSFORMATION('','',#11,#563);
#3725 = PRODUCT_DEFINITION_SHAPE('Placement','Placement of an item',
  #3726);
#3726 = NEXT_ASSEMBLY_USAGE_OCCURRENCE('138','=>[0:1:1:1]','',#5,#2023,$
  );
#3727 = CONTEXT_DEPENDENT_SHAPE_REPRESENTATION(#3728,#3730);
#3728 = ( REPRESENTATION_RELATIONSHIP('','',#2028,#10) 
REPRESENTATION_RELATIONSHIP_WITH_TRANSFORMATION(#3729) 
SHAPE_REPRESENTATION_RELATIONSHIP() );
#3729 = ITEM_DEFINED_TRANSFORMATION('','',#11,#567);
#3730 = PRODUCT_DEFINITION_SHAPE('Placement','Placement of an item',
  #3731);
#3731 = NEXT_ASSEMBLY_USAGE_OCCURRENCE('139','=>[0:1:1:1]','',#5,#2023,$
  );
#3732 = CONTEXT_DEPENDENT_SHAPE_REPRESENTATION(#3733,#3735);
#3733 = ( REPRESENTATION_RELATIONSHIP('','',#2028,#10) 
REPRESENTATION_RELATIONSHIP_WITH_TRANSFORMATION(#3734) 
SHAPE_REPRESENTATION_RELATIONSHIP() );
#3734 = ITEM_DEFINED_TRANSFORMATION('','',#11,#571);
#3735 = PRODUCT_DEFINITION_SHAPE('Placement','Placement of an item',
  #3736);
#3736 = NEXT_ASSEMBLY_USAGE_OCCURRENCE('140','=>[0:1:1:1]','',#5,#2023,$
  );
#3737 = CONTEXT_DEPENDENT_SHAPE_REPRESENTATION(#3738,#3740);
#3738 = ( REPRESENTATION_RELATIONSHIP('','',#2028,#10) 
REPRESENTATION_RELATIONSHIP_WITH_TRANSFORMATION(#3739) 
SHAPE_REPRESENTATION_RELATIONSHIP() );
#3739 = ITEM_DEFINED_TRANSFORMATION('','',#11,#575);
#3740 = PRODUCT_DEFINITION_SHAPE('Placement','Placement of an item',
  #3741);
#3741 = NEXT_ASSEMBLY_USAGE_OCCURRENCE('141','=>[0:1:1:1]','',#5,#2023,$
  );
#3742 = CONTEXT_DEPENDENT_SHAPE_REPRESENTATION(#3743,#3745);
#3743 = ( REPRESENTATION_RELATIONSHIP('','',#2028,#10) 
REPRESENTATION_RELATIONSHIP_WITH_TRANSFORMATION(#3744) 
SHAPE_REPRESENTATION_RELATIONSHIP() );
#3744 = ITEM_DEFINED_TRANSFORMATION('','',#11,#579);
#3745 = PRODUCT_DEFINITION_SHAPE('Placement','Placement of an item',
  #3746);
#3746 = NEXT_ASSEMBLY_USAGE_OCCURRENCE('142','=>[0:1:1:1]','',#5,#2023,$
  );
#3747 = CONTEXT_DEPENDENT_SHAPE_REPRESENTATION(#3748,#3750);
#3748 = ( REPRESENTATION_RELATIONSHIP('','',#2028,#10) 
REPRESENTATION_RELATIONSHIP_WITH_TRANSFORMATION(#3749) 
SHAPE_REPRESENTATION_RELATIONSHIP() );
#3749 = ITEM_DEFINED_TRANSFORMATION('','',#11,#583);
#3750 = PRODUCT_DEFINITION_SHAPE('Placement','Placement of an item',
  #3751);
#3751 = NEXT_ASSEMBLY_USAGE_OCCURRENCE('143','=>[0:1:1:1]','',#5,#2023,$
  );
#3752 = CONTEXT_DEPENDENT_SHAPE_REPRESENTATION(#3753,#3755);
#3753 = ( REPRESENTATION_RELATIONSHIP('','',#2028,#10) 
REPRESENTATION_RELATIONSHIP_WITH_TRANSFORMATION(#3754) 
SHAPE_REPRESENTATION_RELATIONSHIP() );
#3754 = ITEM_DEFINED_TRANSFORMATION('','',#11,#587);
#3755 = PRODUCT_DEFINITION_SHAPE('Placement','Placement of an item',
  #3756);
#3756 = NEXT_ASSEMBLY_USAGE_OCCURRENCE('144','=>[0:1:1:1]','',#5,#2023,$
  );
#3757 = CONTEXT_DEPENDENT_SHAPE_REPRESENTATION(#3758,#3760);
#3758 = ( REPRESENTATION_RELATIONSHIP('','',#2028,#10) 
REPRESENTATION_RELATIONSHIP_WITH_TRANSFORMATION(#3759) 
SHAPE_REPRESENTATION_RELATIONSHIP() );
#3759 = ITEM_DEFINED_TRANSFORMATION('','',#11,#591);
#3760 = PRODUCT_DEFINITION_SHAPE('Placement','Placement of an item',
  #3761);
#3761 = NEXT_ASSEMBLY_USAGE_OCCURRENCE('145','=>[0:1:1:1]','',#5,#2023,$
  );
#3762 = CONTEXT_DEPENDENT_SHAPE_REPRESENTATION(#3763,#3765);
#3763 = ( REPRESENTATION_RELATIONSHIP('','',#2028,#10) 
REPRESENTATION_RELATIONSHIP_WITH_TRANSFORMATION(#3764) 
SHAPE_REPRESENTATION_RELATIONSHIP() );
#3764 = ITEM_DEFINED_TRANSFORMATION('','',#11,#595);
#3765 = PRODUCT_DEFINITION_SHAPE('Placement','Placement of an item',
  #3766);
#3766 = NEXT_ASSEMBLY_USAGE_OCCURRENCE('146','=>[0:1:1:1]','',#5,#2023,$
  );
#3767 = CONTEXT_DEPENDENT_SHAPE_REPRESENTATION(#3768,#3770);
#3768 = ( REPRESENTATION_RELATIONSHIP('','',#2028,#10) 
REPRESENTATION_RELATIONSHIP_WITH_TRANSFORMATION(#3769) 
SHAPE_REPRESENTATION_RELATIONSHIP() );
#3769 = ITEM_DEFINED_TRANSFORMATION('','',#11,#599);
#3770 = PRODUCT_DEFINITION_SHAPE('Placement','Placement of an item',
  #3771);
#3771 = NEXT_ASSEMBLY_USAGE_OCCURRENCE('147','=>[0:1:1:1]','',#5,#2023,$
  );
#3772 = CONTEXT_DEPENDENT_SHAPE_REPRESENTATION(#3773,#3775);
#3773 = ( REPRESENTATION_RELATIONSHIP('','',#2028,#10) 
REPRESENTATION_RELATIONSHIP_WITH_TRANSFORMATION(#3774) 
SHAPE_REPRESENTATION_RELATIONSHIP() );
#3774 = ITEM_DEFINED_TRANSFORMATION('','',#11,#603);
#3775 = PRODUCT_DEFINITION_SHAPE('Placement','Placement of an item',
  #3776);
#3776 = NEXT_ASSEMBLY_USAGE_OCCURRENCE('148','=>[0:1:1:1]','',#5,#2023,$
  );
#3777 = CONTEXT_DEPENDENT_SHAPE_REPRESENTATION(#3778,#3780);
#3778 = ( REPRESENTATION_RELATIONSHIP('','',#2028,#10) 
REPRESENTATION_RELATIONSHIP_WITH_TRANSFORMATION(#3779) 
SHAPE_REPRESENTATION_RELATIONSHIP() );
#3779 = ITEM_DEFINED_TRANSFORMATION('','',#11,#607);
#3780 = PRODUCT_DEFINITION_SHAPE('Placement','Placement of an item',
  #3781);
#3781 = NEXT_ASSEMBLY_USAGE_OCCURRENCE('149','=>[0:1:1:1]','',#5,#2023,$
  );
#3782 = CONTEXT_DEPENDENT_SHAPE_REPRESENTATION(#3783,#3785);
#3783 = ( REPRESENTATION_RELATIONSHIP('','',#2028,#10) 
REPRESENTATION_RELATIONSHIP_WITH_TRANSFORMATION(#3784) 
SHAPE_REPRESENTATION_RELATIONSHIP() );
#3784 = ITEM_DEFINED_TRANSFORMATION('','',#11,#611);
#3785 = PRODUCT_DEFINITION_SHAPE('Placement','Placement of an item',
  #3786);
#3786 = NEXT_ASSEMBLY_USAGE_OCCURRENCE('150','=>[0:1:1:1]','',#5,#2023,$
  );
#3787 = CONTEXT_DEPENDENT_SHAPE_REPRESENTATION(#3788,#3790);
#3788 = ( REPRESENTATION_RELATIONSHIP('','',#2028,#10) 
REPRESENTATION_RELATIONSHIP_WITH_TRANSFORMATION(#3789) 
SHAPE_REPRESENTATION_RELATIONSHIP() );
#3789 = ITEM_DEFINED_TRANSFORMATION('','',#11,#615);
#3790 = PRODUCT_DEFINITION_SHAPE('Placement','Placement of an item',
  #3791);
#3791 = NEXT_ASSEMBLY_USAGE_OCCURRENCE('151','=>[0:1:1:1]','',#5,#2023,$
  );
#3792 = CONTEXT_DEPENDENT_SHAPE_REPRESENTATION(#3793,#3795);
#3793 = ( REPRESENTATION_RELATIONSHIP('','',#2028,#10) 
REPRESENTATION_RELATIONSHIP_WITH_TRANSFORMATION(#3794) 
SHAPE_REPRESENTATION_RELATIONSHIP() );
#3794 = ITEM_DEFINED_TRANSFORMATION('','',#11,#619);
#3795 = PRODUCT_DEFINITION_SHAPE('Placement','Placement of an item',
  #3796);
#3796 = NEXT_ASSEMBLY_USAGE_OCCURRENCE('152','=>[0:1:1:1]','',#5,#2023,$
  );
#3797 = CONTEXT_DEPENDENT_SHAPE_REPRESENTATION(#3798,#3800);
#3798 = ( REPRESENTATION_RELATIONSHIP('','',#2028,#10) 
REPRESENTATION_RELATIONSHIP_WITH_TRANSFORMATION(#3799) 
SHAPE_REPRESENTATION_RELATIONSHIP() );
#3799 = ITEM_DEFINED_TRANSFORMATION('','',#11,#623);
#3800 = PRODUCT_DEFINITION_SHAPE('Placement','Placement of an item',
  #3801);
#3801 = NEXT_ASSEMBLY_USAGE_OCCURRENCE('153','=>[0:1:1:1]','',#5,#2023,$
  );
#3802 = CONTEXT_DEPENDENT_SHAPE_REPRESENTATION(#3803,#3805);
#3803 = ( REPRESENTATION_RELATIONSHIP('','',#2028,#10) 
REPRESENTATION_RELATIONSHIP_WITH_TRANSFORMATION(#3804) 
SHAPE_REPRESENTATION_RELATIONSHIP() );
#3804 = ITEM_DEFINED_TRANSFORMATION('','',#11,#627);
#3805 = PRODUCT_DEFINITION_SHAPE('Placement','Placement of an item',
  #3806);
#3806 = NEXT_ASSEMBLY_USAGE_OCCURRENCE('154','=>[0:1:1:1]','',#5,#2023,$
  );
#3807 = CONTEXT_DEPENDENT_SHAPE_REPRESENTATION(#3808,#3810);
#3808 = ( REPRESENTATION_RELATIONSHIP('','',#2028,#10) 
REPRESENTATION_RELATIONSHIP_WITH_TRANSFORMATION(#3809) 
SHAPE_REPRESENTATION_RELATIONSHIP() );
#3809 = ITEM_DEFINED_TRANSFORMATION('','',#11,#631);
#3810 = PRODUCT_DEFINITION_SHAPE('Placement','Placement of an item',
  #3811);
#3811 = NEXT_ASSEMBLY_USAGE_OCCURRENCE('155','=>[0:1:1:1]','',#5,#2023,$
  );
#3812 = CONTEXT_DEPENDENT_SHAPE_REPRESENTATION(#3813,#3815);
#3813 = ( REPRESENTATION_RELATIONSHIP('','',#2028,#10) 
REPRESENTATION_RELATIONSHIP_WITH_TRANSFORMATION(#3814) 
SHAPE_REPRESENTATION_RELATIONSHIP() );
#3814 = ITEM_DEFINED_TRANSFORMATION('','',#11,#635);
#3815 = PRODUCT_DEFINITION_SHAPE('Placement','Placement of an item',
  #3816);
#3816 = NEXT_ASSEMBLY_USAGE_OCCURRENCE('156','=>[0:1:1:1]','',#5,#2023,$
  );
#3817 = CONTEXT_DEPENDENT_SHAPE_REPRESENTATION(#3818,#3820);
#3818 = ( REPRESENTATION_RELATIONSHIP('','',#2028,#10) 
REPRESENTATION_RELATIONSHIP_WITH_TRANSFORMATION(#3819) 
SHAPE_REPRESENTATION_RELATIONSHIP() );
#3819 = ITEM_DEFINED_TRANSFORMATION('','',#11,#639);
#3820 = PRODUCT_DEFINITION_SHAPE('Placement','Placement of an item',
  #3821);
#3821 = NEXT_ASSEMBLY_USAGE_OCCURRENCE('157','=>[0:1:1:1]','',#5,#2023,$
  );
#3822 = CONTEXT_DEPENDENT_SHAPE_REPRESENTATION(#3823,#3825);
#3823 = ( REPRESENTATION_RELATIONSHIP('','',#2028,#10) 
REPRESENTATION_RELATIONSHIP_WITH_TRANSFORMATION(#3824) 
SHAPE_REPRESENTATION_RELATIONSHIP() );
#3824 = ITEM_DEFINED_TRANSFORMATION('','',#11,#643);
#3825 = PRODUCT_DEFINITION_SHAPE('Placement','Placement of an item',
  #3826);
#3826 = NEXT_ASSEMBLY_USAGE_OCCURRENCE('158','=>[0:1:1:1]','',#5,#2023,$
  );
#3827 = CONTEXT_DEPENDENT_SHAPE_REPRESENTATION(#3828,#3830);
#3828 = ( REPRESENTATION_RELATIONSHIP('','',#2028,#10) 
REPRESENTATION_RELATIONSHIP_WITH_TRANSFORMATION(#3829) 
SHAPE_REPRESENTATION_RELATIONSHIP() );
#3829 = ITEM_DEFINED_TRANSFORMATION('','',#11,#647);
#3830 = PRODUCT_DEFINITION_SHAPE('Placement','Placement of an item',
  #3831);
#3831 = NEXT_ASSEMBLY_USAGE_OCCURRENCE('159','=>[0:1:1:1]','',#5,#2023,$
  );
#3832 = CONTEXT_DEPENDENT_SHAPE_REPRESENTATION(#3833,#3835);
#3833 = ( REPRESENTATION_RELATIONSHIP('','',#2028,#10) 
REPRESENTATION_RELATIONSHIP_WITH_TRANSFORMATION(#3834) 
SHAPE_REPRESENTATION_RELATIONSHIP() );
#3834 = ITEM_DEFINED_TRANSFORMATION('','',#11,#651);
#3835 = PRODUCT_DEFINITION_SHAPE('Placement','Placement of an item',
  #3836);
#3836 = NEXT_ASSEMBLY_USAGE_OCCURRENCE('160','=>[0:1:1:1]','',#5,#2023,$
  );
#3837 = CONTEXT_DEPENDENT_SHAPE_REPRESENTATION(#3838,#3840);
#3838 = ( REPRESENTATION_RELATIONSHIP('','',#2028,#10) 
REPRESENTATION_RELATIONSHIP_WITH_TRANSFORMATION(#3839) 
SHAPE_REPRESENTATION_RELATIONSHIP() );
#3839 = ITEM_DEFINED_TRANSFORMATION('','',#11,#655);
#3840 = PRODUCT_DEFINITION_SHAPE('Placement','Placement of an item',
  #3841);
#3841 = NEXT_ASSEMBLY_USAGE_OCCURRENCE('161','=>[0:1:1:1]','',#5,#2023,$
  );
#3842 = CONTEXT_DEPENDENT_SHAPE_REPRESENTATION(#3843,#3845);
#3843 = ( REPRESENTATION_RELATIONSHIP('','',#2028,#10) 
REPRESENTATION_RELATIONSHIP_WITH_TRANSFORMATION(#3844) 
SHAPE_REPRESENTATION_RELATIONSHIP() );
#3844 = ITEM_DEFINED_TRANSFORMATION('','',#11,#659);
#3845 = PRODUCT_DEFINITION_SHAPE('Placement','Placement of an item',
  #3846);
#3846 = NEXT_ASSEMBLY_USAGE_OCCURRENCE('162','=>[0:1:1:1]','',#5,#2023,$
  );
#3847 = CONTEXT_DEPENDENT_SHAPE_REPRESENTATION(#3848,#3850);
#3848 = ( REPRESENTATION_RELATIONSHIP('','',#2028,#10) 
REPRESENTATION_RELATIONSHIP_WITH_TRANSFORMATION(#3849) 
SHAPE_REPRESENTATION_RELATIONSHIP() );
#3849 = ITEM_DEFINED_TRANSFORMATION('','',#11,#663);
#3850 = PRODUCT_DEFINITION_SHAPE('Placement','Placement of an item',
  #3851);
#3851 = NEXT_ASSEMBLY_USAGE_OCCURRENCE('163','=>[0:1:1:1]','',#5,#2023,$
  );
#3852 = CONTEXT_DEPENDENT_SHAPE_REPRESENTATION(#3853,#3855);
#3853 = ( REPRESENTATION_RELATIONSHIP('','',#2028,#10) 
REPRESENTATION_RELATIONSHIP_WITH_TRANSFORMATION(#3854) 
SHAPE_REPRESENTATION_RELATIONSHIP() );
#3854 = ITEM_DEFINED_TRANSFORMATION('','',#11,#667);
#3855 = PRODUCT_DEFINITION_SHAPE('Placement','Placement of an item',
  #3856);
#3856 = NEXT_ASSEMBLY_USAGE_OCCURRENCE('164','=>[0:1:1:1]','',#5,#2023,$
  );
#3857 = CONTEXT_DEPENDENT_SHAPE_REPRESENTATION(#3858,#3860);
#3858 = ( REPRESENTATION_RELATIONSHIP('','',#2028,#10) 
REPRESENTATION_RELATIONSHIP_WITH_TRANSFORMATION(#3859) 
SHAPE_REPRESENTATION_RELATIONSHIP() );
#3859 = ITEM_DEFINED_TRANSFORMATION('','',#11,#671);
#3860 = PRODUCT_DEFINITION_SHAPE('Placement','Placement of an item',
  #3861);
#3861 = NEXT_ASSEMBLY_USAGE_OCCURRENCE('165','=>[0:1:1:1]','',#5,#2023,$
  );
#3862 = CONTEXT_DEPENDENT_SHAPE_REPRESENTATION(#3863,#3865);
#3863 = ( REPRESENTATION_RELATIONSHIP('','',#2028,#10) 
REPRESENTATION_RELATIONSHIP_WITH_TRANSFORMATION(#3864) 
SHAPE_REPRESENTATION_RELATIONSHIP() );
#3864 = ITEM_DEFINED_TRANSFORMATION('','',#11,#675);
#3865 = PRODUCT_DEFINITION_SHAPE('Placement','Placement of an item',
  #3866);
#3866 = NEXT_ASSEMBLY_USAGE_OCCURRENCE('166','=>[0:1:1:1]','',#5,#2023,$
  );
#3867 = CONTEXT_DEPENDENT_SHAPE_REPRESENTATION(#3868,#3870);
#3868 = ( REPRESENTATION_RELATIONSHIP('','',#2028,#10) 
REPRESENTATION_RELATIONSHIP_WITH_TRANSFORMATION(#3869) 
SHAPE_REPRESENTATION_RELATIONSHIP() );
#3869 = ITEM_DEFINED_TRANSFORMATION('','',#11,#679);
#3870 = PRODUCT_DEFINITION_SHAPE('Placement','Placement of an item',
  #3871);
#3871 = NEXT_ASSEMBLY_USAGE_OCCURRENCE('167','=>[0:1:1:1]','',#5,#2023,$
  );
#3872 = CONTEXT_DEPENDENT_SHAPE_REPRESENTATION(#3873,#3875);
#3873 = ( REPRESENTATION_RELATIONSHIP('','',#2028,#10) 
REPRESENTATION_RELATIONSHIP_WITH_TRANSFORMATION(#3874) 
SHAPE_REPRESENTATION_RELATIONSHIP() );
#3874 = ITEM_DEFINED_TRANSFORMATION('','',#11,#683);
#3875 = PRODUCT_DEFINITION_SHAPE('Placement','Placement of an item',
  #3876);
#3876 = NEXT_ASSEMBLY_USAGE_OCCURRENCE('168','=>[0:1:1:1]','',#5,#2023,$
  );
#3877 = CONTEXT_DEPENDENT_SHAPE_REPRESENTATION(#3878,#3880);
#3878 = ( REPRESENTATION_RELATIONSHIP('','',#2028,#10) 
REPRESENTATION_RELATIONSHIP_WITH_TRANSFORMATION(#3879) 
SHAPE_REPRESENTATION_RELATIONSHIP() );
#3879 = ITEM_DEFINED_TRANSFORMATION('','',#11,#687);
#3880 = PRODUCT_DEFINITION_SHAPE('Placement','Placement of an item',
  #3881);
#3881 = NEXT_ASSEMBLY_USAGE_OCCURRENCE('169','=>[0:1:1:1]','',#5,#2023,$
  );
#3882 = CONTEXT_DEPENDENT_SHAPE_REPRESENTATION(#3883,#3885);
#3883 = ( REPRESENTATION_RELATIONSHIP('','',#2028,#10) 
REPRESENTATION_RELATIONSHIP_WITH_TRANSFORMATION(#3884) 
SHAPE_REPRESENTATION_RELATIONSHIP() );
#3884 = ITEM_DEFINED_TRANSFORMATION('','',#11,#691);
#3885 = PRODUCT_DEFINITION_SHAPE('Placement','Placement of an item',
  #3886);
#3886 = NEXT_ASSEMBLY_USAGE_OCCURRENCE('170','=>[0:1:1:1]','',#5,#2023,$
  );
#3887 = CONTEXT_DEPENDENT_SHAPE_REPRESENTATION(#3888,#3890);
#3888 = ( REPRESENTATION_RELATIONSHIP('','',#2028,#10) 
REPRESENTATION_RELATIONSHIP_WITH_TRANSFORMATION(#3889) 
SHAPE_REPRESENTATION_RELATIONSHIP() );
#3889 = ITEM_DEFINED_TRANSFORMATION('','',#11,#695);
#3890 = PRODUCT_DEFINITION_SHAPE('Placement','Placement of an item',
  #3891);
#3891 = NEXT_ASSEMBLY_USAGE_OCCURRENCE('171','=>[0:1:1:1]','',#5,#2023,$
  );
#3892 = CONTEXT_DEPENDENT_SHAPE_REPRESENTATION(#3893,#3895);
#3893 = ( REPRESENTATION_RELATIONSHIP('','',#2028,#10) 
REPRESENTATION_RELATIONSHIP_WITH_TRANSFORMATION(#3894) 
SHAPE_REPRESENTATION_RELATIONSHIP() );
#3894 = ITEM_DEFINED_TRANSFORMATION('','',#11,#699);
#3895 = PRODUCT_DEFINITION_SHAPE('Placement','Placement of an item',
  #3896);
#3896 = NEXT_ASSEMBLY_USAGE_OCCURRENCE('172','=>[0:1:1:1]','',#5,#2023,$
  );
#3897 = CONTEXT_DEPENDENT_SHAPE_REPRESENTATION(#3898,#3900);
#3898 = ( REPRESENTATION_RELATIONSHIP('','',#2028,#10) 
REPRESENTATION_RELATIONSHIP_WITH_TRANSFORMATION(#3899) 
SHAPE_REPRESENTATION_RELATIONSHIP() );
#3899 = ITEM_DEFINED_TRANSFORMATION('','',#11,#703);
#3900 = PRODUCT_DEFINITION_SHAPE('Placement','Placement of an item',
  #3901);
#3901 = NEXT_ASSEMBLY_USAGE_OCCURRENCE('173','=>[0:1:1:1]','',#5,#2023,$
  );
#3902 = CONTEXT_DEPENDENT_SHAPE_REPRESENTATION(#3903,#3905);
#3903 = ( REPRESENTATION_RELATIONSHIP('','',#2028,#10) 
REPRESENTATION_RELATIONSHIP_WITH_TRANSFORMATION(#3904) 
SHAPE_REPRESENTATION_RELATIONSHIP() );
#3904 = ITEM_DEFINED_TRANSFORMATION('','',#11,#707);
#3905 = PRODUCT_DEFINITION_SHAPE('Placement','Placement of an item',
  #3906);
#3906 = NEXT_ASSEMBLY_USAGE_OCCURRENCE('174','=>[0:1:1:1]','',#5,#2023,$
  );
#3907 = CONTEXT_DEPENDENT_SHAPE_REPRESENTATION(#3908,#3910);
#3908 = ( REPRESENTATION_RELATIONSHIP('','',#2028,#10) 
REPRESENTATION_RELATIONSHIP_WITH_TRANSFORMATION(#3909) 
SHAPE_REPRESENTATION_RELATIONSHIP() );
#3909 = ITEM_DEFINED_TRANSFORMATION('','',#11,#711);
#3910 = PRODUCT_DEFINITION_SHAPE('Placement','Placement of an item',
  #3911);
#3911 = NEXT_ASSEMBLY_USAGE_OCCURRENCE('175','=>[0:1:1:1]','',#5,#2023,$
  );
#3912 = CONTEXT_DEPENDENT_SHAPE_REPRESENTATION(#3913,#3915);
#3913 = ( REPRESENTATION_RELATIONSHIP('','',#2028,#10) 
REPRESENTATION_RELATIONSHIP_WITH_TRANSFORMATION(#3914) 
SHAPE_REPRESENTATION_RELATIONSHIP() );
#3914 = ITEM_DEFINED_TRANSFORMATION('','',#11,#715);
#3915 = PRODUCT_DEFINITION_SHAPE('Placement','Placement of an item',
  #3916);
#3916 = NEXT_ASSEMBLY_USAGE_OCCURRENCE('176','=>[0:1:1:1]','',#5,#2023,$
  );
#3917 = CONTEXT_DEPENDENT_SHAPE_REPRESENTATION(#3918,#3920);
#3918 = ( REPRESENTATION_RELATIONSHIP('','',#2028,#10) 
REPRESENTATION_RELATIONSHIP_WITH_TRANSFORMATION(#3919) 
SHAPE_REPRESENTATION_RELATIONSHIP() );
#3919 = ITEM_DEFINED_TRANSFORMATION('','',#11,#719);
#3920 = PRODUCT_DEFINITION_SHAPE('Placement','Placement of an item',
  #3921);
#3921 = NEXT_ASSEMBLY_USAGE_OCCURRENCE('177','=>[0:1:1:1]','',#5,#2023,$
  );
#3922 = CONTEXT_DEPENDENT_SHAPE_REPRESENTATION(#3923,#3925);
#3923 = ( REPRESENTATION_RELATIONSHIP('','',#2028,#10) 
REPRESENTATION_RELATIONSHIP_WITH_TRANSFORMATION(#3924) 
SHAPE_REPRESENTATION_RELATIONSHIP() );
#3924 = ITEM_DEFINED_TRANSFORMATION('','',#11,#723);
#3925 = PRODUCT_DEFINITION_SHAPE('Placement','Placement of an item',
  #3926);
#3926 = NEXT_ASSEMBLY_USAGE_OCCURRENCE('178','=>[0:1:1:1]','',#5,#2023,$
  );
#3927 = CONTEXT_DEPENDENT_SHAPE_REPRESENTATION(#3928,#3930);
#3928 = ( REPRESENTATION_RELATIONSHIP('','',#2028,#10) 
REPRESENTATION_RELATIONSHIP_WITH_TRANSFORMATION(#3929) 
SHAPE_REPRESENTATION_RELATIONSHIP() );
#3929 = ITEM_DEFINED_TRANSFORMATION('','',#11,#727);
#3930 = PRODUCT_DEFINITION_SHAPE('Placement','Placement of an item',
  #3931);
#3931 = NEXT_ASSEMBLY_USAGE_OCCURRENCE('179','=>[0:1:1:1]','',#5,#2023,$
  );
#3932 = CONTEXT_DEPENDENT_SHAPE_REPRESENTATION(#3933,#3935);
#3933 = ( REPRESENTATION_RELATIONSHIP('','',#2028,#10) 
REPRESENTATION_RELATIONSHIP_WITH_TRANSFORMATION(#3934) 
SHAPE_REPRESENTATION_RELATIONSHIP() );
#3934 = ITEM_DEFINED_TRANSFORMATION('','',#11,#731);
#3935 = PRODUCT_DEFINITION_SHAPE('Placement','Placement of an item',
  #3936);
#3936 = NEXT_ASSEMBLY_USAGE_OCCURRENCE('180','=>[0:1:1:1]','',#5,#2023,$
  );
#3937 = CONTEXT_DEPENDENT_SHAPE_REPRESENTATION(#3938,#3940);
#3938 = ( REPRESENTATION_RELATIONSHIP('','',#2028,#10) 
REPRESENTATION_RELATIONSHIP_WITH_TRANSFORMATION(#3939) 
SHAPE_REPRESENTATION_RELATIONSHIP() );
#3939 = ITEM_DEFINED_TRANSFORMATION('','',#11,#735);
#3940 = PRODUCT_DEFINITION_SHAPE('Placement','Placement of an item',
  #3941);
#3941 = NEXT_ASSEMBLY_USAGE_OCCURRENCE('181','=>[0:1:1:1]','',#5,#2023,$
  );
#3942 = CONTEXT_DEPENDENT_SHAPE_REPRESENTATION(#3943,#3945);
#3943 = ( REPRESENTATION_RELATIONSHIP('','',#2028,#10) 
REPRESENTATION_RELATIONSHIP_WITH_TRANSFORMATION(#3944) 
SHAPE_REPRESENTATION_RELATIONSHIP() );
#3944 = ITEM_DEFINED_TRANSFORMATION('','',#11,#739);
#3945 = PRODUCT_DEFINITION_SHAPE('Placement','Placement of an item',
  #3946);
#3946 = NEXT_ASSEMBLY_USAGE_OCCURRENCE('182','=>[0:1:1:1]','',#5,#2023,$
  );
#3947 = CONTEXT_DEPENDENT_SHAPE_REPRESENTATION(#3948,#3950);
#3948 = ( REPRESENTATION_RELATIONSHIP('','',#2028,#10) 
REPRESENTATION_RELATIONSHIP_WITH_TRANSFORMATION(#3949) 
SHAPE_REPRESENTATION_RELATIONSHIP() );
#3949 = ITEM_DEFINED_TRANSFORMATION('','',#11,#743);
#3950 = PRODUCT_DEFINITION_SHAPE('Placement','Placement of an item',
  #3951);
#3951 = NEXT_ASSEMBLY_USAGE_OCCURRENCE('183','=>[0:1:1:1]','',#5,#2023,$
  );
#3952 = CONTEXT_DEPENDENT_SHAPE_REPRESENTATION(#3953,#3955);
#3953 = ( REPRESENTATION_RELATIONSHIP('','',#2028,#10) 
REPRESENTATION_RELATIONSHIP_WITH_TRANSFORMATION(#3954) 
SHAPE_REPRESENTATION_RELATIONSHIP() );
#3954 = ITEM_DEFINED_TRANSFORMATION('','',#11,#747);
#3955 = PRODUCT_DEFINITION_SHAPE('Placement','Placement of an item',
  #3956);
#3956 = NEXT_ASSEMBLY_USAGE_OCCURRENCE('184','=>[0:1:1:1]','',#5,#2023,$
  );
#3957 = CONTEXT_DEPENDENT_SHAPE_REPRESENTATION(#3958,#3960);
#3958 = ( REPRESENTATION_RELATIONSHIP('','',#2028,#10) 
REPRESENTATION_RELATIONSHIP_WITH_TRANSFORMATION(#3959) 
SHAPE_REPRESENTATION_RELATIONSHIP() );
#3959 = ITEM_DEFINED_TRANSFORMATION('','',#11,#751);
#3960 = PRODUCT_DEFINITION_SHAPE('Placement','Placement of an item',
  #3961);
#3961 = NEXT_ASSEMBLY_USAGE_OCCURRENCE('185','=>[0:1:1:1]','',#5,#2023,$
  );
#3962 = CONTEXT_DEPENDENT_SHAPE_REPRESENTATION(#3963,#3965);
#3963 = ( REPRESENTATION_RELATIONSHIP('','',#2028,#10) 
REPRESENTATION_RELATIONSHIP_WITH_TRANSFORMATION(#3964) 
SHAPE_REPRESENTATION_RELATIONSHIP() );
#3964 = ITEM_DEFINED_TRANSFORMATION('','',#11,#755);
#3965 = PRODUCT_DEFINITION_SHAPE('Placement','Placement of an item',
  #3966);
#3966 = NEXT_ASSEMBLY_USAGE_OCCURRENCE('186','=>[0:1:1:1]','',#5,#2023,$
  );
#3967 = CONTEXT_DEPENDENT_SHAPE_REPRESENTATION(#3968,#3970);
#3968 = ( REPRESENTATION_RELATIONSHIP('','',#2028,#10) 
REPRESENTATION_RELATIONSHIP_WITH_TRANSFORMATION(#3969) 
SHAPE_REPRESENTATION_RELATIONSHIP() );
#3969 = ITEM_DEFINED_TRANSFORMATION('','',#11,#759);
#3970 = PRODUCT_DEFINITION_SHAPE('Placement','Placement of an item',
  #3971);
#3971 = NEXT_ASSEMBLY_USAGE_OCCURRENCE('187','=>[0:1:1:1]','',#5,#2023,$
  );
#3972 = CONTEXT_DEPENDENT_SHAPE_REPRESENTATION(#3973,#3975);
#3973 = ( REPRESENTATION_RELATIONSHIP('','',#2028,#10) 
REPRESENTATION_RELATIONSHIP_WITH_TRANSFORMATION(#3974) 
SHAPE_REPRESENTATION_RELATIONSHIP() );
#3974 = ITEM_DEFINED_TRANSFORMATION('','',#11,#763);
#3975 = PRODUCT_DEFINITION_SHAPE('Placement','Placement of an item',
  #3976);
#3976 = NEXT_ASSEMBLY_USAGE_OCCURRENCE('188','=>[0:1:1:1]','',#5,#2023,$
  );
#3977 = CONTEXT_DEPENDENT_SHAPE_REPRESENTATION(#3978,#3980);
#3978 = ( REPRESENTATION_RELATIONSHIP('','',#2028,#10) 
REPRESENTATION_RELATIONSHIP_WITH_TRANSFORMATION(#3979) 
SHAPE_REPRESENTATION_RELATIONSHIP() );
#3979 = ITEM_DEFINED_TRANSFORMATION('','',#11,#767);
#3980 = PRODUCT_DEFINITION_SHAPE('Placement','Placement of an item',
  #3981);
#3981 = NEXT_ASSEMBLY_USAGE_OCCURRENCE('189','=>[0:1:1:1]','',#5,#2023,$
  );
#3982 = CONTEXT_DEPENDENT_SHAPE_REPRESENTATION(#3983,#3985);
#3983 = ( REPRESENTATION_RELATIONSHIP('','',#2028,#10) 
REPRESENTATION_RELATIONSHIP_WITH_TRANSFORMATION(#3984) 
SHAPE_REPRESENTATION_RELATIONSHIP() );
#3984 = ITEM_DEFINED_TRANSFORMATION('','',#11,#771);
#3985 = PRODUCT_DEFINITION_SHAPE('Placement','Placement of an item',
  #3986);
#3986 = NEXT_ASSEMBLY_USAGE_OCCURRENCE('190','=>[0:1:1:1]','',#5,#2023,$
  );
#3987 = CONTEXT_DEPENDENT_SHAPE_REPRESENTATION(#3988,#3990);
#3988 = ( REPRESENTATION_RELATIONSHIP('','',#2028,#10) 
REPRESENTATION_RELATIONSHIP_WITH_TRANSFORMATION(#3989) 
SHAPE_REPRESENTATION_RELATIONSHIP() );
#3989 = ITEM_DEFINED_TRANSFORMATION('','',#11,#775);
#3990 = PRODUCT_DEFINITION_SHAPE('Placement','Placement of an item',
  #3991);
#3991 = NEXT_ASSEMBLY_USAGE_OCCURRENCE('191','=>[0:1:1:1]','',#5,#2023,$
  );
#3992 = CONTEXT_DEPENDENT_SHAPE_REPRESENTATION(#3993,#3995);
#3993 = ( REPRESENTATION_RELATIONSHIP('','',#2028,#10) 
REPRESENTATION_RELATIONSHIP_WITH_TRANSFORMATION(#3994) 
SHAPE_REPRESENTATION_RELATIONSHIP() );
#3994 = ITEM_DEFINED_TRANSFORMATION('','',#11,#779);
#3995 = PRODUCT_DEFINITION_SHAPE('Placement','Placement of an item',
  #3996);
#3996 = NEXT_ASSEMBLY_USAGE_OCCURRENCE('192','=>[0:1:1:1]','',#5,#2023,$
  );
#3997 = CONTEXT_DEPENDENT_SHAPE_REPRESENTATION(#3998,#4000);
#3998 = ( REPRESENTATION_RELATIONSHIP('','',#2028,#10) 
REPRESENTATION_RELATIONSHIP_WITH_TRANSFORMATION(#3999) 
SHAPE_REPRESENTATION_RELATIONSHIP() );
#3999 = ITEM_DEFINED_TRANSFORMATION('','',#11,#783);
#4000 = PRODUCT_DEFINITION_SHAPE('Placement','Placement of an item',
  #4001);
#4001 = NEXT_ASSEMBLY_USAGE_OCCURRENCE('193','=>[0:1:1:1]','',#5,#2023,$
  );
#4002 = CONTEXT_DEPENDENT_SHAPE_REPRESENTATION(#4003,#4005);
#4003 = ( REPRESENTATION_RELATIONSHIP('','',#2028,#10) 
REPRESENTATION_RELATIONSHIP_WITH_TRANSFORMATION(#4004) 
SHAPE_REPRESENTATION_RELATIONSHIP() );
#4004 = ITEM_DEFINED_TRANSFORMATION('','',#11,#787);
#4005 = PRODUCT_DEFINITION_SHAPE('Placement','Placement of an item',
  #4006);
#4006 = NEXT_ASSEMBLY_USAGE_OCCURRENCE('194','=>[0:1:1:1]','',#5,#2023,$
  );
#4007 = CONTEXT_DEPENDENT_SHAPE_REPRESENTATION(#4008,#4010);
#4008 = ( REPRESENTATION_RELATIONSHIP('','',#2028,#10) 
REPRESENTATION_RELATIONSHIP_WITH_TRANSFORMATION(#4009) 
SHAPE_REPRESENTATION_RELATIONSHIP() );
#4009 = ITEM_DEFINED_TRANSFORMATION('','',#11,#791);
#4010 = PRODUCT_DEFINITION_SHAPE('Placement','Placement of an item',
  #4011);
#4011 = NEXT_ASSEMBLY_USAGE_OCCURRENCE('195','=>[0:1:1:1]','',#5,#2023,$
  );
#4012 = CONTEXT_DEPENDENT_SHAPE_REPRESENTATION(#4013,#4015);
#4013 = ( REPRESENTATION_RELATIONSHIP('','',#2028,#10) 
REPRESENTATION_RELATIONSHIP_WITH_TRANSFORMATION(#4014) 
SHAPE_REPRESENTATION_RELATIONSHIP() );
#4014 = ITEM_DEFINED_TRANSFORMATION('','',#11,#795);
#4015 = PRODUCT_DEFINITION_SHAPE('Placement','Placement of an item',
  #4016);
#4016 = NEXT_ASSEMBLY_USAGE_OCCURRENCE('196','=>[0:1:1:1]','',#5,#2023,$
  );
#4017 = CONTEXT_DEPENDENT_SHAPE_REPRESENTATION(#4018,#4020);
#4018 = ( REPRESENTATION_RELATIONSHIP('','',#2028,#10) 
REPRESENTATION_RELATIONSHIP_WITH_TRANSFORMATION(#4019) 
SHAPE_REPRESENTATION_RELATIONSHIP() );
#4019 = ITEM_DEFINED_TRANSFORMATION('','',#11,#799);
#4020 = PRODUCT_DEFINITION_SHAPE('Placement','Placement of an item',
  #4021);
#4021 = NEXT_ASSEMBLY_USAGE_OCCURRENCE('197','=>[0:1:1:1]','',#5,#2023,$
  );
#4022 = CONTEXT_DEPENDENT_SHAPE_REPRESENTATION(#4023,#4025);
#4023 = ( REPRESENTATION_RELATIONSHIP('','',#2028,#10) 
REPRESENTATION_RELATIONSHIP_WITH_TRANSFORMATION(#4024) 
SHAPE_REPRESENTATION_RELATIONSHIP() );
#4024 = ITEM_DEFINED_TRANSFORMATION('','',#11,#803);
#4025 = PRODUCT_DEFINITION_SHAPE('Placement','Placement of an item',
  #4026);
#4026 = NEXT_ASSEMBLY_USAGE_OCCURRENCE('198','=>[0:1:1:1]','',#5,#2023,$
  );
#4027 = CONTEXT_DEPENDENT_SHAPE_REPRESENTATION(#4028,#4030);
#4028 = ( REPRESENTATION_RELATIONSHIP('','',#2028,#10) 
REPRESENTATION_RELATIONSHIP_WITH_TRANSFORMATION(#4029) 
SHAPE_REPRESENTATION_RELATIONSHIP() );
#4029 = ITEM_DEFINED_TRANSFORMATION('','',#11,#807);
#4030 = PRODUCT_DEFINITION_SHAPE('Placement','Placement of an item',
  #4031);
#4031 = NEXT_ASSEMBLY_USAGE_OCCURRENCE('199','=>[0:1:1:1]','',#5,#2023,$
  );
#4032 = CONTEXT_DEPENDENT_SHAPE_REPRESENTATION(#4033,#4035);
#4033 = ( REPRESENTATION_RELATIONSHIP('','',#2028,#10) 
REPRESENTATION_RELATIONSHIP_WITH_TRANSFORMATION(#4034) 
SHAPE_REPRESENTATION_RELATIONSHIP() );
#4034 = ITEM_DEFINED_TRANSFORMATION('','',#11,#811);
#4035 = PRODUCT_DEFINITION_SHAPE('Placement','Placement of an item',
  #4036);
#4036 = NEXT_ASSEMBLY_USAGE_OCCURRENCE('200','=>[0:1:1:1]','',#5,#2023,$
  );
#4037 = CONTEXT_DEPENDENT_SHAPE_REPRESENTATION(#4038,#4040);
#4038 = ( REPRESENTATION_RELATIONSHIP('','',#2028,#10) 
REPRESENTATION_RELATIONSHIP_WITH_TRANSFORMATION(#4039) 
SHAPE_REPRESENTATION_RELATIONSHIP() );
#4039 = ITEM_DEFINED_TRANSFORMATION('','',#11,#815);
#4040 = PRODUCT_DEFINITION_SHAPE('Placement','Placement of an item',
  #4041);
#4041 = NEXT_ASSEMBLY_USAGE_OCCURRENCE('201','=>[0:1:1:1]','',#5,#2023,$
  );
#4042 = CONTEXT_DEPENDENT_SHAPE_REPRESENTATION(#4043,#4045);
#4043 = ( REPRESENTATION_RELATIONSHIP('','',#2028,#10) 
REPRESENTATION_RELATIONSHIP_WITH_TRANSFORMATION(#4044) 
SHAPE_REPRESENTATION_RELATIONSHIP() );
#4044 = ITEM_DEFINED_TRANSFORMATION('','',#11,#819);
#4045 = PRODUCT_DEFINITION_SHAPE('Placement','Placement of an item',
  #4046);
#4046 = NEXT_ASSEMBLY_USAGE_OCCURRENCE('202','=>[0:1:1:1]','',#5,#2023,$
  );
#4047 = CONTEXT_DEPENDENT_SHAPE_REPRESENTATION(#4048,#4050);
#4048 = ( REPRESENTATION_RELATIONSHIP('','',#2028,#10) 
REPRESENTATION_RELATIONSHIP_WITH_TRANSFORMATION(#4049) 
SHAPE_REPRESENTATION_RELATIONSHIP() );
#4049 = ITEM_DEFINED_TRANSFORMATION('','',#11,#823);
#4050 = PRODUCT_DEFINITION_SHAPE('Placement','Placement of an item',
  #4051);
#4051 = NEXT_ASSEMBLY_USAGE_OCCURRENCE('203','=>[0:1:1:1]','',#5,#2023,$
  );
#4052 = CONTEXT_DEPENDENT_SHAPE_REPRESENTATION(#4053,#4055);
#4053 = ( REPRESENTATION_RELATIONSHIP('','',#2028,#10) 
REPRESENTATION_RELATIONSHIP_WITH_TRANSFORMATION(#4054) 
SHAPE_REPRESENTATION_RELATIONSHIP() );
#4054 = ITEM_DEFINED_TRANSFORMATION('','',#11,#827);
#4055 = PRODUCT_DEFINITION_SHAPE('Placement','Placement of an item',
  #4056);
#4056 = NEXT_ASSEMBLY_USAGE_OCCURRENCE('204','=>[0:1:1:1]','',#5,#2023,$
  );
#4057 = CONTEXT_DEPENDENT_SHAPE_REPRESENTATION(#4058,#4060);
#4058 = ( REPRESENTATION_RELATIONSHIP('','',#2028,#10) 
REPRESENTATION_RELATIONSHIP_WITH_TRANSFORMATION(#4059) 
SHAPE_REPRESENTATION_RELATIONSHIP() );
#4059 = ITEM_DEFINED_TRANSFORMATION('','',#11,#831);
#4060 = PRODUCT_DEFINITION_SHAPE('Placement','Placement of an item',
  #4061);
#4061 = NEXT_ASSEMBLY_USAGE_OCCURRENCE('205','=>[0:1:1:1]','',#5,#2023,$
  );
#4062 = CONTEXT_DEPENDENT_SHAPE_REPRESENTATION(#4063,#4065);
#4063 = ( REPRESENTATION_RELATIONSHIP('','',#2028,#10) 
REPRESENTATION_RELATIONSHIP_WITH_TRANSFORMATION(#4064) 
SHAPE_REPRESENTATION_RELATIONSHIP() );
#4064 = ITEM_DEFINED_TRANSFORMATION('','',#11,#835);
#4065 = PRODUCT_DEFINITION_SHAPE('Placement','Placement of an item',
  #4066);
#4066 = NEXT_ASSEMBLY_USAGE_OCCURRENCE('206','=>[0:1:1:1]','',#5,#2023,$
  );
#4067 = CONTEXT_DEPENDENT_SHAPE_REPRESENTATION(#4068,#4070);
#4068 = ( REPRESENTATION_RELATIONSHIP('','',#2028,#10) 
REPRESENTATION_RELATIONSHIP_WITH_TRANSFORMATION(#4069) 
SHAPE_REPRESENTATION_RELATIONSHIP() );
#4069 = ITEM_DEFINED_TRANSFORMATION('','',#11,#839);
#4070 = PRODUCT_DEFINITION_SHAPE('Placement','Placement of an item',
  #4071);
#4071 = NEXT_ASSEMBLY_USAGE_OCCURRENCE('207','=>[0:1:1:1]','',#5,#2023,$
  );
#4072 = CONTEXT_DEPENDENT_SHAPE_REPRESENTATION(#4073,#4075);
#4073 = ( REPRESENTATION_RELATIONSHIP('','',#2028,#10) 
REPRESENTATION_RELATIONSHIP_WITH_TRANSFORMATION(#4074) 
SHAPE_REPRESENTATION_RELATIONSHIP() );
#4074 = ITEM_DEFINED_TRANSFORMATION('','',#11,#843);
#4075 = PRODUCT_DEFINITION_SHAPE('Placement','Placement of an item',
  #4076);
#4076 = NEXT_ASSEMBLY_USAGE_OCCURRENCE('208','=>[0:1:1:1]','',#5,#2023,$
  );
#4077 = CONTEXT_DEPENDENT_SHAPE_REPRESENTATION(#4078,#4080);
#4078 = ( REPRESENTATION_RELATIONSHIP('','',#2028,#10) 
REPRESENTATION_RELATIONSHIP_WITH_TRANSFORMATION(#4079) 
SHAPE_REPRESENTATION_RELATIONSHIP() );
#4079 = ITEM_DEFINED_TRANSFORMATION('','',#11,#847);
#4080 = PRODUCT_DEFINITION_SHAPE('Placement','Placement of an item',
  #4081);
#4081 = NEXT_ASSEMBLY_USAGE_OCCURRENCE('209','=>[0:1:1:1]','',#5,#2023,$
  );
#4082 = CONTEXT_DEPENDENT_SHAPE_REPRESENTATION(#4083,#4085);
#4083 = ( REPRESENTATION_RELATIONSHIP('','',#2028,#10) 
REPRESENTATION_RELATIONSHIP_WITH_TRANSFORMATION(#4084) 
SHAPE_REPRESENTATION_RELATIONSHIP() );
#4084 = ITEM_DEFINED_TRANSFORMATION('','',#11,#851);
#4085 = PRODUCT_DEFINITION_SHAPE('Placement','Placement of an item',
  #4086);
#4086 = NEXT_ASSEMBLY_USAGE_OCCURRENCE('210','=>[0:1:1:1]','',#5,#2023,$
  );
#4087 = CONTEXT_DEPENDENT_SHAPE_REPRESENTATION(#4088,#4090);
#4088 = ( REPRESENTATION_RELATIONSHIP('','',#2028,#10) 
REPRESENTATION_RELATIONSHIP_WITH_TRANSFORMATION(#4089) 
SHAPE_REPRESENTATION_RELATIONSHIP() );
#4089 = ITEM_DEFINED_TRANSFORMATION('','',#11,#855);
#4090 = PRODUCT_DEFINITION_SHAPE('Placement','Placement of an item',
  #4091);
#4091 = NEXT_ASSEMBLY_USAGE_OCCURRENCE('211','=>[0:1:1:1]','',#5,#2023,$
  );
#4092 = CONTEXT_DEPENDENT_SHAPE_REPRESENTATION(#4093,#4095);
#4093 = ( REPRESENTATION_RELATIONSHIP('','',#2028,#10) 
REPRESENTATION_RELATIONSHIP_WITH_TRANSFORMATION(#4094) 
SHAPE_REPRESENTATION_RELATIONSHIP() );
#4094 = ITEM_DEFINED_TRANSFORMATION('','',#11,#859);
#4095 = PRODUCT_DEFINITION_SHAPE('Placement','Placement of an item',
  #4096);
#4096 = NEXT_ASSEMBLY_USAGE_OCCURRENCE('212','=>[0:1:1:1]','',#5,#2023,$
  );
#4097 = CONTEXT_DEPENDENT_SHAPE_REPRESENTATION(#4098,#4100);
#4098 = ( REPRESENTATION_RELATIONSHIP('','',#2028,#10) 
REPRESENTATION_RELATIONSHIP_WITH_TRANSFORMATION(#4099) 
SHAPE_REPRESENTATION_RELATIONSHIP() );
#4099 = ITEM_DEFINED_TRANSFORMATION('','',#11,#863);
#4100 = PRODUCT_DEFINITION_SHAPE('Placement','Placement of an item',
  #4101);
#4101 = NEXT_ASSEMBLY_USAGE_OCCURRENCE('213','=>[0:1:1:1]','',#5,#2023,$
  );
#4102 = CONTEXT_DEPENDENT_SHAPE_REPRESENTATION(#4103,#4105);
#4103 = ( REPRESENTATION_RELATIONSHIP('','',#2028,#10) 
REPRESENTATION_RELATIONSHIP_WITH_TRANSFORMATION(#4104) 
SHAPE_REPRESENTATION_RELATIONSHIP() );
#4104 = ITEM_DEFINED_TRANSFORMATION('','',#11,#867);
#4105 = PRODUCT_DEFINITION_SHAPE('Placement','Placement of an item',
  #4106);
#4106 = NEXT_ASSEMBLY_USAGE_OCCURRENCE('214','=>[0:1:1:1]','',#5,#2023,$
  );
#4107 = CONTEXT_DEPENDENT_SHAPE_REPRESENTATION(#4108,#4110);
#4108 = ( REPRESENTATION_RELATIONSHIP('','',#2028,#10) 
REPRESENTATION_RELATIONSHIP_WITH_TRANSFORMATION(#4109) 
SHAPE_REPRESENTATION_RELATIONSHIP() );
#4109 = ITEM_DEFINED_TRANSFORMATION('','',#11,#871);
#4110 = PRODUCT_DEFINITION_SHAPE('Placement','Placement of an item',
  #4111);
#4111 = NEXT_ASSEMBLY_USAGE_OCCURRENCE('215','=>[0:1:1:1]','',#5,#2023,$
  );
#4112 = CONTEXT_DEPENDENT_SHAPE_REPRESENTATION(#4113,#4115);
#4113 = ( REPRESENTATION_RELATIONSHIP('','',#2028,#10) 
REPRESENTATION_RELATIONSHIP_WITH_TRANSFORMATION(#4114) 
SHAPE_REPRESENTATION_RELATIONSHIP() );
#4114 = ITEM_DEFINED_TRANSFORMATION('','',#11,#875);
#4115 = PRODUCT_DEFINITION_SHAPE('Placement','Placement of an item',
  #4116);
#4116 = NEXT_ASSEMBLY_USAGE_OCCURRENCE('216','=>[0:1:1:1]','',#5,#2023,$
  );
#4117 = CONTEXT_DEPENDENT_SHAPE_REPRESENTATION(#4118,#4120);
#4118 = ( REPRESENTATION_RELATIONSHIP('','',#2028,#10) 
REPRESENTATION_RELATIONSHIP_WITH_TRANSFORMATION(#4119) 
SHAPE_REPRESENTATION_RELATIONSHIP() );
#4119 = ITEM_DEFINED_TRANSFORMATION('','',#11,#879);
#4120 = PRODUCT_DEFINITION_SHAPE('Placement','Placement of an item',
  #4121);
#4121 = NEXT_ASSEMBLY_USAGE_OCCURRENCE('217','=>[0:1:1:1]','',#5,#2023,$
  );
#4122 = CONTEXT_DEPENDENT_SHAPE_REPRESENTATION(#4123,#4125);
#4123 = ( REPRESENTATION_RELATIONSHIP('','',#2028,#10) 
REPRESENTATION_RELATIONSHIP_WITH_TRANSFORMATION(#4124) 
SHAPE_REPRESENTATION_RELATIONSHIP() );
#4124 = ITEM_DEFINED_TRANSFORMATION('','',#11,#883);
#4125 = PRODUCT_DEFINITION_SHAPE('Placement','Placement of an item',
  #4126);
#4126 = NEXT_ASSEMBLY_USAGE_OCCURRENCE('218','=>[0:1:1:1]','',#5,#2023,$
  );
#4127 = CONTEXT_DEPENDENT_SHAPE_REPRESENTATION(#4128,#4130);
#4128 = ( REPRESENTATION_RELATIONSHIP('','',#2028,#10) 
REPRESENTATION_RELATIONSHIP_WITH_TRANSFORMATION(#4129) 
SHAPE_REPRESENTATION_RELATIONSHIP() );
#4129 = ITEM_DEFINED_TRANSFORMATION('','',#11,#887);
#4130 = PRODUCT_DEFINITION_SHAPE('Placement','Placement of an item',
  #4131);
#4131 = NEXT_ASSEMBLY_USAGE_OCCURRENCE('219','=>[0:1:1:1]','',#5,#2023,$
  );
#4132 = CONTEXT_DEPENDENT_SHAPE_REPRESENTATION(#4133,#4135);
#4133 = ( REPRESENTATION_RELATIONSHIP('','',#2028,#10) 
REPRESENTATION_RELATIONSHIP_WITH_TRANSFORMATION(#4134) 
SHAPE_REPRESENTATION_RELATIONSHIP() );
#4134 = ITEM_DEFINED_TRANSFORMATION('','',#11,#891);
#4135 = PRODUCT_DEFINITION_SHAPE('Placement','Placement of an item',
  #4136);
#4136 = NEXT_ASSEMBLY_USAGE_OCCURRENCE('220','=>[0:1:1:1]','',#5,#2023,$
  );
#4137 = CONTEXT_DEPENDENT_SHAPE_REPRESENTATION(#4138,#4140);
#4138 = ( REPRESENTATION_RELATIONSHIP('','',#2028,#10) 
REPRESENTATION_RELATIONSHIP_WITH_TRANSFORMATION(#4139) 
SHAPE_REPRESENTATION_RELATIONSHIP() );
#4139 = ITEM_DEFINED_TRANSFORMATION('','',#11,#895);
#4140 = PRODUCT_DEFINITION_SHAPE('Placement','Placement of an item',
  #4141);
#4141 = NEXT_ASSEMBLY_USAGE_OCCURRENCE('221','=>[0:1:1:1]','',#5,#2023,$
  );
#4142 = CONTEXT_DEPENDENT_SHAPE_REPRESENTATION(#4143,#4145);
#4143 = ( REPRESENTATION_RELATIONSHIP('','',#2028,#10) 
REPRESENTATION_RELATIONSHIP_WITH_TRANSFORMATION(#4144) 
SHAPE_REPRESENTATION_RELATIONSHIP() );
#4144 = ITEM_DEFINED_TRANSFORMATION('','',#11,#899);
#4145 = PRODUCT_DEFINITION_SHAPE('Placement','Placement of an item',
  #4146);
#4146 = NEXT_ASSEMBLY_USAGE_OCCURRENCE('222','=>[0:1:1:1]','',#5,#2023,$
  );
#4147 = CONTEXT_DEPENDENT_SHAPE_REPRESENTATION(#4148,#4150);
#4148 = ( REPRESENTATION_RELATIONSHIP('','',#2028,#10) 
REPRESENTATION_RELATIONSHIP_WITH_TRANSFORMATION(#4149) 
SHAPE_REPRESENTATION_RELATIONSHIP() );
#4149 = ITEM_DEFINED_TRANSFORMATION('','',#11,#903);
#4150 = PRODUCT_DEFINITION_SHAPE('Placement','Placement of an item',
  #4151);
#4151 = NEXT_ASSEMBLY_USAGE_OCCURRENCE('223','=>[0:1:1:1]','',#5,#2023,$
  );
#4152 = CONTEXT_DEPENDENT_SHAPE_REPRESENTATION(#4153,#4155);
#4153 = ( REPRESENTATION_RELATIONSHIP('','',#2028,#10) 
REPRESENTATION_RELATIONSHIP_WITH_TRANSFORMATION(#4154) 
SHAPE_REPRESENTATION_RELATIONSHIP() );
#4154 = ITEM_DEFINED_TRANSFORMATION('','',#11,#907);
#4155 = PRODUCT_DEFINITION_SHAPE('Placement','Placement of an item',
  #4156);
#4156 = NEXT_ASSEMBLY_USAGE_OCCURRENCE('224','=>[0:1:1:1]','',#5,#2023,$
  );
#4157 = CONTEXT_DEPENDENT_SHAPE_REPRESENTATION(#4158,#4160);
#4158 = ( REPRESENTATION_RELATIONSHIP('','',#2028,#10) 
REPRESENTATION_RELATIONSHIP_WITH_TRANSFORMATION(#4159) 
SHAPE_REPRESENTATION_RELATIONSHIP() );
#4159 = ITEM_DEFINED_TRANSFORMATION('','',#11,#911);
#4160 = PRODUCT_DEFINITION_SHAPE('Placement','Placement of an item',
  #4161);
#4161 = NEXT_ASSEMBLY_USAGE_OCCURRENCE('225','=>[0:1:1:1]','',#5,#2023,$
  );
#4162 = CONTEXT_DEPENDENT_SHAPE_REPRESENTATION(#4163,#4165);
#4163 = ( REPRESENTATION_RELATIONSHIP('','',#2028,#10) 
REPRESENTATION_RELATIONSHIP_WITH_TRANSFORMATION(#4164) 
SHAPE_REPRESENTATION_RELATIONSHIP() );
#4164 = ITEM_DEFINED_TRANSFORMATION('','',#11,#915);
#4165 = PRODUCT_DEFINITION_SHAPE('Placement','Placement of an item',
  #4166);
#4166 = NEXT_ASSEMBLY_USAGE_OCCURRENCE('226','=>[0:1:1:1]','',#5,#2023,$
  );
#4167 = CONTEXT_DEPENDENT_SHAPE_REPRESENTATION(#4168,#4170);
#4168 = ( REPRESENTATION_RELATIONSHIP('','',#2028,#10) 
REPRESENTATION_RELATIONSHIP_WITH_TRANSFORMATION(#4169) 
SHAPE_REPRESENTATION_RELATIONSHIP() );
#4169 = ITEM_DEFINED_TRANSFORMATION('','',#11,#919);
#4170 = PRODUCT_DEFINITION_SHAPE('Placement','Placement of an item',
  #4171);
#4171 = NEXT_ASSEMBLY_USAGE_OCCURRENCE('227','=>[0:1:1:1]','',#5,#2023,$
  );
#4172 = CONTEXT_DEPENDENT_SHAPE_REPRESENTATION(#4173,#4175);
#4173 = ( REPRESENTATION_RELATIONSHIP('','',#2028,#10) 
REPRESENTATION_RELATIONSHIP_WITH_TRANSFORMATION(#4174) 
SHAPE_REPRESENTATION_RELATIONSHIP() );
#4174 = ITEM_DEFINED_TRANSFORMATION('','',#11,#923);
#4175 = PRODUCT_DEFINITION_SHAPE('Placement','Placement of an item',
  #4176);
#4176 = NEXT_ASSEMBLY_USAGE_OCCURRENCE('228','=>[0:1:1:1]','',#5,#2023,$
  );
#4177 = CONTEXT_DEPENDENT_SHAPE_REPRESENTATION(#4178,#4180);
#4178 = ( REPRESENTATION_RELATIONSHIP('','',#2028,#10) 
REPRESENTATION_RELATIONSHIP_WITH_TRANSFORMATION(#4179) 
SHAPE_REPRESENTATION_RELATIONSHIP() );
#4179 = ITEM_DEFINED_TRANSFORMATION('','',#11,#927);
#4180 = PRODUCT_DEFINITION_SHAPE('Placement','Placement of an item',
  #4181);
#4181 = NEXT_ASSEMBLY_USAGE_OCCURRENCE('229','=>[0:1:1:1]','',#5,#2023,$
  );
#4182 = CONTEXT_DEPENDENT_SHAPE_REPRESENTATION(#4183,#4185);
#4183 = ( REPRESENTATION_RELATIONSHIP('','',#2028,#10) 
REPRESENTATION_RELATIONSHIP_WITH_TRANSFORMATION(#4184) 
SHAPE_REPRESENTATION_RELATIONSHIP() );
#4184 = ITEM_DEFINED_TRANSFORMATION('','',#11,#931);
#4185 = PRODUCT_DEFINITION_SHAPE('Placement','Placement of an item',
  #4186);
#4186 = NEXT_ASSEMBLY_USAGE_OCCURRENCE('230','=>[0:1:1:1]','',#5,#2023,$
  );
#4187 = CONTEXT_DEPENDENT_SHAPE_REPRESENTATION(#4188,#4190);
#4188 = ( REPRESENTATION_RELATIONSHIP('','',#2028,#10) 
REPRESENTATION_RELATIONSHIP_WITH_TRANSFORMATION(#4189) 
SHAPE_REPRESENTATION_RELATIONSHIP() );
#4189 = ITEM_DEFINED_TRANSFORMATION('','',#11,#935);
#4190 = PRODUCT_DEFINITION_SHAPE('Placement','Placement of an item',
  #4191);
#4191 = NEXT_ASSEMBLY_USAGE_OCCURRENCE('231','=>[0:1:1:1]','',#5,#2023,$
  );
#4192 = CONTEXT_DEPENDENT_SHAPE_REPRESENTATION(#4193,#4195);
#4193 = ( REPRESENTATION_RELATIONSHIP('','',#2028,#10) 
REPRESENTATION_RELATIONSHIP_WITH_TRANSFORMATION(#4194) 
SHAPE_REPRESENTATION_RELATIONSHIP() );
#4194 = ITEM_DEFINED_TRANSFORMATION('','',#11,#939);
#4195 = PRODUCT_DEFINITION_SHAPE('Placement','Placement of an item',
  #4196);
#4196 = NEXT_ASSEMBLY_USAGE_OCCURRENCE('232','=>[0:1:1:1]','',#5,#2023,$
  );
#4197 = CONTEXT_DEPENDENT_SHAPE_REPRESENTATION(#4198,#4200);
#4198 = ( REPRESENTATION_RELATIONSHIP('','',#2028,#10) 
REPRESENTATION_RELATIONSHIP_WITH_TRANSFORMATION(#4199) 
SHAPE_REPRESENTATION_RELATIONSHIP() );
#4199 = ITEM_DEFINED_TRANSFORMATION('','',#11,#943);
#4200 = PRODUCT_DEFINITION_SHAPE('Placement','Placement of an item',
  #4201);
#4201 = NEXT_ASSEMBLY_USAGE_OCCURRENCE('233','=>[0:1:1:1]','',#5,#2023,$
  );
#4202 = CONTEXT_DEPENDENT_SHAPE_REPRESENTATION(#4203,#4205);
#4203 = ( REPRESENTATION_RELATIONSHIP('','',#2028,#10) 
REPRESENTATION_RELATIONSHIP_WITH_TRANSFORMATION(#4204) 
SHAPE_REPRESENTATION_RELATIONSHIP() );
#4204 = ITEM_DEFINED_TRANSFORMATION('','',#11,#947);
#4205 = PRODUCT_DEFINITION_SHAPE('Placement','Placement of an item',
  #4206);
#4206 = NEXT_ASSEMBLY_USAGE_OCCURRENCE('234','=>[0:1:1:1]','',#5,#2023,$
  );
#4207 = CONTEXT_DEPENDENT_SHAPE_REPRESENTATION(#4208,#4210);
#4208 = ( REPRESENTATION_RELATIONSHIP('','',#2028,#10) 
REPRESENTATION_RELATIONSHIP_WITH_TRANSFORMATION(#4209) 
SHAPE_REPRESENTATION_RELATIONSHIP() );
#4209 = ITEM_DEFINED_TRANSFORMATION('','',#11,#951);
#4210 = PRODUCT_DEFINITION_SHAPE('Placement','Placement of an item',
  #4211);
#4211 = NEXT_ASSEMBLY_USAGE_OCCURRENCE('235','=>[0:1:1:1]','',#5,#2023,$
  );
#4212 = CONTEXT_DEPENDENT_SHAPE_REPRESENTATION(#4213,#4215);
#4213 = ( REPRESENTATION_RELATIONSHIP('','',#2028,#10) 
REPRESENTATION_RELATIONSHIP_WITH_TRANSFORMATION(#4214) 
SHAPE_REPRESENTATION_RELATIONSHIP() );
#4214 = ITEM_DEFINED_TRANSFORMATION('','',#11,#955);
#4215 = PRODUCT_DEFINITION_SHAPE('Placement','Placement of an item',
  #4216);
#4216 = NEXT_ASSEMBLY_USAGE_OCCURRENCE('236','=>[0:1:1:1]','',#5,#2023,$
  );
#4217 = CONTEXT_DEPENDENT_SHAPE_REPRESENTATION(#4218,#4220);
#4218 = ( REPRESENTATION_RELATIONSHIP('','',#2028,#10) 
REPRESENTATION_RELATIONSHIP_WITH_TRANSFORMATION(#4219) 
SHAPE_REPRESENTATION_RELATIONSHIP() );
#4219 = ITEM_DEFINED_TRANSFORMATION('','',#11,#959);
#4220 = PRODUCT_DEFINITION_SHAPE('Placement','Placement of an item',
  #4221);
#4221 = NEXT_ASSEMBLY_USAGE_OCCURRENCE('237','=>[0:1:1:1]','',#5,#2023,$
  );
#4222 = CONTEXT_DEPENDENT_SHAPE_REPRESENTATION(#4223,#4225);
#4223 = ( REPRESENTATION_RELATIONSHIP('','',#2028,#10) 
REPRESENTATION_RELATIONSHIP_WITH_TRANSFORMATION(#4224) 
SHAPE_REPRESENTATION_RELATIONSHIP() );
#4224 = ITEM_DEFINED_TRANSFORMATION('','',#11,#963);
#4225 = PRODUCT_DEFINITION_SHAPE('Placement','Placement of an item',
  #4226);
#4226 = NEXT_ASSEMBLY_USAGE_OCCURRENCE('238','=>[0:1:1:1]','',#5,#2023,$
  );
#4227 = CONTEXT_DEPENDENT_SHAPE_REPRESENTATION(#4228,#4230);
#4228 = ( REPRESENTATION_RELATIONSHIP('','',#2028,#10) 
REPRESENTATION_RELATIONSHIP_WITH_TRANSFORMATION(#4229) 
SHAPE_REPRESENTATION_RELATIONSHIP() );
#4229 = ITEM_DEFINED_TRANSFORMATION('','',#11,#967);
#4230 = PRODUCT_DEFINITION_SHAPE('Placement','Placement of an item',
  #4231);
#4231 = NEXT_ASSEMBLY_USAGE_OCCURRENCE('239','=>[0:1:1:1]','',#5,#2023,$
  );
#4232 = CONTEXT_DEPENDENT_SHAPE_REPRESENTATION(#4233,#4235);
#4233 = ( REPRESENTATION_RELATIONSHIP('','',#2028,#10) 
REPRESENTATION_RELATIONSHIP_WITH_TRANSFORMATION(#4234) 
SHAPE_REPRESENTATION_RELATIONSHIP() );
#4234 = ITEM_DEFINED_TRANSFORMATION('','',#11,#971);
#4235 = PRODUCT_DEFINITION_SHAPE('Placement','Placement of an item',
  #4236);
#4236 = NEXT_ASSEMBLY_USAGE_OCCURRENCE('240','=>[0:1:1:1]','',#5,#2023,$
  );
#4237 = CONTEXT_DEPENDENT_SHAPE_REPRESENTATION(#4238,#4240);
#4238 = ( REPRESENTATION_RELATIONSHIP('','',#2028,#10) 
REPRESENTATION_RELATIONSHIP_WITH_TRANSFORMATION(#4239) 
SHAPE_REPRESENTATION_RELATIONSHIP() );
#4239 = ITEM_DEFINED_TRANSFORMATION('','',#11,#975);
#4240 = PRODUCT_DEFINITION_SHAPE('Placement','Placement of an item',
  #4241);
#4241 = NEXT_ASSEMBLY_USAGE_OCCURRENCE('241','=>[0:1:1:1]','',#5,#2023,$
  );
#4242 = CONTEXT_DEPENDENT_SHAPE_REPRESENTATION(#4243,#4245);
#4243 = ( REPRESENTATION_RELATIONSHIP('','',#2028,#10) 
REPRESENTATION_RELATIONSHIP_WITH_TRANSFORMATION(#4244) 
SHAPE_REPRESENTATION_RELATIONSHIP() );
#4244 = ITEM_DEFINED_TRANSFORMATION('','',#11,#979);
#4245 = PRODUCT_DEFINITION_SHAPE('Placement','Placement of an item',
  #4246);
#4246 = NEXT_ASSEMBLY_USAGE_OCCURRENCE('242','=>[0:1:1:1]','',#5,#2023,$
  );
#4247 = CONTEXT_DEPENDENT_SHAPE_REPRESENTATION(#4248,#4250);
#4248 = ( REPRESENTATION_RELATIONSHIP('','',#2028,#10) 
REPRESENTATION_RELATIONSHIP_WITH_TRANSFORMATION(#4249) 
SHAPE_REPRESENTATION_RELATIONSHIP() );
#4249 = ITEM_DEFINED_TRANSFORMATION('','',#11,#983);
#4250 = PRODUCT_DEFINITION_SHAPE('Placement','Placement of an item',
  #4251);
#4251 = NEXT_ASSEMBLY_USAGE_OCCURRENCE('243','=>[0:1:1:1]','',#5,#2023,$
  );
#4252 = CONTEXT_DEPENDENT_SHAPE_REPRESENTATION(#4253,#4255);
#4253 = ( REPRESENTATION_RELATIONSHIP('','',#2028,#10) 
REPRESENTATION_RELATIONSHIP_WITH_TRANSFORMATION(#4254) 
SHAPE_REPRESENTATION_RELATIONSHIP() );
#4254 = ITEM_DEFINED_TRANSFORMATION('','',#11,#987);
#4255 = PRODUCT_DEFINITION_SHAPE('Placement','Placement of an item',
  #4256);
#4256 = NEXT_ASSEMBLY_USAGE_OCCURRENCE('244','=>[0:1:1:1]','',#5,#2023,$
  );
#4257 = CONTEXT_DEPENDENT_SHAPE_REPRESENTATION(#4258,#4260);
#4258 = ( REPRESENTATION_RELATIONSHIP('','',#2028,#10) 
REPRESENTATION_RELATIONSHIP_WITH_TRANSFORMATION(#4259) 
SHAPE_REPRESENTATION_RELATIONSHIP() );
#4259 = ITEM_DEFINED_TRANSFORMATION('','',#11,#991);
#4260 = PRODUCT_DEFINITION_SHAPE('Placement','Placement of an item',
  #4261);
#4261 = NEXT_ASSEMBLY_USAGE_OCCURRENCE('245','=>[0:1:1:1]','',#5,#2023,$
  );
#4262 = CONTEXT_DEPENDENT_SHAPE_REPRESENTATION(#4263,#4265);
#4263 = ( REPRESENTATION_RELATIONSHIP('','',#2028,#10) 
REPRESENTATION_RELATIONSHIP_WITH_TRANSFORMATION(#4264) 
SHAPE_REPRESENTATION_RELATIONSHIP() );
#4264 = ITEM_DEFINED_TRANSFORMATION('','',#11,#995);
#4265 = PRODUCT_DEFINITION_SHAPE('Placement','Placement of an item',
  #4266);
#4266 = NEXT_ASSEMBLY_USAGE_OCCURRENCE('246','=>[0:1:1:1]','',#5,#2023,$
  );
#4267 = CONTEXT_DEPENDENT_SHAPE_REPRESENTATION(#4268,#4270);
#4268 = ( REPRESENTATION_RELATIONSHIP('','',#2028,#10) 
REPRESENTATION_RELATIONSHIP_WITH_TRANSFORMATION(#4269) 
SHAPE_REPRESENTATION_RELATIONSHIP() );
#4269 = ITEM_DEFINED_TRANSFORMATION('','',#11,#999);
#4270 = PRODUCT_DEFINITION_SHAPE('Placement','Placement of an item',
  #4271);
#4271 = NEXT_ASSEMBLY_USAGE_OCCURRENCE('247','=>[0:1:1:1]','',#5,#2023,$
  );
#4272 = CONTEXT_DEPENDENT_SHAPE_REPRESENTATION(#4273,#4275);
#4273 = ( REPRESENTATION_RELATIONSHIP('','',#2028,#10) 
REPRESENTATION_RELATIONSHIP_WITH_TRANSFORMATION(#4274) 
SHAPE_REPRESENTATION_RELATIONSHIP() );
#4274 = ITEM_DEFINED_TRANSFORMATION('','',#11,#1003);
#4275 = PRODUCT_DEFINITION_SHAPE('Placement','Placement of an item',
  #4276);
#4276 = NEXT_ASSEMBLY_USAGE_OCCURRENCE('248','=>[0:1:1:1]','',#5,#2023,$
  );
#4277 = CONTEXT_DEPENDENT_SHAPE_REPRESENTATION(#4278,#4280);
#4278 = ( REPRESENTATION_RELATIONSHIP('','',#2028,#10) 
REPRESENTATION_RELATIONSHIP_WITH_TRANSFORMATION(#4279) 
SHAPE_REPRESENTATION_RELATIONSHIP() );
#4279 = ITEM_DEFINED_TRANSFORMATION('','',#11,#1007);
#4280 = PRODUCT_DEFINITION_SHAPE('Placement','Placement of an item',
  #4281);
#4281 = NEXT_ASSEMBLY_USAGE_OCCURRENCE('249','=>[0:1:1:1]','',#5,#2023,$
  );
#4282 = CONTEXT_DEPENDENT_SHAPE_REPRESENTATION(#4283,#4285);
#4283 = ( REPRESENTATION_RELATIONSHIP('','',#2028,#10) 
REPRESENTATION_RELATIONSHIP_WITH_TRANSFORMATION(#4284) 
SHAPE_REPRESENTATION_RELATIONSHIP() );
#4284 = ITEM_DEFINED_TRANSFORMATION('','',#11,#1011);
#4285 = PRODUCT_DEFINITION_SHAPE('Placement','Placement of an item',
  #4286);
#4286 = NEXT_ASSEMBLY_USAGE_OCCURRENCE('250','=>[0:1:1:1]','',#5,#2023,$
  );
#4287 = CONTEXT_DEPENDENT_SHAPE_REPRESENTATION(#4288,#4290);
#4288 = ( REPRESENTATION_RELATIONSHIP('','',#2028,#10) 
REPRESENTATION_RELATIONSHIP_WITH_TRANSFORMATION(#4289) 
SHAPE_REPRESENTATION_RELATIONSHIP() );
#4289 = ITEM_DEFINED_TRANSFORMATION('','',#11,#1015);
#4290 = PRODUCT_DEFINITION_SHAPE('Placement','Placement of an item',
  #4291);
#4291 = NEXT_ASSEMBLY_USAGE_OCCURRENCE('251','=>[0:1:1:1]','',#5,#2023,$
  );
#4292 = CONTEXT_DEPENDENT_SHAPE_REPRESENTATION(#4293,#4295);
#4293 = ( REPRESENTATION_RELATIONSHIP('','',#2028,#10) 
REPRESENTATION_RELATIONSHIP_WITH_TRANSFORMATION(#4294) 
SHAPE_REPRESENTATION_RELATIONSHIP() );
#4294 = ITEM_DEFINED_TRANSFORMATION('','',#11,#1019);
#4295 = PRODUCT_DEFINITION_SHAPE('Placement','Placement of an item',
  #4296);
#4296 = NEXT_ASSEMBLY_USAGE_OCCURRENCE('252','=>[0:1:1:1]','',#5,#2023,$
  );
#4297 = CONTEXT_DEPENDENT_SHAPE_REPRESENTATION(#4298,#4300);
#4298 = ( REPRESENTATION_RELATIONSHIP('','',#2028,#10) 
REPRESENTATION_RELATIONSHIP_WITH_TRANSFORMATION(#4299) 
SHAPE_REPRESENTATION_RELATIONSHIP() );
#4299 = ITEM_DEFINED_TRANSFORMATION('','',#11,#1023);
#4300 = PRODUCT_DEFINITION_SHAPE('Placement','Placement of an item',
  #4301);
#4301 = NEXT_ASSEMBLY_USAGE_OCCURRENCE('253','=>[0:1:1:1]','',#5,#2023,$
  );
#4302 = CONTEXT_DEPENDENT_SHAPE_REPRESENTATION(#4303,#4305);
#4303 = ( REPRESENTATION_RELATIONSHIP('','',#2028,#10) 
REPRESENTATION_RELATIONSHIP_WITH_TRANSFORMATION(#4304) 
SHAPE_REPRESENTATION_RELATIONSHIP() );
#4304 = ITEM_DEFINED_TRANSFORMATION('','',#11,#1027);
#4305 = PRODUCT_DEFINITION_SHAPE('Placement','Placement of an item',
  #4306);
#4306 = NEXT_ASSEMBLY_USAGE_OCCURRENCE('254','=>[0:1:1:1]','',#5,#2023,$
  );
#4307 = CONTEXT_DEPENDENT_SHAPE_REPRESENTATION(#4308,#4310);
#4308 = ( REPRESENTATION_RELATIONSHIP('','',#2028,#10) 
REPRESENTATION_RELATIONSHIP_WITH_TRANSFORMATION(#4309) 
SHAPE_REPRESENTATION_RELATIONSHIP() );
#4309 = ITEM_DEFINED_TRANSFORMATION('','',#11,#1031);
#4310 = PRODUCT_DEFINITION_SHAPE('Placement','Placement of an item',
  #4311);
#4311 = NEXT_ASSEMBLY_USAGE_OCCURRENCE('255','=>[0:1:1:1]','',#5,#2023,$
  );
#4312 = CONTEXT_DEPENDENT_SHAPE_REPRESENTATION(#4313,#4315);
#4313 = ( REPRESENTATION_RELATIONSHIP('','',#2028,#10) 
REPRESENTATION_RELATIONSHIP_WITH_TRANSFORMATION(#4314) 
SHAPE_REPRESENTATION_RELATIONSHIP() );
#4314 = ITEM_DEFINED_TRANSFORMATION('','',#11,#1035);
#4315 = PRODUCT_DEFINITION_SHAPE('Placement','Placement of an item',
  #4316);
#4316 = NEXT_ASSEMBLY_USAGE_OCCURRENCE('256','=>[0:1:1:1]','',#5,#2023,$
  );
#4317 = CONTEXT_DEPENDENT_SHAPE_REPRESENTATION(#4318,#4320);
#4318 = ( REPRESENTATION_RELATIONSHIP('','',#2028,#10) 
REPRESENTATION_RELATIONSHIP_WITH_TRANSFORMATION(#4319) 
SHAPE_REPRESENTATION_RELATIONSHIP() );
#4319 = ITEM_DEFINED_TRANSFORMATION('','',#11,#1039);
#4320 = PRODUCT_DEFINITION_SHAPE('Placement','Placement of an item',
  #4321);
#4321 = NEXT_ASSEMBLY_USAGE_OCCURRENCE('257','=>[0:1:1:1]','',#5,#2023,$
  );
#4322 = CONTEXT_DEPENDENT_SHAPE_REPRESENTATION(#4323,#4325);
#4323 = ( REPRESENTATION_RELATIONSHIP('','',#2028,#10) 
REPRESENTATION_RELATIONSHIP_WITH_TRANSFORMATION(#4324) 
SHAPE_REPRESENTATION_RELATIONSHIP() );
#4324 = ITEM_DEFINED_TRANSFORMATION('','',#11,#1043);
#4325 = PRODUCT_DEFINITION_SHAPE('Placement','Placement of an item',
  #4326);
#4326 = NEXT_ASSEMBLY_USAGE_OCCURRENCE('258','=>[0:1:1:1]','',#5,#2023,$
  );
#4327 = CONTEXT_DEPENDENT_SHAPE_REPRESENTATION(#4328,#4330);
#4328 = ( REPRESENTATION_RELATIONSHIP('','',#2028,#10) 
REPRESENTATION_RELATIONSHIP_WITH_TRANSFORMATION(#4329) 
SHAPE_REPRESENTATION_RELATIONSHIP() );
#4329 = ITEM_DEFINED_TRANSFORMATION('','',#11,#1047);
#4330 = PRODUCT_DEFINITION_SHAPE('Placement','Placement of an item',
  #4331);
#4331 = NEXT_ASSEMBLY_USAGE_OCCURRENCE('259','=>[0:1:1:1]','',#5,#2023,$
  );
#4332 = CONTEXT_DEPENDENT_SHAPE_REPRESENTATION(#4333,#4335);
#4333 = ( REPRESENTATION_RELATIONSHIP('','',#2028,#10) 
REPRESENTATION_RELATIONSHIP_WITH_TRANSFORMATION(#4334) 
SHAPE_REPRESENTATION_RELATIONSHIP() );
#4334 = ITEM_DEFINED_TRANSFORMATION('','',#11,#1051);
#4335 = PRODUCT_DEFINITION_SHAPE('Placement','Placement of an item',
  #4336);
#4336 = NEXT_ASSEMBLY_USAGE_OCCURRENCE('260','=>[0:1:1:1]','',#5,#2023,$
  );
#4337 = CONTEXT_DEPENDENT_SHAPE_REPRESENTATION(#4338,#4340);
#4338 = ( REPRESENTATION_RELATIONSHIP('','',#2028,#10) 
REPRESENTATION_RELATIONSHIP_WITH_TRANSFORMATION(#4339) 
SHAPE_REPRESENTATION_RELATIONSHIP() );
#4339 = ITEM_DEFINED_TRANSFORMATION('','',#11,#1055);
#4340 = PRODUCT_DEFINITION_SHAPE('Placement','Placement of an item',
  #4341);
#4341 = NEXT_ASSEMBLY_USAGE_OCCURRENCE('261','=>[0:1:1:1]','',#5,#2023,$
  );
#4342 = CONTEXT_DEPENDENT_SHAPE_REPRESENTATION(#4343,#4345);
#4343 = ( REPRESENTATION_RELATIONSHIP('','',#2028,#10) 
REPRESENTATION_RELATIONSHIP_WITH_TRANSFORMATION(#4344) 
SHAPE_REPRESENTATION_RELATIONSHIP() );
#4344 = ITEM_DEFINED_TRANSFORMATION('','',#11,#1059);
#4345 = PRODUCT_DEFINITION_SHAPE('Placement','Placement of an item',
  #4346);
#4346 = NEXT_ASSEMBLY_USAGE_OCCURRENCE('262','=>[0:1:1:1]','',#5,#2023,$
  );
#4347 = CONTEXT_DEPENDENT_SHAPE_REPRESENTATION(#4348,#4350);
#4348 = ( REPRESENTATION_RELATIONSHIP('','',#2028,#10) 
REPRESENTATION_RELATIONSHIP_WITH_TRANSFORMATION(#4349) 
SHAPE_REPRESENTATION_RELATIONSHIP() );
#4349 = ITEM_DEFINED_TRANSFORMATION('','',#11,#1063);
#4350 = PRODUCT_DEFINITION_SHAPE('Placement','Placement of an item',
  #4351);
#4351 = NEXT_ASSEMBLY_USAGE_OCCURRENCE('263','=>[0:1:1:1]','',#5,#2023,$
  );
#4352 = CONTEXT_DEPENDENT_SHAPE_REPRESENTATION(#4353,#4355);
#4353 = ( REPRESENTATION_RELATIONSHIP('','',#2028,#10) 
REPRESENTATION_RELATIONSHIP_WITH_TRANSFORMATION(#4354) 
SHAPE_REPRESENTATION_RELATIONSHIP() );
#4354 = ITEM_DEFINED_TRANSFORMATION('','',#11,#1067);
#4355 = PRODUCT_DEFINITION_SHAPE('Placement','Placement of an item',
  #4356);
#4356 = NEXT_ASSEMBLY_USAGE_OCCURRENCE('264','=>[0:1:1:1]','',#5,#2023,$
  );
#4357 = CONTEXT_DEPENDENT_SHAPE_REPRESENTATION(#4358,#4360);
#4358 = ( REPRESENTATION_RELATIONSHIP('','',#2028,#10) 
REPRESENTATION_RELATIONSHIP_WITH_TRANSFORMATION(#4359) 
SHAPE_REPRESENTATION_RELATIONSHIP() );
#4359 = ITEM_DEFINED_TRANSFORMATION('','',#11,#1071);
#4360 = PRODUCT_DEFINITION_SHAPE('Placement','Placement of an item',
  #4361);
#4361 = NEXT_ASSEMBLY_USAGE_OCCURRENCE('265','=>[0:1:1:1]','',#5,#2023,$
  );
#4362 = CONTEXT_DEPENDENT_SHAPE_REPRESENTATION(#4363,#4365);
#4363 = ( REPRESENTATION_RELATIONSHIP('','',#2028,#10) 
REPRESENTATION_RELATIONSHIP_WITH_TRANSFORMATION(#4364) 
SHAPE_REPRESENTATION_RELATIONSHIP() );
#4364 = ITEM_DEFINED_TRANSFORMATION('','',#11,#1075);
#4365 = PRODUCT_DEFINITION_SHAPE('Placement','Placement of an item',
  #4366);
#4366 = NEXT_ASSEMBLY_USAGE_OCCURRENCE('266','=>[0:1:1:1]','',#5,#2023,$
  );
#4367 = CONTEXT_DEPENDENT_SHAPE_REPRESENTATION(#4368,#4370);
#4368 = ( REPRESENTATION_RELATIONSHIP('','',#2028,#10) 
REPRESENTATION_RELATIONSHIP_WITH_TRANSFORMATION(#4369) 
SHAPE_REPRESENTATION_RELATIONSHIP() );
#4369 = ITEM_DEFINED_TRANSFORMATION('','',#11,#1079);
#4370 = PRODUCT_DEFINITION_SHAPE('Placement','Placement of an item',
  #4371);
#4371 = NEXT_ASSEMBLY_USAGE_OCCURRENCE('267','=>[0:1:1:1]','',#5,#2023,$
  );
#4372 = CONTEXT_DEPENDENT_SHAPE_REPRESENTATION(#4373,#4375);
#4373 = ( REPRESENTATION_RELATIONSHIP('','',#2028,#10) 
REPRESENTATION_RELATIONSHIP_WITH_TRANSFORMATION(#4374) 
SHAPE_REPRESENTATION_RELATIONSHIP() );
#4374 = ITEM_DEFINED_TRANSFORMATION('','',#11,#1083);
#4375 = PRODUCT_DEFINITION_SHAPE('Placement','Placement of an item',
  #4376);
#4376 = NEXT_ASSEMBLY_USAGE_OCCURRENCE('268','=>[0:1:1:1]','',#5,#2023,$
  );
#4377 = CONTEXT_DEPENDENT_SHAPE_REPRESENTATION(#4378,#4380);
#4378 = ( REPRESENTATION_RELATIONSHIP('','',#2028,#10) 
REPRESENTATION_RELATIONSHIP_WITH_TRANSFORMATION(#4379) 
SHAPE_REPRESENTATION_RELATIONSHIP() );
#4379 = ITEM_DEFINED_TRANSFORMATION('','',#11,#1087);
#4380 = PRODUCT_DEFINITION_SHAPE('Placement','Placement of an item',
  #4381);
#4381 = NEXT_ASSEMBLY_USAGE_OCCURRENCE('269','=>[0:1:1:1]','',#5,#2023,$
  );
#4382 = CONTEXT_DEPENDENT_SHAPE_REPRESENTATION(#4383,#4385);
#4383 = ( REPRESENTATION_RELATIONSHIP('','',#2028,#10) 
REPRESENTATION_RELATIONSHIP_WITH_TRANSFORMATION(#4384) 
SHAPE_REPRESENTATION_RELATIONSHIP() );
#4384 = ITEM_DEFINED_TRANSFORMATION('','',#11,#1091);
#4385 = PRODUCT_DEFINITION_SHAPE('Placement','Placement of an item',
  #4386);
#4386 = NEXT_ASSEMBLY_USAGE_OCCURRENCE('270','=>[0:1:1:1]','',#5,#2023,$
  );
#4387 = CONTEXT_DEPENDENT_SHAPE_REPRESENTATION(#4388,#4390);
#4388 = ( REPRESENTATION_RELATIONSHIP('','',#2028,#10) 
REPRESENTATION_RELATIONSHIP_WITH_TRANSFORMATION(#4389) 
SHAPE_REPRESENTATION_RELATIONSHIP() );
#4389 = ITEM_DEFINED_TRANSFORMATION('','',#11,#1095);
#4390 = PRODUCT_DEFINITION_SHAPE('Placement','Placement of an item',
  #4391);
#4391 = NEXT_ASSEMBLY_USAGE_OCCURRENCE('271','=>[0:1:1:1]','',#5,#2023,$
  );
#4392 = CONTEXT_DEPENDENT_SHAPE_REPRESENTATION(#4393,#4395);
#4393 = ( REPRESENTATION_RELATIONSHIP('','',#2028,#10) 
REPRESENTATION_RELATIONSHIP_WITH_TRANSFORMATION(#4394) 
SHAPE_REPRESENTATION_RELATIONSHIP() );
#4394 = ITEM_DEFINED_TRANSFORMATION('','',#11,#1099);
#4395 = PRODUCT_DEFINITION_SHAPE('Placement','Placement of an item',
  #4396);
#4396 = NEXT_ASSEMBLY_USAGE_OCCURRENCE('272','=>[0:1:1:1]','',#5,#2023,$
  );
#4397 = CONTEXT_DEPENDENT_SHAPE_REPRESENTATION(#4398,#4400);
#4398 = ( REPRESENTATION_RELATIONSHIP('','',#2028,#10) 
REPRESENTATION_RELATIONSHIP_WITH_TRANSFORMATION(#4399) 
SHAPE_REPRESENTATION_RELATIONSHIP() );
#4399 = ITEM_DEFINED_TRANSFORMATION('','',#11,#1103);
#4400 = PRODUCT_DEFINITION_SHAPE('Placement','Placement of an item',
  #4401);
#4401 = NEXT_ASSEMBLY_USAGE_OCCURRENCE('273','=>[0:1:1:1]','',#5,#2023,$
  );
#4402 = CONTEXT_DEPENDENT_SHAPE_REPRESENTATION(#4403,#4405);
#4403 = ( REPRESENTATION_RELATIONSHIP('','',#2028,#10) 
REPRESENTATION_RELATIONSHIP_WITH_TRANSFORMATION(#4404) 
SHAPE_REPRESENTATION_RELATIONSHIP() );
#4404 = ITEM_DEFINED_TRANSFORMATION('','',#11,#1107);
#4405 = PRODUCT_DEFINITION_SHAPE('Placement','Placement of an item',
  #4406);
#4406 = NEXT_ASSEMBLY_USAGE_OCCURRENCE('274','=>[0:1:1:1]','',#5,#2023,$
  );
#4407 = CONTEXT_DEPENDENT_SHAPE_REPRESENTATION(#4408,#4410);
#4408 = ( REPRESENTATION_RELATIONSHIP('','',#2028,#10) 
REPRESENTATION_RELATIONSHIP_WITH_TRANSFORMATION(#4409) 
SHAPE_REPRESENTATION_RELATIONSHIP() );
#4409 = ITEM_DEFINED_TRANSFORMATION('','',#11,#1111);
#4410 = PRODUCT_DEFINITION_SHAPE('Placement','Placement of an item',
  #4411);
#4411 = NEXT_ASSEMBLY_USAGE_OCCURRENCE('275','=>[0:1:1:1]','',#5,#2023,$
  );
#4412 = CONTEXT_DEPENDENT_SHAPE_REPRESENTATION(#4413,#4415);
#4413 = ( REPRESENTATION_RELATIONSHIP('','',#2028,#10) 
REPRESENTATION_RELATIONSHIP_WITH_TRANSFORMATION(#4414) 
SHAPE_REPRESENTATION_RELATIONSHIP() );
#4414 = ITEM_DEFINED_TRANSFORMATION('','',#11,#1115);
#4415 = PRODUCT_DEFINITION_SHAPE('Placement','Placement of an item',
  #4416);
#4416 = NEXT_ASSEMBLY_USAGE_OCCURRENCE('276','=>[0:1:1:1]','',#5,#2023,$
  );
#4417 = CONTEXT_DEPENDENT_SHAPE_REPRESENTATION(#4418,#4420);
#4418 = ( REPRESENTATION_RELATIONSHIP('','',#2028,#10) 
REPRESENTATION_RELATIONSHIP_WITH_TRANSFORMATION(#4419) 
SHAPE_REPRESENTATION_RELATIONSHIP() );
#4419 = ITEM_DEFINED_TRANSFORMATION('','',#11,#1119);
#4420 = PRODUCT_DEFINITION_SHAPE('Placement','Placement of an item',
  #4421);
#4421 = NEXT_ASSEMBLY_USAGE_OCCURRENCE('277','=>[0:1:1:1]','',#5,#2023,$
  );
#4422 = CONTEXT_DEPENDENT_SHAPE_REPRESENTATION(#4423,#4425);
#4423 = ( REPRESENTATION_RELATIONSHIP('','',#2028,#10) 
REPRESENTATION_RELATIONSHIP_WITH_TRANSFORMATION(#4424) 
SHAPE_REPRESENTATION_RELATIONSHIP() );
#4424 = ITEM_DEFINED_TRANSFORMATION('','',#11,#1123);
#4425 = PRODUCT_DEFINITION_SHAPE('Placement','Placement of an item',
  #4426);
#4426 = NEXT_ASSEMBLY_USAGE_OCCURRENCE('278','=>[0:1:1:1]','',#5,#2023,$
  );
#4427 = CONTEXT_DEPENDENT_SHAPE_REPRESENTATION(#4428,#4430);
#4428 = ( REPRESENTATION_RELATIONSHIP('','',#2028,#10) 
REPRESENTATION_RELATIONSHIP_WITH_TRANSFORMATION(#4429) 
SHAPE_REPRESENTATION_RELATIONSHIP() );
#4429 = ITEM_DEFINED_TRANSFORMATION('','',#11,#1127);
#4430 = PRODUCT_DEFINITION_SHAPE('Placement','Placement of an item',
  #4431);
#4431 = NEXT_ASSEMBLY_USAGE_OCCURRENCE('279','=>[0:1:1:1]','',#5,#2023,$
  );
#4432 = CONTEXT_DEPENDENT_SHAPE_REPRESENTATION(#4433,#4435);
#4433 = ( REPRESENTATION_RELATIONSHIP('','',#2028,#10) 
REPRESENTATION_RELATIONSHIP_WITH_TRANSFORMATION(#4434) 
SHAPE_REPRESENTATION_RELATIONSHIP() );
#4434 = ITEM_DEFINED_TRANSFORMATION('','',#11,#1131);
#4435 = PRODUCT_DEFINITION_SHAPE('Placement','Placement of an item',
  #4436);
#4436 = NEXT_ASSEMBLY_USAGE_OCCURRENCE('280','=>[0:1:1:1]','',#5,#2023,$
  );
#4437 = CONTEXT_DEPENDENT_SHAPE_REPRESENTATION(#4438,#4440);
#4438 = ( REPRESENTATION_RELATIONSHIP('','',#2028,#10) 
REPRESENTATION_RELATIONSHIP_WITH_TRANSFORMATION(#4439) 
SHAPE_REPRESENTATION_RELATIONSHIP() );
#4439 = ITEM_DEFINED_TRANSFORMATION('','',#11,#1135);
#4440 = PRODUCT_DEFINITION_SHAPE('Placement','Placement of an item',
  #4441);
#4441 = NEXT_ASSEMBLY_USAGE_OCCURRENCE('281','=>[0:1:1:1]','',#5,#2023,$
  );
#4442 = CONTEXT_DEPENDENT_SHAPE_REPRESENTATION(#4443,#4445);
#4443 = ( REPRESENTATION_RELATIONSHIP('','',#2028,#10) 
REPRESENTATION_RELATIONSHIP_WITH_TRANSFORMATION(#4444) 
SHAPE_REPRESENTATION_RELATIONSHIP() );
#4444 = ITEM_DEFINED_TRANSFORMATION('','',#11,#1139);
#4445 = PRODUCT_DEFINITION_SHAPE('Placement','Placement of an item',
  #4446);
#4446 = NEXT_ASSEMBLY_USAGE_OCCURRENCE('282','=>[0:1:1:1]','',#5,#2023,$
  );
#4447 = CONTEXT_DEPENDENT_SHAPE_REPRESENTATION(#4448,#4450);
#4448 = ( REPRESENTATION_RELATIONSHIP('','',#2028,#10) 
REPRESENTATION_RELATIONSHIP_WITH_TRANSFORMATION(#4449) 
SHAPE_REPRESENTATION_RELATIONSHIP() );
#4449 = ITEM_DEFINED_TRANSFORMATION('','',#11,#1143);
#4450 = PRODUCT_DEFINITION_SHAPE('Placement','Placement of an item',
  #4451);
#4451 = NEXT_ASSEMBLY_USAGE_OCCURRENCE('283','=>[0:1:1:1]','',#5,#2023,$
  );
#4452 = CONTEXT_DEPENDENT_SHAPE_REPRESENTATION(#4453,#4455);
#4453 = ( REPRESENTATION_RELATIONSHIP('','',#2028,#10) 
REPRESENTATION_RELATIONSHIP_WITH_TRANSFORMATION(#4454) 
SHAPE_REPRESENTATION_RELATIONSHIP() );
#4454 = ITEM_DEFINED_TRANSFORMATION('','',#11,#1147);
#4455 = PRODUCT_DEFINITION_SHAPE('Placement','Placement of an item',
  #4456);
#4456 = NEXT_ASSEMBLY_USAGE_OCCURRENCE('284','=>[0:1:1:1]','',#5,#2023,$
  );
#4457 = CONTEXT_DEPENDENT_SHAPE_REPRESENTATION(#4458,#4460);
#4458 = ( REPRESENTATION_RELATIONSHIP('','',#2028,#10) 
REPRESENTATION_RELATIONSHIP_WITH_TRANSFORMATION(#4459) 
SHAPE_REPRESENTATION_RELATIONSHIP() );
#4459 = ITEM_DEFINED_TRANSFORMATION('','',#11,#1151);
#4460 = PRODUCT_DEFINITION_SHAPE('Placement','Placement of an item',
  #4461);
#4461 = NEXT_ASSEMBLY_USAGE_OCCURRENCE('285','=>[0:1:1:1]','',#5,#2023,$
  );
#4462 = CONTEXT_DEPENDENT_SHAPE_REPRESENTATION(#4463,#4465);
#4463 = ( REPRESENTATION_RELATIONSHIP('','',#2028,#10) 
REPRESENTATION_RELATIONSHIP_WITH_TRANSFORMATION(#4464) 
SHAPE_REPRESENTATION_RELATIONSHIP() );
#4464 = ITEM_DEFINED_TRANSFORMATION('','',#11,#1155);
#4465 = PRODUCT_DEFINITION_SHAPE('Placement','Placement of an item',
  #4466);
#4466 = NEXT_ASSEMBLY_USAGE_OCCURRENCE('286','=>[0:1:1:1]','',#5,#2023,$
  );
#4467 = CONTEXT_DEPENDENT_SHAPE_REPRESENTATION(#4468,#4470);
#4468 = ( REPRESENTATION_RELATIONSHIP('','',#2028,#10) 
REPRESENTATION_RELATIONSHIP_WITH_TRANSFORMATION(#4469) 
SHAPE_REPRESENTATION_RELATIONSHIP() );
#4469 = ITEM_DEFINED_TRANSFORMATION('','',#11,#1159);
#4470 = PRODUCT_DEFINITION_SHAPE('Placement','Placement of an item',
  #4471);
#4471 = NEXT_ASSEMBLY_USAGE_OCCURRENCE('287','=>[0:1:1:1]','',#5,#2023,$
  );
#4472 = CONTEXT_DEPENDENT_SHAPE_REPRESENTATION(#4473,#4475);
#4473 = ( REPRESENTATION_RELATIONSHIP('','',#2028,#10) 
REPRESENTATION_RELATIONSHIP_WITH_TRANSFORMATION(#4474) 
SHAPE_REPRESENTATION_RELATIONSHIP() );
#4474 = ITEM_DEFINED_TRANSFORMATION('','',#11,#1163);
#4475 = PRODUCT_DEFINITION_SHAPE('Placement','Placement of an item',
  #4476);
#4476 = NEXT_ASSEMBLY_USAGE_OCCURRENCE('288','=>[0:1:1:1]','',#5,#2023,$
  );
#4477 = CONTEXT_DEPENDENT_SHAPE_REPRESENTATION(#4478,#4480);
#4478 = ( REPRESENTATION_RELATIONSHIP('','',#2028,#10) 
REPRESENTATION_RELATIONSHIP_WITH_TRANSFORMATION(#4479) 
SHAPE_REPRESENTATION_RELATIONSHIP() );
#4479 = ITEM_DEFINED_TRANSFORMATION('','',#11,#1167);
#4480 = PRODUCT_DEFINITION_SHAPE('Placement','Placement of an item',
  #4481);
#4481 = NEXT_ASSEMBLY_USAGE_OCCURRENCE('289','=>[0:1:1:1]','',#5,#2023,$
  );
#4482 = CONTEXT_DEPENDENT_SHAPE_REPRESENTATION(#4483,#4485);
#4483 = ( REPRESENTATION_RELATIONSHIP('','',#2028,#10) 
REPRESENTATION_RELATIONSHIP_WITH_TRANSFORMATION(#4484) 
SHAPE_REPRESENTATION_RELATIONSHIP() );
#4484 = ITEM_DEFINED_TRANSFORMATION('','',#11,#1171);
#4485 = PRODUCT_DEFINITION_SHAPE('Placement','Placement of an item',
  #4486);
#4486 = NEXT_ASSEMBLY_USAGE_OCCURRENCE('290','=>[0:1:1:1]','',#5,#2023,$
  );
#4487 = CONTEXT_DEPENDENT_SHAPE_REPRESENTATION(#4488,#4490);
#4488 = ( REPRESENTATION_RELATIONSHIP('','',#2028,#10) 
REPRESENTATION_RELATIONSHIP_WITH_TRANSFORMATION(#4489) 
SHAPE_REPRESENTATION_RELATIONSHIP() );
#4489 = ITEM_DEFINED_TRANSFORMATION('','',#11,#1175);
#4490 = PRODUCT_DEFINITION_SHAPE('Placement','Placement of an item',
  #4491);
#4491 = NEXT_ASSEMBLY_USAGE_OCCURRENCE('291','=>[0:1:1:1]','',#5,#2023,$
  );
#4492 = CONTEXT_DEPENDENT_SHAPE_REPRESENTATION(#4493,#4495);
#4493 = ( REPRESENTATION_RELATIONSHIP('','',#2028,#10) 
REPRESENTATION_RELATIONSHIP_WITH_TRANSFORMATION(#4494) 
SHAPE_REPRESENTATION_RELATIONSHIP() );
#4494 = ITEM_DEFINED_TRANSFORMATION('','',#11,#1179);
#4495 = PRODUCT_DEFINITION_SHAPE('Placement','Placement of an item',
  #4496);
#4496 = NEXT_ASSEMBLY_USAGE_OCCURRENCE('292','=>[0:1:1:1]','',#5,#2023,$
  );
#4497 = CONTEXT_DEPENDENT_SHAPE_REPRESENTATION(#4498,#4500);
#4498 = ( REPRESENTATION_RELATIONSHIP('','',#2028,#10) 
REPRESENTATION_RELATIONSHIP_WITH_TRANSFORMATION(#4499) 
SHAPE_REPRESENTATION_RELATIONSHIP() );
#4499 = ITEM_DEFINED_TRANSFORMATION('','',#11,#1183);
#4500 = PRODUCT_DEFINITION_SHAPE('Placement','Placement of an item',
  #4501);
#4501 = NEXT_ASSEMBLY_USAGE_OCCURRENCE('293','=>[0:1:1:1]','',#5,#2023,$
  );
#4502 = CONTEXT_DEPENDENT_SHAPE_REPRESENTATION(#4503,#4505);
#4503 = ( REPRESENTATION_RELATIONSHIP('','',#2028,#10) 
REPRESENTATION_RELATIONSHIP_WITH_TRANSFORMATION(#4504) 
SHAPE_REPRESENTATION_RELATIONSHIP() );
#4504 = ITEM_DEFINED_TRANSFORMATION('','',#11,#1187);
#4505 = PRODUCT_DEFINITION_SHAPE('Placement','Placement of an item',
  #4506);
#4506 = NEXT_ASSEMBLY_USAGE_OCCURRENCE('294','=>[0:1:1:1]','',#5,#2023,$
  );
#4507 = CONTEXT_DEPENDENT_SHAPE_REPRESENTATION(#4508,#4510);
#4508 = ( REPRESENTATION_RELATIONSHIP('','',#2028,#10) 
REPRESENTATION_RELATIONSHIP_WITH_TRANSFORMATION(#4509) 
SHAPE_REPRESENTATION_RELATIONSHIP() );
#4509 = ITEM_DEFINED_TRANSFORMATION('','',#11,#1191);
#4510 = PRODUCT_DEFINITION_SHAPE('Placement','Placement of an item',
  #4511);
#4511 = NEXT_ASSEMBLY_USAGE_OCCURRENCE('295','=>[0:1:1:1]','',#5,#2023,$
  );
#4512 = CONTEXT_DEPENDENT_SHAPE_REPRESENTATION(#4513,#4515);
#4513 = ( REPRESENTATION_RELATIONSHIP('','',#2028,#10) 
REPRESENTATION_RELATIONSHIP_WITH_TRANSFORMATION(#4514) 
SHAPE_REPRESENTATION_RELATIONSHIP() );
#4514 = ITEM_DEFINED_TRANSFORMATION('','',#11,#1195);
#4515 = PRODUCT_DEFINITION_SHAPE('Placement','Placement of an item',
  #4516);
#4516 = NEXT_ASSEMBLY_USAGE_OCCURRENCE('296','=>[0:1:1:1]','',#5,#2023,$
  );
#4517 = CONTEXT_DEPENDENT_SHAPE_REPRESENTATION(#4518,#4520);
#4518 = ( REPRESENTATION_RELATIONSHIP('','',#2028,#10) 
REPRESENTATION_RELATIONSHIP_WITH_TRANSFORMATION(#4519) 
SHAPE_REPRESENTATION_RELATIONSHIP() );
#4519 = ITEM_DEFINED_TRANSFORMATION('','',#11,#1199);
#4520 = PRODUCT_DEFINITION_SHAPE('Placement','Placement of an item',
  #4521);
#4521 = NEXT_ASSEMBLY_USAGE_OCCURRENCE('297','=>[0:1:1:1]','',#5,#2023,$
  );
#4522 = CONTEXT_DEPENDENT_SHAPE_REPRESENTATION(#4523,#4525);
#4523 = ( REPRESENTATION_RELATIONSHIP('','',#2028,#10) 
REPRESENTATION_RELATIONSHIP_WITH_TRANSFORMATION(#4524) 
SHAPE_REPRESENTATION_RELATIONSHIP() );
#4524 = ITEM_DEFINED_TRANSFORMATION('','',#11,#1203);
#4525 = PRODUCT_DEFINITION_SHAPE('Placement','Placement of an item',
  #4526);
#4526 = NEXT_ASSEMBLY_USAGE_OCCURRENCE('298','=>[0:1:1:1]','',#5,#2023,$
  );
#4527 = CONTEXT_DEPENDENT_SHAPE_REPRESENTATION(#4528,#4530);
#4528 = ( REPRESENTATION_RELATIONSHIP('','',#2028,#10) 
REPRESENTATION_RELATIONSHIP_WITH_TRANSFORMATION(#4529) 
SHAPE_REPRESENTATION_RELATIONSHIP() );
#4529 = ITEM_DEFINED_TRANSFORMATION('','',#11,#1207);
#4530 = PRODUCT_DEFINITION_SHAPE('Placement','Placement of an item',
  #4531);
#4531 = NEXT_ASSEMBLY_USAGE_OCCURRENCE('299','=>[0:1:1:1]','',#5,#2023,$
  );
#4532 = CONTEXT_DEPENDENT_SHAPE_REPRESENTATION(#4533,#4535);
#4533 = ( REPRESENTATION_RELATIONSHIP('','',#2028,#10) 
REPRESENTATION_RELATIONSHIP_WITH_TRANSFORMATION(#4534) 
SHAPE_REPRESENTATION_RELATIONSHIP() );
#4534 = ITEM_DEFINED_TRANSFORMATION('','',#11,#1211);
#4535 = PRODUCT_DEFINITION_SHAPE('Placement','Placement of an item',
  #4536);
#4536 = NEXT_ASSEMBLY_USAGE_OCCURRENCE('300','=>[0:1:1:1]','',#5,#2023,$
  );
#4537 = CONTEXT_DEPENDENT_SHAPE_REPRESENTATION(#4538,#4540);
#4538 = ( REPRESENTATION_RELATIONSHIP('','',#2028,#10) 
REPRESENTATION_RELATIONSHIP_WITH_TRANSFORMATION(#4539) 
SHAPE_REPRESENTATION_RELATIONSHIP() );
#4539 = ITEM_DEFINED_TRANSFORMATION('','',#11,#1215);
#4540 = PRODUCT_DEFINITION_SHAPE('Placement','Placement of an item',
  #4541);
#4541 = NEXT_ASSEMBLY_USAGE_OCCURRENCE('301','=>[0:1:1:1]','',#5,#2023,$
  );
#4542 = CONTEXT_DEPENDENT_SHAPE_REPRESENTATION(#4543,#4545);
#4543 = ( REPRESENTATION_RELATIONSHIP('','',#2028,#10) 
REPRESENTATION_RELATIONSHIP_WITH_TRANSFORMATION(#4544) 
SHAPE_REPRESENTATION_RELATIONSHIP() );
#4544 = ITEM_DEFINED_TRANSFORMATION('','',#11,#1219);
#4545 = PRODUCT_DEFINITION_SHAPE('Placement','Placement of an item',
  #4546);
#4546 = NEXT_ASSEMBLY_USAGE_OCCURRENCE('302','=>[0:1:1:1]','',#5,#2023,$
  );
#4547 = CONTEXT_DEPENDENT_SHAPE_REPRESENTATION(#4548,#4550);
#4548 = ( REPRESENTATION_RELATIONSHIP('','',#2028,#10) 
REPRESENTATION_RELATIONSHIP_WITH_TRANSFORMATION(#4549) 
SHAPE_REPRESENTATION_RELATIONSHIP() );
#4549 = ITEM_DEFINED_TRANSFORMATION('','',#11,#1223);
#4550 = PRODUCT_DEFINITION_SHAPE('Placement','Placement of an item',
  #4551);
#4551 = NEXT_ASSEMBLY_USAGE_OCCURRENCE('303','=>[0:1:1:1]','',#5,#2023,$
  );
#4552 = CONTEXT_DEPENDENT_SHAPE_REPRESENTATION(#4553,#4555);
#4553 = ( REPRESENTATION_RELATIONSHIP('','',#2028,#10) 
REPRESENTATION_RELATIONSHIP_WITH_TRANSFORMATION(#4554) 
SHAPE_REPRESENTATION_RELATIONSHIP() );
#4554 = ITEM_DEFINED_TRANSFORMATION('','',#11,#1227);
#4555 = PRODUCT_DEFINITION_SHAPE('Placement','Placement of an item',
  #4556);
#4556 = NEXT_ASSEMBLY_USAGE_OCCURRENCE('304','=>[0:1:1:1]','',#5,#2023,$
  );
#4557 = CONTEXT_DEPENDENT_SHAPE_REPRESENTATION(#4558,#4560);
#4558 = ( REPRESENTATION_RELATIONSHIP('','',#2028,#10) 
REPRESENTATION_RELATIONSHIP_WITH_TRANSFORMATION(#4559) 
SHAPE_REPRESENTATION_RELATIONSHIP() );
#4559 = ITEM_DEFINED_TRANSFORMATION('','',#11,#1231);
#4560 = PRODUCT_DEFINITION_SHAPE('Placement','Placement of an item',
  #4561);
#4561 = NEXT_ASSEMBLY_USAGE_OCCURRENCE('305','=>[0:1:1:1]','',#5,#2023,$
  );
#4562 = CONTEXT_DEPENDENT_SHAPE_REPRESENTATION(#4563,#4565);
#4563 = ( REPRESENTATION_RELATIONSHIP('','',#2028,#10) 
REPRESENTATION_RELATIONSHIP_WITH_TRANSFORMATION(#4564) 
SHAPE_REPRESENTATION_RELATIONSHIP() );
#4564 = ITEM_DEFINED_TRANSFORMATION('','',#11,#1235);
#4565 = PRODUCT_DEFINITION_SHAPE('Placement','Placement of an item',
  #4566);
#4566 = NEXT_ASSEMBLY_USAGE_OCCURRENCE('306','=>[0:1:1:1]','',#5,#2023,$
  );
#4567 = CONTEXT_DEPENDENT_SHAPE_REPRESENTATION(#4568,#4570);
#4568 = ( REPRESENTATION_RELATIONSHIP('','',#2028,#10) 
REPRESENTATION_RELATIONSHIP_WITH_TRANSFORMATION(#4569) 
SHAPE_REPRESENTATION_RELATIONSHIP() );
#4569 = ITEM_DEFINED_TRANSFORMATION('','',#11,#1239);
#4570 = PRODUCT_DEFINITION_SHAPE('Placement','Placement of an item',
  #4571);
#4571 = NEXT_ASSEMBLY_USAGE_OCCURRENCE('307','=>[0:1:1:1]','',#5,#2023,$
  );
#4572 = CONTEXT_DEPENDENT_SHAPE_REPRESENTATION(#4573,#4575);
#4573 = ( REPRESENTATION_RELATIONSHIP('','',#2028,#10) 
REPRESENTATION_RELATIONSHIP_WITH_TRANSFORMATION(#4574) 
SHAPE_REPRESENTATION_RELATIONSHIP() );
#4574 = ITEM_DEFINED_TRANSFORMATION('','',#11,#1243);
#4575 = PRODUCT_DEFINITION_SHAPE('Placement','Placement of an item',
  #4576);
#4576 = NEXT_ASSEMBLY_USAGE_OCCURRENCE('308','=>[0:1:1:1]','',#5,#2023,$
  );
#4577 = CONTEXT_DEPENDENT_SHAPE_REPRESENTATION(#4578,#4580);
#4578 = ( REPRESENTATION_RELATIONSHIP('','',#2028,#10) 
REPRESENTATION_RELATIONSHIP_WITH_TRANSFORMATION(#4579) 
SHAPE_REPRESENTATION_RELATIONSHIP() );
#4579 = ITEM_DEFINED_TRANSFORMATION('','',#11,#1247);
#4580 = PRODUCT_DEFINITION_SHAPE('Placement','Placement of an item',
  #4581);
#4581 = NEXT_ASSEMBLY_USAGE_OCCURRENCE('309','=>[0:1:1:1]','',#5,#2023,$
  );
#4582 = CONTEXT_DEPENDENT_SHAPE_REPRESENTATION(#4583,#4585);
#4583 = ( REPRESENTATION_RELATIONSHIP('','',#2028,#10) 
REPRESENTATION_RELATIONSHIP_WITH_TRANSFORMATION(#4584) 
SHAPE_REPRESENTATION_RELATIONSHIP() );
#4584 = ITEM_DEFINED_TRANSFORMATION('','',#11,#1251);
#4585 = PRODUCT_DEFINITION_SHAPE('Placement','Placement of an item',
  #4586);
#4586 = NEXT_ASSEMBLY_USAGE_OCCURRENCE('310','=>[0:1:1:1]','',#5,#2023,$
  );
#4587 = CONTEXT_DEPENDENT_SHAPE_REPRESENTATION(#4588,#4590);
#4588 = ( REPRESENTATION_RELATIONSHIP('','',#2028,#10) 
REPRESENTATION_RELATIONSHIP_WITH_TRANSFORMATION(#4589) 
SHAPE_REPRESENTATION_RELATIONSHIP() );
#4589 = ITEM_DEFINED_TRANSFORMATION('','',#11,#1255);
#4590 = PRODUCT_DEFINITION_SHAPE('Placement','Placement of an item',
  #4591);
#4591 = NEXT_ASSEMBLY_USAGE_OCCURRENCE('311','=>[0:1:1:1]','',#5,#2023,$
  );
#4592 = CONTEXT_DEPENDENT_SHAPE_REPRESENTATION(#4593,#4595);
#4593 = ( REPRESENTATION_RELATIONSHIP('','',#2028,#10) 
REPRESENTATION_RELATIONSHIP_WITH_TRANSFORMATION(#4594) 
SHAPE_REPRESENTATION_RELATIONSHIP() );
#4594 = ITEM_DEFINED_TRANSFORMATION('','',#11,#1259);
#4595 = PRODUCT_DEFINITION_SHAPE('Placement','Placement of an item',
  #4596);
#4596 = NEXT_ASSEMBLY_USAGE_OCCURRENCE('312','=>[0:1:1:1]','',#5,#2023,$
  );
#4597 = CONTEXT_DEPENDENT_SHAPE_REPRESENTATION(#4598,#4600);
#4598 = ( REPRESENTATION_RELATIONSHIP('','',#2028,#10) 
REPRESENTATION_RELATIONSHIP_WITH_TRANSFORMATION(#4599) 
SHAPE_REPRESENTATION_RELATIONSHIP() );
#4599 = ITEM_DEFINED_TRANSFORMATION('','',#11,#1263);
#4600 = PRODUCT_DEFINITION_SHAPE('Placement','Placement of an item',
  #4601);
#4601 = NEXT_ASSEMBLY_USAGE_OCCURRENCE('313','=>[0:1:1:1]','',#5,#2023,$
  );
#4602 = CONTEXT_DEPENDENT_SHAPE_REPRESENTATION(#4603,#4605);
#4603 = ( REPRESENTATION_RELATIONSHIP('','',#2028,#10) 
REPRESENTATION_RELATIONSHIP_WITH_TRANSFORMATION(#4604) 
SHAPE_REPRESENTATION_RELATIONSHIP() );
#4604 = ITEM_DEFINED_TRANSFORMATION('','',#11,#1267);
#4605 = PRODUCT_DEFINITION_SHAPE('Placement','Placement of an item',
  #4606);
#4606 = NEXT_ASSEMBLY_USAGE_OCCURRENCE('314','=>[0:1:1:1]','',#5,#2023,$
  );
#4607 = CONTEXT_DEPENDENT_SHAPE_REPRESENTATION(#4608,#4610);
#4608 = ( REPRESENTATION_RELATIONSHIP('','',#2028,#10) 
REPRESENTATION_RELATIONSHIP_WITH_TRANSFORMATION(#4609) 
SHAPE_REPRESENTATION_RELATIONSHIP() );
#4609 = ITEM_DEFINED_TRANSFORMATION('','',#11,#1271);
#4610 = PRODUCT_DEFINITION_SHAPE('Placement','Placement of an item',
  #4611);
#4611 = NEXT_ASSEMBLY_USAGE_OCCURRENCE('315','=>[0:1:1:1]','',#5,#2023,$
  );
#4612 = CONTEXT_DEPENDENT_SHAPE_REPRESENTATION(#4613,#4615);
#4613 = ( REPRESENTATION_RELATIONSHIP('','',#2028,#10) 
REPRESENTATION_RELATIONSHIP_WITH_TRANSFORMATION(#4614) 
SHAPE_REPRESENTATION_RELATIONSHIP() );
#4614 = ITEM_DEFINED_TRANSFORMATION('','',#11,#1275);
#4615 = PRODUCT_DEFINITION_SHAPE('Placement','Placement of an item',
  #4616);
#4616 = NEXT_ASSEMBLY_USAGE_OCCURRENCE('316','=>[0:1:1:1]','',#5,#2023,$
  );
#4617 = CONTEXT_DEPENDENT_SHAPE_REPRESENTATION(#4618,#4620);
#4618 = ( REPRESENTATION_RELATIONSHIP('','',#2028,#10) 
REPRESENTATION_RELATIONSHIP_WITH_TRANSFORMATION(#4619) 
SHAPE_REPRESENTATION_RELATIONSHIP() );
#4619 = ITEM_DEFINED_TRANSFORMATION('','',#11,#1279);
#4620 = PRODUCT_DEFINITION_SHAPE('Placement','Placement of an item',
  #4621);
#4621 = NEXT_ASSEMBLY_USAGE_OCCURRENCE('317','=>[0:1:1:1]','',#5,#2023,$
  );
#4622 = CONTEXT_DEPENDENT_SHAPE_REPRESENTATION(#4623,#4625);
#4623 = ( REPRESENTATION_RELATIONSHIP('','',#2028,#10) 
REPRESENTATION_RELATIONSHIP_WITH_TRANSFORMATION(#4624) 
SHAPE_REPRESENTATION_RELATIONSHIP() );
#4624 = ITEM_DEFINED_TRANSFORMATION('','',#11,#1283);
#4625 = PRODUCT_DEFINITION_SHAPE('Placement','Placement of an item',
  #4626);
#4626 = NEXT_ASSEMBLY_USAGE_OCCURRENCE('318','=>[0:1:1:1]','',#5,#2023,$
  );
#4627 = CONTEXT_DEPENDENT_SHAPE_REPRESENTATION(#4628,#4630);
#4628 = ( REPRESENTATION_RELATIONSHIP('','',#2028,#10) 
REPRESENTATION_RELATIONSHIP_WITH_TRANSFORMATION(#4629) 
SHAPE_REPRESENTATION_RELATIONSHIP() );
#4629 = ITEM_DEFINED_TRANSFORMATION('','',#11,#1287);
#4630 = PRODUCT_DEFINITION_SHAPE('Placement','Placement of an item',
  #4631);
#4631 = NEXT_ASSEMBLY_USAGE_OCCURRENCE('319','=>[0:1:1:1]','',#5,#2023,$
  );
#4632 = CONTEXT_DEPENDENT_SHAPE_REPRESENTATION(#4633,#4635);
#4633 = ( REPRESENTATION_RELATIONSHIP('','',#2028,#10) 
REPRESENTATION_RELATIONSHIP_WITH_TRANSFORMATION(#4634) 
SHAPE_REPRESENTATION_RELATIONSHIP() );
#4634 = ITEM_DEFINED_TRANSFORMATION('','',#11,#1291);
#4635 = PRODUCT_DEFINITION_SHAPE('Placement','Placement of an item',
  #4636);
#4636 = NEXT_ASSEMBLY_USAGE_OCCURRENCE('320','=>[0:1:1:1]','',#5,#2023,$
  );
#4637 = CONTEXT_DEPENDENT_SHAPE_REPRESENTATION(#4638,#4640);
#4638 = ( REPRESENTATION_RELATIONSHIP('','',#2028,#10) 
REPRESENTATION_RELATIONSHIP_WITH_TRANSFORMATION(#4639) 
SHAPE_REPRESENTATION_RELATIONSHIP() );
#4639 = ITEM_DEFINED_TRANSFORMATION('','',#11,#1295);
#4640 = PRODUCT_DEFINITION_SHAPE('Placement','Placement of an item',
  #4641);
#4641 = NEXT_ASSEMBLY_USAGE_OCCURRENCE('321','=>[0:1:1:1]','',#5,#2023,$
  );
#4642 = CONTEXT_DEPENDENT_SHAPE_REPRESENTATION(#4643,#4645);
#4643 = ( REPRESENTATION_RELATIONSHIP('','',#2028,#10) 
REPRESENTATION_RELATIONSHIP_WITH_TRANSFORMATION(#4644) 
SHAPE_REPRESENTATION_RELATIONSHIP() );
#4644 = ITEM_DEFINED_TRANSFORMATION('','',#11,#1299);
#4645 = PRODUCT_DEFINITION_SHAPE('Placement','Placement of an item',
  #4646);
#4646 = NEXT_ASSEMBLY_USAGE_OCCURRENCE('322','=>[0:1:1:1]','',#5,#2023,$
  );
#4647 = CONTEXT_DEPENDENT_SHAPE_REPRESENTATION(#4648,#4650);
#4648 = ( REPRESENTATION_RELATIONSHIP('','',#2028,#10) 
REPRESENTATION_RELATIONSHIP_WITH_TRANSFORMATION(#4649) 
SHAPE_REPRESENTATION_RELATIONSHIP() );
#4649 = ITEM_DEFINED_TRANSFORMATION('','',#11,#1303);
#4650 = PRODUCT_DEFINITION_SHAPE('Placement','Placement of an item',
  #4651);
#4651 = NEXT_ASSEMBLY_USAGE_OCCURRENCE('323','=>[0:1:1:1]','',#5,#2023,$
  );
#4652 = CONTEXT_DEPENDENT_SHAPE_REPRESENTATION(#4653,#4655);
#4653 = ( REPRESENTATION_RELATIONSHIP('','',#2028,#10) 
REPRESENTATION_RELATIONSHIP_WITH_TRANSFORMATION(#4654) 
SHAPE_REPRESENTATION_RELATIONSHIP() );
#4654 = ITEM_DEFINED_TRANSFORMATION('','',#11,#1307);
#4655 = PRODUCT_DEFINITION_SHAPE('Placement','Placement of an item',
  #4656);
#4656 = NEXT_ASSEMBLY_USAGE_OCCURRENCE('324','=>[0:1:1:1]','',#5,#2023,$
  );
#4657 = CONTEXT_DEPENDENT_SHAPE_REPRESENTATION(#4658,#4660);
#4658 = ( REPRESENTATION_RELATIONSHIP('','',#2028,#10) 
REPRESENTATION_RELATIONSHIP_WITH_TRANSFORMATION(#4659) 
SHAPE_REPRESENTATION_RELATIONSHIP() );
#4659 = ITEM_DEFINED_TRANSFORMATION('','',#11,#1311);
#4660 = PRODUCT_DEFINITION_SHAPE('Placement','Placement of an item',
  #4661);
#4661 = NEXT_ASSEMBLY_USAGE_OCCURRENCE('325','=>[0:1:1:1]','',#5,#2023,$
  );
#4662 = CONTEXT_DEPENDENT_SHAPE_REPRESENTATION(#4663,#4665);
#4663 = ( REPRESENTATION_RELATIONSHIP('','',#2028,#10) 
REPRESENTATION_RELATIONSHIP_WITH_TRANSFORMATION(#4664) 
SHAPE_REPRESENTATION_RELATIONSHIP() );
#4664 = ITEM_DEFINED_TRANSFORMATION('','',#11,#1315);
#4665 = PRODUCT_DEFINITION_SHAPE('Placement','Placement of an item',
  #4666);
#4666 = NEXT_ASSEMBLY_USAGE_OCCURRENCE('326','=>[0:1:1:1]','',#5,#2023,$
  );
#4667 = CONTEXT_DEPENDENT_SHAPE_REPRESENTATION(#4668,#4670);
#4668 = ( REPRESENTATION_RELATIONSHIP('','',#2028,#10) 
REPRESENTATION_RELATIONSHIP_WITH_TRANSFORMATION(#4669) 
SHAPE_REPRESENTATION_RELATIONSHIP() );
#4669 = ITEM_DEFINED_TRANSFORMATION('','',#11,#1319);
#4670 = PRODUCT_DEFINITION_SHAPE('Placement','Placement of an item',
  #4671);
#4671 = NEXT_ASSEMBLY_USAGE_OCCURRENCE('327','=>[0:1:1:1]','',#5,#2023,$
  );
#4672 = CONTEXT_DEPENDENT_SHAPE_REPRESENTATION(#4673,#4675);
#4673 = ( REPRESENTATION_RELATIONSHIP('','',#2028,#10) 
REPRESENTATION_RELATIONSHIP_WITH_TRANSFORMATION(#4674) 
SHAPE_REPRESENTATION_RELATIONSHIP() );
#4674 = ITEM_DEFINED_TRANSFORMATION('','',#11,#1323);
#4675 = PRODUCT_DEFINITION_SHAPE('Placement','Placement of an item',
  #4676);
#4676 = NEXT_ASSEMBLY_USAGE_OCCURRENCE('328','=>[0:1:1:1]','',#5,#2023,$
  );
#4677 = CONTEXT_DEPENDENT_SHAPE_REPRESENTATION(#4678,#4680);
#4678 = ( REPRESENTATION_RELATIONSHIP('','',#2028,#10) 
REPRESENTATION_RELATIONSHIP_WITH_TRANSFORMATION(#4679) 
SHAPE_REPRESENTATION_RELATIONSHIP() );
#4679 = ITEM_DEFINED_TRANSFORMATION('','',#11,#1327);
#4680 = PRODUCT_DEFINITION_SHAPE('Placement','Placement of an item',
  #4681);
#4681 = NEXT_ASSEMBLY_USAGE_OCCURRENCE('329','=>[0:1:1:1]','',#5,#2023,$
  );
#4682 = CONTEXT_DEPENDENT_SHAPE_REPRESENTATION(#4683,#4685);
#4683 = ( REPRESENTATION_RELATIONSHIP('','',#2028,#10) 
REPRESENTATION_RELATIONSHIP_WITH_TRANSFORMATION(#4684) 
SHAPE_REPRESENTATION_RELATIONSHIP() );
#4684 = ITEM_DEFINED_TRANSFORMATION('','',#11,#1331);
#4685 = PRODUCT_DEFINITION_SHAPE('Placement','Placement of an item',
  #4686);
#4686 = NEXT_ASSEMBLY_USAGE_OCCURRENCE('330','=>[0:1:1:1]','',#5,#2023,$
  );
#4687 = CONTEXT_DEPENDENT_SHAPE_REPRESENTATION(#4688,#4690);
#4688 = ( REPRESENTATION_RELATIONSHIP('','',#2028,#10) 
REPRESENTATION_RELATIONSHIP_WITH_TRANSFORMATION(#4689) 
SHAPE_REPRESENTATION_RELATIONSHIP() );
#4689 = ITEM_DEFINED_TRANSFORMATION('','',#11,#1335);
#4690 = PRODUCT_DEFINITION_SHAPE('Placement','Placement of an item',
  #4691);
#4691 = NEXT_ASSEMBLY_USAGE_OCCURRENCE('331','=>[0:1:1:1]','',#5,#2023,$
  );
#4692 = CONTEXT_DEPENDENT_SHAPE_REPRESENTATION(#4693,#4695);
#4693 = ( REPRESENTATION_RELATIONSHIP('','',#2028,#10) 
REPRESENTATION_RELATIONSHIP_WITH_TRANSFORMATION(#4694) 
SHAPE_REPRESENTATION_RELATIONSHIP() );
#4694 = ITEM_DEFINED_TRANSFORMATION('','',#11,#1339);
#4695 = PRODUCT_DEFINITION_SHAPE('Placement','Placement of an item',
  #4696);
#4696 = NEXT_ASSEMBLY_USAGE_OCCURRENCE('332','=>[0:1:1:1]','',#5,#2023,$
  );
#4697 = CONTEXT_DEPENDENT_SHAPE_REPRESENTATION(#4698,#4700);
#4698 = ( REPRESENTATION_RELATIONSHIP('','',#2028,#10) 
REPRESENTATION_RELATIONSHIP_WITH_TRANSFORMATION(#4699) 
SHAPE_REPRESENTATION_RELATIONSHIP() );
#4699 = ITEM_DEFINED_TRANSFORMATION('','',#11,#1343);
#4700 = PRODUCT_DEFINITION_SHAPE('Placement','Placement of an item',
  #4701);
#4701 = NEXT_ASSEMBLY_USAGE_OCCURRENCE('333','=>[0:1:1:1]','',#5,#2023,$
  );
#4702 = CONTEXT_DEPENDENT_SHAPE_REPRESENTATION(#4703,#4705);
#4703 = ( REPRESENTATION_RELATIONSHIP('','',#2028,#10) 
REPRESENTATION_RELATIONSHIP_WITH_TRANSFORMATION(#4704) 
SHAPE_REPRESENTATION_RELATIONSHIP() );
#4704 = ITEM_DEFINED_TRANSFORMATION('','',#11,#1347);
#4705 = PRODUCT_DEFINITION_SHAPE('Placement','Placement of an item',
  #4706);
#4706 = NEXT_ASSEMBLY_USAGE_OCCURRENCE('334','=>[0:1:1:1]','',#5,#2023,$
  );
#4707 = CONTEXT_DEPENDENT_SHAPE_REPRESENTATION(#4708,#4710);
#4708 = ( REPRESENTATION_RELATIONSHIP('','',#2028,#10) 
REPRESENTATION_RELATIONSHIP_WITH_TRANSFORMATION(#4709) 
SHAPE_REPRESENTATION_RELATIONSHIP() );
#4709 = ITEM_DEFINED_TRANSFORMATION('','',#11,#1351);
#4710 = PRODUCT_DEFINITION_SHAPE('Placement','Placement of an item',
  #4711);
#4711 = NEXT_ASSEMBLY_USAGE_OCCURRENCE('335','=>[0:1:1:1]','',#5,#2023,$
  );
#4712 = CONTEXT_DEPENDENT_SHAPE_REPRESENTATION(#4713,#4715);
#4713 = ( REPRESENTATION_RELATIONSHIP('','',#2028,#10) 
REPRESENTATION_RELATIONSHIP_WITH_TRANSFORMATION(#4714) 
SHAPE_REPRESENTATION_RELATIONSHIP() );
#4714 = ITEM_DEFINED_TRANSFORMATION('','',#11,#1355);
#4715 = PRODUCT_DEFINITION_SHAPE('Placement','Placement of an item',
  #4716);
#4716 = NEXT_ASSEMBLY_USAGE_OCCURRENCE('336','=>[0:1:1:1]','',#5,#2023,$
  );
#4717 = CONTEXT_DEPENDENT_SHAPE_REPRESENTATION(#4718,#4720);
#4718 = ( REPRESENTATION_RELATIONSHIP('','',#2028,#10) 
REPRESENTATION_RELATIONSHIP_WITH_TRANSFORMATION(#4719) 
SHAPE_REPRESENTATION_RELATIONSHIP() );
#4719 = ITEM_DEFINED_TRANSFORMATION('','',#11,#1359);
#4720 = PRODUCT_DEFINITION_SHAPE('Placement','Placement of an item',
  #4721);
#4721 = NEXT_ASSEMBLY_USAGE_OCCURRENCE('337','=>[0:1:1:1]','',#5,#2023,$
  );
#4722 = CONTEXT_DEPENDENT_SHAPE_REPRESENTATION(#4723,#4725);
#4723 = ( REPRESENTATION_RELATIONSHIP('','',#2028,#10) 
REPRESENTATION_RELATIONSHIP_WITH_TRANSFORMATION(#4724) 
SHAPE_REPRESENTATION_RELATIONSHIP() );
#4724 = ITEM_DEFINED_TRANSFORMATION('','',#11,#1363);
#4725 = PRODUCT_DEFINITION_SHAPE('Placement','Placement of an item',
  #4726);
#4726 = NEXT_ASSEMBLY_USAGE_OCCURRENCE('338','=>[0:1:1:1]','',#5,#2023,$
  );
#4727 = CONTEXT_DEPENDENT_SHAPE_REPRESENTATION(#4728,#4730);
#4728 = ( REPRESENTATION_RELATIONSHIP('','',#2028,#10) 
REPRESENTATION_RELATIONSHIP_WITH_TRANSFORMATION(#4729) 
SHAPE_REPRESENTATION_RELATIONSHIP() );
#4729 = ITEM_DEFINED_TRANSFORMATION('','',#11,#1367);
#4730 = PRODUCT_DEFINITION_SHAPE('Placement','Placement of an item',
  #4731);
#4731 = NEXT_ASSEMBLY_USAGE_OCCURRENCE('339','=>[0:1:1:1]','',#5,#2023,$
  );
#4732 = CONTEXT_DEPENDENT_SHAPE_REPRESENTATION(#4733,#4735);
#4733 = ( REPRESENTATION_RELATIONSHIP('','',#2028,#10) 
REPRESENTATION_RELATIONSHIP_WITH_TRANSFORMATION(#4734) 
SHAPE_REPRESENTATION_RELATIONSHIP() );
#4734 = ITEM_DEFINED_TRANSFORMATION('','',#11,#1371);
#4735 = PRODUCT_DEFINITION_SHAPE('Placement','Placement of an item',
  #4736);
#4736 = NEXT_ASSEMBLY_USAGE_OCCURRENCE('340','=>[0:1:1:1]','',#5,#2023,$
  );
#4737 = CONTEXT_DEPENDENT_SHAPE_REPRESENTATION(#4738,#4740);
#4738 = ( REPRESENTATION_RELATIONSHIP('','',#2028,#10) 
REPRESENTATION_RELATIONSHIP_WITH_TRANSFORMATION(#4739) 
SHAPE_REPRESENTATION_RELATIONSHIP() );
#4739 = ITEM_DEFINED_TRANSFORMATION('','',#11,#1375);
#4740 = PRODUCT_DEFINITION_SHAPE('Placement','Placement of an item',
  #4741);
#4741 = NEXT_ASSEMBLY_USAGE_OCCURRENCE('341','=>[0:1:1:1]','',#5,#2023,$
  );
#4742 = CONTEXT_DEPENDENT_SHAPE_REPRESENTATION(#4743,#4745);
#4743 = ( REPRESENTATION_RELATIONSHIP('','',#2028,#10) 
REPRESENTATION_RELATIONSHIP_WITH_TRANSFORMATION(#4744) 
SHAPE_REPRESENTATION_RELATIONSHIP() );
#4744 = ITEM_DEFINED_TRANSFORMATION('','',#11,#1379);
#4745 = PRODUCT_DEFINITION_SHAPE('Placement','Placement of an item',
  #4746);
#4746 = NEXT_ASSEMBLY_USAGE_OCCURRENCE('342','=>[0:1:1:1]','',#5,#2023,$
  );
#4747 = CONTEXT_DEPENDENT_SHAPE_REPRESENTATION(#4748,#4750);
#4748 = ( REPRESENTATION_RELATIONSHIP('','',#2028,#10) 
REPRESENTATION_RELATIONSHIP_WITH_TRANSFORMATION(#4749) 
SHAPE_REPRESENTATION_RELATIONSHIP() );
#4749 = ITEM_DEFINED_TRANSFORMATION('','',#11,#1383);
#4750 = PRODUCT_DEFINITION_SHAPE('Placement','Placement of an item',
  #4751);
#4751 = NEXT_ASSEMBLY_USAGE_OCCURRENCE('343','=>[0:1:1:1]','',#5,#2023,$
  );
#4752 = CONTEXT_DEPENDENT_SHAPE_REPRESENTATION(#4753,#4755);
#4753 = ( REPRESENTATION_RELATIONSHIP('','',#2028,#10) 
REPRESENTATION_RELATIONSHIP_WITH_TRANSFORMATION(#4754) 
SHAPE_REPRESENTATION_RELATIONSHIP() );
#4754 = ITEM_DEFINED_TRANSFORMATION('','',#11,#1387);
#4755 = PRODUCT_DEFINITION_SHAPE('Placement','Placement of an item',
  #4756);
#4756 = NEXT_ASSEMBLY_USAGE_OCCURRENCE('344','=>[0:1:1:1]','',#5,#2023,$
  );
#4757 = CONTEXT_DEPENDENT_SHAPE_REPRESENTATION(#4758,#4760);
#4758 = ( REPRESENTATION_RELATIONSHIP('','',#2028,#10) 
REPRESENTATION_RELATIONSHIP_WITH_TRANSFORMATION(#4759) 
SHAPE_REPRESENTATION_RELATIONSHIP() );
#4759 = ITEM_DEFINED_TRANSFORMATION('','',#11,#1391);
#4760 = PRODUCT_DEFINITION_SHAPE('Placement','Placement of an item',
  #4761);
#4761 = NEXT_ASSEMBLY_USAGE_OCCURRENCE('345','=>[0:1:1:1]','',#5,#2023,$
  );
#4762 = CONTEXT_DEPENDENT_SHAPE_REPRESENTATION(#4763,#4765);
#4763 = ( REPRESENTATION_RELATIONSHIP('','',#2028,#10) 
REPRESENTATION_RELATIONSHIP_WITH_TRANSFORMATION(#4764) 
SHAPE_REPRESENTATION_RELATIONSHIP() );
#4764 = ITEM_DEFINED_TRANSFORMATION('','',#11,#1395);
#4765 = PRODUCT_DEFINITION_SHAPE('Placement','Placement of an item',
  #4766);
#4766 = NEXT_ASSEMBLY_USAGE_OCCURRENCE('346','=>[0:1:1:1]','',#5,#2023,$
  );
#4767 = CONTEXT_DEPENDENT_SHAPE_REPRESENTATION(#4768,#4770);
#4768 = ( REPRESENTATION_RELATIONSHIP('','',#2028,#10) 
REPRESENTATION_RELATIONSHIP_WITH_TRANSFORMATION(#4769) 
SHAPE_REPRESENTATION_RELATIONSHIP() );
#4769 = ITEM_DEFINED_TRANSFORMATION('','',#11,#1399);
#4770 = PRODUCT_DEFINITION_SHAPE('Placement','Placement of an item',
  #4771);
#4771 = NEXT_ASSEMBLY_USAGE_OCCURRENCE('347','=>[0:1:1:1]','',#5,#2023,$
  );
#4772 = CONTEXT_DEPENDENT_SHAPE_REPRESENTATION(#4773,#4775);
#4773 = ( REPRESENTATION_RELATIONSHIP('','',#2028,#10) 
REPRESENTATION_RELATIONSHIP_WITH_TRANSFORMATION(#4774) 
SHAPE_REPRESENTATION_RELATIONSHIP() );
#4774 = ITEM_DEFINED_TRANSFORMATION('','',#11,#1403);
#4775 = PRODUCT_DEFINITION_SHAPE('Placement','Placement of an item',
  #4776);
#4776 = NEXT_ASSEMBLY_USAGE_OCCURRENCE('348','=>[0:1:1:1]','',#5,#2023,$
  );
#4777 = CONTEXT_DEPENDENT_SHAPE_REPRESENTATION(#4778,#4780);
#4778 = ( REPRESENTATION_RELATIONSHIP('','',#2028,#10) 
REPRESENTATION_RELATIONSHIP_WITH_TRANSFORMATION(#4779) 
SHAPE_REPRESENTATION_RELATIONSHIP() );
#4779 = ITEM_DEFINED_TRANSFORMATION('','',#11,#1407);
#4780 = PRODUCT_DEFINITION_SHAPE('Placement','Placement of an item',
  #4781);
#4781 = NEXT_ASSEMBLY_USAGE_OCCURRENCE('349','=>[0:1:1:1]','',#5,#2023,$
  );
#4782 = CONTEXT_DEPENDENT_SHAPE_REPRESENTATION(#4783,#4785);
#4783 = ( REPRESENTATION_RELATIONSHIP('','',#2028,#10) 
REPRESENTATION_RELATIONSHIP_WITH_TRANSFORMATION(#4784) 
SHAPE_REPRESENTATION_RELATIONSHIP() );
#4784 = ITEM_DEFINED_TRANSFORMATION('','',#11,#1411);
#4785 = PRODUCT_DEFINITION_SHAPE('Placement','Placement of an item',
  #4786);
#4786 = NEXT_ASSEMBLY_USAGE_OCCURRENCE('350','=>[0:1:1:1]','',#5,#2023,$
  );
#4787 = CONTEXT_DEPENDENT_SHAPE_REPRESENTATION(#4788,#4790);
#4788 = ( REPRESENTATION_RELATIONSHIP('','',#2028,#10) 
REPRESENTATION_RELATIONSHIP_WITH_TRANSFORMATION(#4789) 
SHAPE_REPRESENTATION_RELATIONSHIP() );
#4789 = ITEM_DEFINED_TRANSFORMATION('','',#11,#1415);
#4790 = PRODUCT_DEFINITION_SHAPE('Placement','Placement of an item',
  #4791);
#4791 = NEXT_ASSEMBLY_USAGE_OCCURRENCE('351','=>[0:1:1:1]','',#5,#2023,$
  );
#4792 = CONTEXT_DEPENDENT_SHAPE_REPRESENTATION(#4793,#4795);
#4793 = ( REPRESENTATION_RELATIONSHIP('','',#2028,#10) 
REPRESENTATION_RELATIONSHIP_WITH_TRANSFORMATION(#4794) 
SHAPE_REPRESENTATION_RELATIONSHIP() );
#4794 = ITEM_DEFINED_TRANSFORMATION('','',#11,#1419);
#4795 = PRODUCT_DEFINITION_SHAPE('Placement','Placement of an item',
  #4796);
#4796 = NEXT_ASSEMBLY_USAGE_OCCURRENCE('352','=>[0:1:1:1]','',#5,#2023,$
  );
#4797 = CONTEXT_DEPENDENT_SHAPE_REPRESENTATION(#4798,#4800);
#4798 = ( REPRESENTATION_RELATIONSHIP('','',#2028,#10) 
REPRESENTATION_RELATIONSHIP_WITH_TRANSFORMATION(#4799) 
SHAPE_REPRESENTATION_RELATIONSHIP() );
#4799 = ITEM_DEFINED_TRANSFORMATION('','',#11,#1423);
#4800 = PRODUCT_DEFINITION_SHAPE('Placement','Placement of an item',
  #4801);
#4801 = NEXT_ASSEMBLY_USAGE_OCCURRENCE('353','=>[0:1:1:1]','',#5,#2023,$
  );
#4802 = CONTEXT_DEPENDENT_SHAPE_REPRESENTATION(#4803,#4805);
#4803 = ( REPRESENTATION_RELATIONSHIP('','',#2028,#10) 
REPRESENTATION_RELATIONSHIP_WITH_TRANSFORMATION(#4804) 
SHAPE_REPRESENTATION_RELATIONSHIP() );
#4804 = ITEM_DEFINED_TRANSFORMATION('','',#11,#1427);
#4805 = PRODUCT_DEFINITION_SHAPE('Placement','Placement of an item',
  #4806);
#4806 = NEXT_ASSEMBLY_USAGE_OCCURRENCE('354','=>[0:1:1:1]','',#5,#2023,$
  );
#4807 = CONTEXT_DEPENDENT_SHAPE_REPRESENTATION(#4808,#4810);
#4808 = ( REPRESENTATION_RELATIONSHIP('','',#2028,#10) 
REPRESENTATION_RELATIONSHIP_WITH_TRANSFORMATION(#4809) 
SHAPE_REPRESENTATION_RELATIONSHIP() );
#4809 = ITEM_DEFINED_TRANSFORMATION('','',#11,#1431);
#4810 = PRODUCT_DEFINITION_SHAPE('Placement','Placement of an item',
  #4811);
#4811 = NEXT_ASSEMBLY_USAGE_OCCURRENCE('355','=>[0:1:1:1]','',#5,#2023,$
  );
#4812 = CONTEXT_DEPENDENT_SHAPE_REPRESENTATION(#4813,#4815);
#4813 = ( REPRESENTATION_RELATIONSHIP('','',#2028,#10) 
REPRESENTATION_RELATIONSHIP_WITH_TRANSFORMATION(#4814) 
SHAPE_REPRESENTATION_RELATIONSHIP() );
#4814 = ITEM_DEFINED_TRANSFORMATION('','',#11,#1435);
#4815 = PRODUCT_DEFINITION_SHAPE('Placement','Placement of an item',
  #4816);
#4816 = NEXT_ASSEMBLY_USAGE_OCCURRENCE('356','=>[0:1:1:1]','',#5,#2023,$
  );
#4817 = CONTEXT_DEPENDENT_SHAPE_REPRESENTATION(#4818,#4820);
#4818 = ( REPRESENTATION_RELATIONSHIP('','',#2028,#10) 
REPRESENTATION_RELATIONSHIP_WITH_TRANSFORMATION(#4819) 
SHAPE_REPRESENTATION_RELATIONSHIP() );
#4819 = ITEM_DEFINED_TRANSFORMATION('','',#11,#1439);
#4820 = PRODUCT_DEFINITION_SHAPE('Placement','Placement of an item',
  #4821);
#4821 = NEXT_ASSEMBLY_USAGE_OCCURRENCE('357','=>[0:1:1:1]','',#5,#2023,$
  );
#4822 = CONTEXT_DEPENDENT_SHAPE_REPRESENTATION(#4823,#4825);
#4823 = ( REPRESENTATION_RELATIONSHIP('','',#2028,#10) 
REPRESENTATION_RELATIONSHIP_WITH_TRANSFORMATION(#4824) 
SHAPE_REPRESENTATION_RELATIONSHIP() );
#4824 = ITEM_DEFINED_TRANSFORMATION('','',#11,#1443);
#4825 = PRODUCT_DEFINITION_SHAPE('Placement','Placement of an item',
  #4826);
#4826 = NEXT_ASSEMBLY_USAGE_OCCURRENCE('358','=>[0:1:1:1]','',#5,#2023,$
  );
#4827 = CONTEXT_DEPENDENT_SHAPE_REPRESENTATION(#4828,#4830);
#4828 = ( REPRESENTATION_RELATIONSHIP('','',#2028,#10) 
REPRESENTATION_RELATIONSHIP_WITH_TRANSFORMATION(#4829) 
SHAPE_REPRESENTATION_RELATIONSHIP() );
#4829 = ITEM_DEFINED_TRANSFORMATION('','',#11,#1447);
#4830 = PRODUCT_DEFINITION_SHAPE('Placement','Placement of an item',
  #4831);
#4831 = NEXT_ASSEMBLY_USAGE_OCCURRENCE('359','=>[0:1:1:1]','',#5,#2023,$
  );
#4832 = CONTEXT_DEPENDENT_SHAPE_REPRESENTATION(#4833,#4835);
#4833 = ( REPRESENTATION_RELATIONSHIP('','',#2028,#10) 
REPRESENTATION_RELATIONSHIP_WITH_TRANSFORMATION(#4834) 
SHAPE_REPRESENTATION_RELATIONSHIP() );
#4834 = ITEM_DEFINED_TRANSFORMATION('','',#11,#1451);
#4835 = PRODUCT_DEFINITION_SHAPE('Placement','Placement of an item',
  #4836);
#4836 = NEXT_ASSEMBLY_USAGE_OCCURRENCE('360','=>[0:1:1:1]','',#5,#2023,$
  );
#4837 = CONTEXT_DEPENDENT_SHAPE_REPRESENTATION(#4838,#4840);
#4838 = ( REPRESENTATION_RELATIONSHIP('','',#2028,#10) 
REPRESENTATION_RELATIONSHIP_WITH_TRANSFORMATION(#4839) 
SHAPE_REPRESENTATION_RELATIONSHIP() );
#4839 = ITEM_DEFINED_TRANSFORMATION('','',#11,#1455);
#4840 = PRODUCT_DEFINITION_SHAPE('Placement','Placement of an item',
  #4841);
#4841 = NEXT_ASSEMBLY_USAGE_OCCURRENCE('361','=>[0:1:1:1]','',#5,#2023,$
  );
#4842 = CONTEXT_DEPENDENT_SHAPE_REPRESENTATION(#4843,#4845);
#4843 = ( REPRESENTATION_RELATIONSHIP('','',#2028,#10) 
REPRESENTATION_RELATIONSHIP_WITH_TRANSFORMATION(#4844) 
SHAPE_REPRESENTATION_RELATIONSHIP() );
#4844 = ITEM_DEFINED_TRANSFORMATION('','',#11,#1459);
#4845 = PRODUCT_DEFINITION_SHAPE('Placement','Placement of an item',
  #4846);
#4846 = NEXT_ASSEMBLY_USAGE_OCCURRENCE('362','=>[0:1:1:1]','',#5,#2023,$
  );
#4847 = CONTEXT_DEPENDENT_SHAPE_REPRESENTATION(#4848,#4850);
#4848 = ( REPRESENTATION_RELATIONSHIP('','',#2028,#10) 
REPRESENTATION_RELATIONSHIP_WITH_TRANSFORMATION(#4849) 
SHAPE_REPRESENTATION_RELATIONSHIP() );
#4849 = ITEM_DEFINED_TRANSFORMATION('','',#11,#1463);
#4850 = PRODUCT_DEFINITION_SHAPE('Placement','Placement of an item',
  #4851);
#4851 = NEXT_ASSEMBLY_USAGE_OCCURRENCE('363','=>[0:1:1:1]','',#5,#2023,$
  );
#4852 = CONTEXT_DEPENDENT_SHAPE_REPRESENTATION(#4853,#4855);
#4853 = ( REPRESENTATION_RELATIONSHIP('','',#2028,#10) 
REPRESENTATION_RELATIONSHIP_WITH_TRANSFORMATION(#4854) 
SHAPE_REPRESENTATION_RELATIONSHIP() );
#4854 = ITEM_DEFINED_TRANSFORMATION('','',#11,#1467);
#4855 = PRODUCT_DEFINITION_SHAPE('Placement','Placement of an item',
  #4856);
#4856 = NEXT_ASSEMBLY_USAGE_OCCURRENCE('364','=>[0:1:1:1]','',#5,#2023,$
  );
#4857 = CONTEXT_DEPENDENT_SHAPE_REPRESENTATION(#4858,#4860);
#4858 = ( REPRESENTATION_RELATIONSHIP('','',#2028,#10) 
REPRESENTATION_RELATIONSHIP_WITH_TRANSFORMATION(#4859) 
SHAPE_REPRESENTATION_RELATIONSHIP() );
#4859 = ITEM_DEFINED_TRANSFORMATION('','',#11,#1471);
#4860 = PRODUCT_DEFINITION_SHAPE('Placement','Placement of an item',
  #4861);
#4861 = NEXT_ASSEMBLY_USAGE_OCCURRENCE('365','=>[0:1:1:1]','',#5,#2023,$
  );
#4862 = CONTEXT_DEPENDENT_SHAPE_REPRESENTATION(#4863,#4865);
#4863 = ( REPRESENTATION_RELATIONSHIP('','',#2028,#10) 
REPRESENTATION_RELATIONSHIP_WITH_TRANSFORMATION(#4864) 
SHAPE_REPRESENTATION_RELATIONSHIP() );
#4864 = ITEM_DEFINED_TRANSFORMATION('','',#11,#1475);
#4865 = PRODUCT_DEFINITION_SHAPE('Placement','Placement of an item',
  #4866);
#4866 = NEXT_ASSEMBLY_USAGE_OCCURRENCE('366','=>[0:1:1:1]','',#5,#2023,$
  );
#4867 = CONTEXT_DEPENDENT_SHAPE_REPRESENTATION(#4868,#4870);
#4868 = ( REPRESENTATION_RELATIONSHIP('','',#2028,#10) 
REPRESENTATION_RELATIONSHIP_WITH_TRANSFORMATION(#4869) 
SHAPE_REPRESENTATION_RELATIONSHIP() );
#4869 = ITEM_DEFINED_TRANSFORMATION('','',#11,#1479);
#4870 = PRODUCT_DEFINITION_SHAPE('Placement','Placement of an item',
  #4871);
#4871 = NEXT_ASSEMBLY_USAGE_OCCURRENCE('367','=>[0:1:1:1]','',#5,#2023,$
  );
#4872 = CONTEXT_DEPENDENT_SHAPE_REPRESENTATION(#4873,#4875);
#4873 = ( REPRESENTATION_RELATIONSHIP('','',#2028,#10) 
REPRESENTATION_RELATIONSHIP_WITH_TRANSFORMATION(#4874) 
SHAPE_REPRESENTATION_RELATIONSHIP() );
#4874 = ITEM_DEFINED_TRANSFORMATION('','',#11,#1483);
#4875 = PRODUCT_DEFINITION_SHAPE('Placement','Placement of an item',
  #4876);
#4876 = NEXT_ASSEMBLY_USAGE_OCCURRENCE('368','=>[0:1:1:1]','',#5,#2023,$
  );
#4877 = CONTEXT_DEPENDENT_SHAPE_REPRESENTATION(#4878,#4880);
#4878 = ( REPRESENTATION_RELATIONSHIP('','',#2028,#10) 
REPRESENTATION_RELATIONSHIP_WITH_TRANSFORMATION(#4879) 
SHAPE_REPRESENTATION_RELATIONSHIP() );
#4879 = ITEM_DEFINED_TRANSFORMATION('','',#11,#1487);
#4880 = PRODUCT_DEFINITION_SHAPE('Placement','Placement of an item',
  #4881);
#4881 = NEXT_ASSEMBLY_USAGE_OCCURRENCE('369','=>[0:1:1:1]','',#5,#2023,$
  );
#4882 = CONTEXT_DEPENDENT_SHAPE_REPRESENTATION(#4883,#4885);
#4883 = ( REPRESENTATION_RELATIONSHIP('','',#2028,#10) 
REPRESENTATION_RELATIONSHIP_WITH_TRANSFORMATION(#4884) 
SHAPE_REPRESENTATION_RELATIONSHIP() );
#4884 = ITEM_DEFINED_TRANSFORMATION('','',#11,#1491);
#4885 = PRODUCT_DEFINITION_SHAPE('Placement','Placement of an item',
  #4886);
#4886 = NEXT_ASSEMBLY_USAGE_OCCURRENCE('370','=>[0:1:1:1]','',#5,#2023,$
  );
#4887 = CONTEXT_DEPENDENT_SHAPE_REPRESENTATION(#4888,#4890);
#4888 = ( REPRESENTATION_RELATIONSHIP('','',#2028,#10) 
REPRESENTATION_RELATIONSHIP_WITH_TRANSFORMATION(#4889) 
SHAPE_REPRESENTATION_RELATIONSHIP() );
#4889 = ITEM_DEFINED_TRANSFORMATION('','',#11,#1495);
#4890 = PRODUCT_DEFINITION_SHAPE('Placement','Placement of an item',
  #4891);
#4891 = NEXT_ASSEMBLY_USAGE_OCCURRENCE('371','=>[0:1:1:1]','',#5,#2023,$
  );
#4892 = CONTEXT_DEPENDENT_SHAPE_REPRESENTATION(#4893,#4895);
#4893 = ( REPRESENTATION_RELATIONSHIP('','',#2028,#10) 
REPRESENTATION_RELATIONSHIP_WITH_TRANSFORMATION(#4894) 
SHAPE_REPRESENTATION_RELATIONSHIP() );
#4894 = ITEM_DEFINED_TRANSFORMATION('','',#11,#1499);
#4895 = PRODUCT_DEFINITION_SHAPE('Placement','Placement of an item',
  #4896);
#4896 = NEXT_ASSEMBLY_USAGE_OCCURRENCE('372','=>[0:1:1:1]','',#5,#2023,$
  );
#4897 = CONTEXT_DEPENDENT_SHAPE_REPRESENTATION(#4898,#4900);
#4898 = ( REPRESENTATION_RELATIONSHIP('','',#2028,#10) 
REPRESENTATION_RELATIONSHIP_WITH_TRANSFORMATION(#4899) 
SHAPE_REPRESENTATION_RELATIONSHIP() );
#4899 = ITEM_DEFINED_TRANSFORMATION('','',#11,#1503);
#4900 = PRODUCT_DEFINITION_SHAPE('Placement','Placement of an item',
  #4901);
#4901 = NEXT_ASSEMBLY_USAGE_OCCURRENCE('373','=>[0:1:1:1]','',#5,#2023,$
  );
#4902 = CONTEXT_DEPENDENT_SHAPE_REPRESENTATION(#4903,#4905);
#4903 = ( REPRESENTATION_RELATIONSHIP('','',#2028,#10) 
REPRESENTATION_RELATIONSHIP_WITH_TRANSFORMATION(#4904) 
SHAPE_REPRESENTATION_RELATIONSHIP() );
#4904 = ITEM_DEFINED_TRANSFORMATION('','',#11,#1507);
#4905 = PRODUCT_DEFINITION_SHAPE('Placement','Placement of an item',
  #4906);
#4906 = NEXT_ASSEMBLY_USAGE_OCCURRENCE('374','=>[0:1:1:1]','',#5,#2023,$
  );
#4907 = CONTEXT_DEPENDENT_SHAPE_REPRESENTATION(#4908,#4910);
#4908 = ( REPRESENTATION_RELATIONSHIP('','',#2028,#10) 
REPRESENTATION_RELATIONSHIP_WITH_TRANSFORMATION(#4909) 
SHAPE_REPRESENTATION_RELATIONSHIP() );
#4909 = ITEM_DEFINED_TRANSFORMATION('','',#11,#1511);
#4910 = PRODUCT_DEFINITION_SHAPE('Placement','Placement of an item',
  #4911);
#4911 = NEXT_ASSEMBLY_USAGE_OCCURRENCE('375','=>[0:1:1:1]','',#5,#2023,$
  );
#4912 = CONTEXT_DEPENDENT_SHAPE_REPRESENTATION(#4913,#4915);
#4913 = ( REPRESENTATION_RELATIONSHIP('','',#2028,#10) 
REPRESENTATION_RELATIONSHIP_WITH_TRANSFORMATION(#4914) 
SHAPE_REPRESENTATION_RELATIONSHIP() );
#4914 = ITEM_DEFINED_TRANSFORMATION('','',#11,#1515);
#4915 = PRODUCT_DEFINITION_SHAPE('Placement','Placement of an item',
  #4916);
#4916 = NEXT_ASSEMBLY_USAGE_OCCURRENCE('376','=>[0:1:1:1]','',#5,#2023,$
  );
#4917 = CONTEXT_DEPENDENT_SHAPE_REPRESENTATION(#4918,#4920);
#4918 = ( REPRESENTATION_RELATIONSHIP('','',#2028,#10) 
REPRESENTATION_RELATIONSHIP_WITH_TRANSFORMATION(#4919) 
SHAPE_REPRESENTATION_RELATIONSHIP() );
#4919 = ITEM_DEFINED_TRANSFORMATION('','',#11,#1519);
#4920 = PRODUCT_DEFINITION_SHAPE('Placement','Placement of an item',
  #4921);
#4921 = NEXT_ASSEMBLY_USAGE_OCCURRENCE('377','=>[0:1:1:1]','',#5,#2023,$
  );
#4922 = CONTEXT_DEPENDENT_SHAPE_REPRESENTATION(#4923,#4925);
#4923 = ( REPRESENTATION_RELATIONSHIP('','',#2028,#10) 
REPRESENTATION_RELATIONSHIP_WITH_TRANSFORMATION(#4924) 
SHAPE_REPRESENTATION_RELATIONSHIP() );
#4924 = ITEM_DEFINED_TRANSFORMATION('','',#11,#1523);
#4925 = PRODUCT_DEFINITION_SHAPE('Placement','Placement of an item',
  #4926);
#4926 = NEXT_ASSEMBLY_USAGE_OCCURRENCE('378','=>[0:1:1:1]','',#5,#2023,$
  );
#4927 = CONTEXT_DEPENDENT_SHAPE_REPRESENTATION(#4928,#4930);
#4928 = ( REPRESENTATION_RELATIONSHIP('','',#2028,#10) 
REPRESENTATION_RELATIONSHIP_WITH_TRANSFORMATION(#4929) 
SHAPE_REPRESENTATION_RELATIONSHIP() );
#4929 = ITEM_DEFINED_TRANSFORMATION('','',#11,#1527);
#4930 = PRODUCT_DEFINITION_SHAPE('Placement','Placement of an item',
  #4931);
#4931 = NEXT_ASSEMBLY_USAGE_OCCURRENCE('379','=>[0:1:1:1]','',#5,#2023,$
  );
#4932 = CONTEXT_DEPENDENT_SHAPE_REPRESENTATION(#4933,#4935);
#4933 = ( REPRESENTATION_RELATIONSHIP('','',#2028,#10) 
REPRESENTATION_RELATIONSHIP_WITH_TRANSFORMATION(#4934) 
SHAPE_REPRESENTATION_RELATIONSHIP() );
#4934 = ITEM_DEFINED_TRANSFORMATION('','',#11,#1531);
#4935 = PRODUCT_DEFINITION_SHAPE('Placement','Placement of an item',
  #4936);
#4936 = NEXT_ASSEMBLY_USAGE_OCCURRENCE('380','=>[0:1:1:1]','',#5,#2023,$
  );
#4937 = CONTEXT_DEPENDENT_SHAPE_REPRESENTATION(#4938,#4940);
#4938 = ( REPRESENTATION_RELATIONSHIP('','',#2028,#10) 
REPRESENTATION_RELATIONSHIP_WITH_TRANSFORMATION(#4939) 
SHAPE_REPRESENTATION_RELATIONSHIP() );
#4939 = ITEM_DEFINED_TRANSFORMATION('','',#11,#1535);
#4940 = PRODUCT_DEFINITION_SHAPE('Placement','Placement of an item',
  #4941);
#4941 = NEXT_ASSEMBLY_USAGE_OCCURRENCE('381','=>[0:1:1:1]','',#5,#2023,$
  );
#4942 = CONTEXT_DEPENDENT_SHAPE_REPRESENTATION(#4943,#4945);
#4943 = ( REPRESENTATION_RELATIONSHIP('','',#2028,#10) 
REPRESENTATION_RELATIONSHIP_WITH_TRANSFORMATION(#4944) 
SHAPE_REPRESENTATION_RELATIONSHIP() );
#4944 = ITEM_DEFINED_TRANSFORMATION('','',#11,#1539);
#4945 = PRODUCT_DEFINITION_SHAPE('Placement','Placement of an item',
  #4946);
#4946 = NEXT_ASSEMBLY_USAGE_OCCURRENCE('382','=>[0:1:1:1]','',#5,#2023,$
  );
#4947 = CONTEXT_DEPENDENT_SHAPE_REPRESENTATION(#4948,#4950);
#4948 = ( REPRESENTATION_RELATIONSHIP('','',#2028,#10) 
REPRESENTATION_RELATIONSHIP_WITH_TRANSFORMATION(#4949) 
SHAPE_REPRESENTATION_RELATIONSHIP() );
#4949 = ITEM_DEFINED_TRANSFORMATION('','',#11,#1543);
#4950 = PRODUCT_DEFINITION_SHAPE('Placement','Placement of an item',
  #4951);
#4951 = NEXT_ASSEMBLY_USAGE_OCCURRENCE('383','=>[0:1:1:1]','',#5,#2023,$
  );
#4952 = CONTEXT_DEPENDENT_SHAPE_REPRESENTATION(#4953,#4955);
#4953 = ( REPRESENTATION_RELATIONSHIP('','',#2028,#10) 
REPRESENTATION_RELATIONSHIP_WITH_TRANSFORMATION(#4954) 
SHAPE_REPRESENTATION_RELATIONSHIP() );
#4954 = ITEM_DEFINED_TRANSFORMATION('','',#11,#1547);
#4955 = PRODUCT_DEFINITION_SHAPE('Placement','Placement of an item',
  #4956);
#4956 = NEXT_ASSEMBLY_USAGE_OCCURRENCE('384','=>[0:1:1:1]','',#5,#2023,$
  );
#4957 = CONTEXT_DEPENDENT_SHAPE_REPRESENTATION(#4958,#4960);
#4958 = ( REPRESENTATION_RELATIONSHIP('','',#2028,#10) 
REPRESENTATION_RELATIONSHIP_WITH_TRANSFORMATION(#4959) 
SHAPE_REPRESENTATION_RELATIONSHIP() );
#4959 = ITEM_DEFINED_TRANSFORMATION('','',#11,#1551);
#4960 = PRODUCT_DEFINITION_SHAPE('Placement','Placement of an item',
  #4961);
#4961 = NEXT_ASSEMBLY_USAGE_OCCURRENCE('385','=>[0:1:1:1]','',#5,#2023,$
  );
#4962 = CONTEXT_DEPENDENT_SHAPE_REPRESENTATION(#4963,#4965);
#4963 = ( REPRESENTATION_RELATIONSHIP('','',#2028,#10) 
REPRESENTATION_RELATIONSHIP_WITH_TRANSFORMATION(#4964) 
SHAPE_REPRESENTATION_RELATIONSHIP() );
#4964 = ITEM_DEFINED_TRANSFORMATION('','',#11,#1555);
#4965 = PRODUCT_DEFINITION_SHAPE('Placement','Placement of an item',
  #4966);
#4966 = NEXT_ASSEMBLY_USAGE_OCCURRENCE('386','=>[0:1:1:1]','',#5,#2023,$
  );
#4967 = CONTEXT_DEPENDENT_SHAPE_REPRESENTATION(#4968,#4970);
#4968 = ( REPRESENTATION_RELATIONSHIP('','',#2028,#10) 
REPRESENTATION_RELATIONSHIP_WITH_TRANSFORMATION(#4969) 
SHAPE_REPRESENTATION_RELATIONSHIP() );
#4969 = ITEM_DEFINED_TRANSFORMATION('','',#11,#1559);
#4970 = PRODUCT_DEFINITION_SHAPE('Placement','Placement of an item',
  #4971);
#4971 = NEXT_ASSEMBLY_USAGE_OCCURRENCE('387','=>[0:1:1:1]','',#5,#2023,$
  );
#4972 = CONTEXT_DEPENDENT_SHAPE_REPRESENTATION(#4973,#4975);
#4973 = ( REPRESENTATION_RELATIONSHIP('','',#2028,#10) 
REPRESENTATION_RELATIONSHIP_WITH_TRANSFORMATION(#4974) 
SHAPE_REPRESENTATION_RELATIONSHIP() );
#4974 = ITEM_DEFINED_TRANSFORMATION('','',#11,#1563);
#4975 = PRODUCT_DEFINITION_SHAPE('Placement','Placement of an item',
  #4976);
#4976 = NEXT_ASSEMBLY_USAGE_OCCURRENCE('388','=>[0:1:1:1]','',#5,#2023,$
  );
#4977 = CONTEXT_DEPENDENT_SHAPE_REPRESENTATION(#4978,#4980);
#4978 = ( REPRESENTATION_RELATIONSHIP('','',#2028,#10) 
REPRESENTATION_RELATIONSHIP_WITH_TRANSFORMATION(#4979) 
SHAPE_REPRESENTATION_RELATIONSHIP() );
#4979 = ITEM_DEFINED_TRANSFORMATION('','',#11,#1567);
#4980 = PRODUCT_DEFINITION_SHAPE('Placement','Placement of an item',
  #4981);
#4981 = NEXT_ASSEMBLY_USAGE_OCCURRENCE('389','=>[0:1:1:1]','',#5,#2023,$
  );
#4982 = CONTEXT_DEPENDENT_SHAPE_REPRESENTATION(#4983,#4985);
#4983 = ( REPRESENTATION_RELATIONSHIP('','',#2028,#10) 
REPRESENTATION_RELATIONSHIP_WITH_TRANSFORMATION(#4984) 
SHAPE_REPRESENTATION_RELATIONSHIP() );
#4984 = ITEM_DEFINED_TRANSFORMATION('','',#11,#1571);
#4985 = PRODUCT_DEFINITION_SHAPE('Placement','Placement of an item',
  #4986);
#4986 = NEXT_ASSEMBLY_USAGE_OCCURRENCE('390','=>[0:1:1:1]','',#5,#2023,$
  );
#4987 = CONTEXT_DEPENDENT_SHAPE_REPRESENTATION(#4988,#4990);
#4988 = ( REPRESENTATION_RELATIONSHIP('','',#2028,#10) 
REPRESENTATION_RELATIONSHIP_WITH_TRANSFORMATION(#4989) 
SHAPE_REPRESENTATION_RELATIONSHIP() );
#4989 = ITEM_DEFINED_TRANSFORMATION('','',#11,#1575);
#4990 = PRODUCT_DEFINITION_SHAPE('Placement','Placement of an item',
  #4991);
#4991 = NEXT_ASSEMBLY_USAGE_OCCURRENCE('391','=>[0:1:1:1]','',#5,#2023,$
  );
#4992 = CONTEXT_DEPENDENT_SHAPE_REPRESENTATION(#4993,#4995);
#4993 = ( REPRESENTATION_RELATIONSHIP('','',#2028,#10) 
REPRESENTATION_RELATIONSHIP_WITH_TRANSFORMATION(#4994) 
SHAPE_REPRESENTATION_RELATIONSHIP() );
#4994 = ITEM_DEFINED_TRANSFORMATION('','',#11,#1579);
#4995 = PRODUCT_DEFINITION_SHAPE('Placement','Placement of an item',
  #4996);
#4996 = NEXT_ASSEMBLY_USAGE_OCCURRENCE('392','=>[0:1:1:1]','',#5,#2023,$
  );
#4997 = CONTEXT_DEPENDENT_SHAPE_REPRESENTATION(#4998,#5000);
#4998 = ( REPRESENTATION_RELATIONSHIP('','',#2028,#10) 
REPRESENTATION_RELATIONSHIP_WITH_TRANSFORMATION(#4999) 
SHAPE_REPRESENTATION_RELATIONSHIP() );
#4999 = ITEM_DEFINED_TRANSFORMATION('','',#11,#1583);
#5000 = PRODUCT_DEFINITION_SHAPE('Placement','Placement of an item',
  #5001);
#5001 = NEXT_ASSEMBLY_USAGE_OCCURRENCE('393','=>[0:1:1:1]','',#5,#2023,$
  );
#5002 = CONTEXT_DEPENDENT_SHAPE_REPRESENTATION(#5003,#5005);
#5003 = ( REPRESENTATION_RELATIONSHIP('','',#2028,#10) 
REPRESENTATION_RELATIONSHIP_WITH_TRANSFORMATION(#5004) 
SHAPE_REPRESENTATION_RELATIONSHIP() );
#5004 = ITEM_DEFINED_TRANSFORMATION('','',#11,#1587);
#5005 = PRODUCT_DEFINITION_SHAPE('Placement','Placement of an item',
  #5006);
#5006 = NEXT_ASSEMBLY_USAGE_OCCURRENCE('394','=>[0:1:1:1]','',#5,#2023,$
  );
#5007 = CONTEXT_DEPENDENT_SHAPE_REPRESENTATION(#5008,#5010);
#5008 = ( REPRESENTATION_RELATIONSHIP('','',#2028,#10) 
REPRESENTATION_RELATIONSHIP_WITH_TRANSFORMATION(#5009) 
SHAPE_REPRESENTATION_RELATIONSHIP() );
#5009 = ITEM_DEFINED_TRANSFORMATION('','',#11,#1591);
#5010 = PRODUCT_DEFINITION_SHAPE('Placement','Placement of an item',
  #5011);
#5011 = NEXT_ASSEMBLY_USAGE_OCCURRENCE('395','=>[0:1:1:1]','',#5,#2023,$
  );
#5012 = CONTEXT_DEPENDENT_SHAPE_REPRESENTATION(#5013,#5015);
#5013 = ( REPRESENTATION_RELATIONSHIP('','',#2028,#10) 
REPRESENTATION_RELATIONSHIP_WITH_TRANSFORMATION(#5014) 
SHAPE_REPRESENTATION_RELATIONSHIP() );
#5014 = ITEM_DEFINED_TRANSFORMATION('','',#11,#1595);
#5015 = PRODUCT_DEFINITION_SHAPE('Placement','Placement of an item',
  #5016);
#5016 = NEXT_ASSEMBLY_USAGE_OCCURRENCE('396','=>[0:1:1:1]','',#5,#2023,$
  );
#5017 = CONTEXT_DEPENDENT_SHAPE_REPRESENTATION(#5018,#5020);
#5018 = ( REPRESENTATION_RELATIONSHIP('','',#2028,#10) 
REPRESENTATION_RELATIONSHIP_WITH_TRANSFORMATION(#5019) 
SHAPE_REPRESENTATION_RELATIONSHIP() );
#5019 = ITEM_DEFINED_TRANSFORMATION('','',#11,#1599);
#5020 = PRODUCT_DEFINITION_SHAPE('Placement','Placement of an item',
  #5021);
#5021 = NEXT_ASSEMBLY_USAGE_OCCURRENCE('397','=>[0:1:1:1]','',#5,#2023,$
  );
#5022 = CONTEXT_DEPENDENT_SHAPE_REPRESENTATION(#5023,#5025);
#5023 = ( REPRESENTATION_RELATIONSHIP('','',#2028,#10) 
REPRESENTATION_RELATIONSHIP_WITH_TRANSFORMATION(#5024) 
SHAPE_REPRESENTATION_RELATIONSHIP() );
#5024 = ITEM_DEFINED_TRANSFORMATION('','',#11,#1603);
#5025 = PRODUCT_DEFINITION_SHAPE('Placement','Placement of an item',
  #5026);
#5026 = NEXT_ASSEMBLY_USAGE_OCCURRENCE('398','=>[0:1:1:1]','',#5,#2023,$
  );
#5027 = CONTEXT_DEPENDENT_SHAPE_REPRESENTATION(#5028,#5030);
#5028 = ( REPRESENTATION_RELATIONSHIP('','',#2028,#10) 
REPRESENTATION_RELATIONSHIP_WITH_TRANSFORMATION(#5029) 
SHAPE_REPRESENTATION_RELATIONSHIP() );
#5029 = ITEM_DEFINED_TRANSFORMATION('','',#11,#1607);
#5030 = PRODUCT_DEFINITION_SHAPE('Placement','Placement of an item',
  #5031);
#5031 = NEXT_ASSEMBLY_USAGE_OCCURRENCE('399','=>[0:1:1:1]','',#5,#2023,$
  );
#5032 = CONTEXT_DEPENDENT_SHAPE_REPRESENTATION(#5033,#5035);
#5033 = ( REPRESENTATION_RELATIONSHIP('','',#2028,#10) 
REPRESENTATION_RELATIONSHIP_WITH_TRANSFORMATION(#5034) 
SHAPE_REPRESENTATION_RELATIONSHIP() );
#5034 = ITEM_DEFINED_TRANSFORMATION('','',#11,#1611);
#5035 = PRODUCT_DEFINITION_SHAPE('Placement','Placement of an item',
  #5036);
#5036 = NEXT_ASSEMBLY_USAGE_OCCURRENCE('400','=>[0:1:1:1]','',#5,#2023,$
  );
#5037 = CONTEXT_DEPENDENT_SHAPE_REPRESENTATION(#5038,#5040);
#5038 = ( REPRESENTATION_RELATIONSHIP('','',#2028,#10) 
REPRESENTATION_RELATIONSHIP_WITH_TRANSFORMATION(#5039) 
SHAPE_REPRESENTATION_RELATIONSHIP() );
#5039 = ITEM_DEFINED_TRANSFORMATION('','',#11,#1615);
#5040 = PRODUCT_DEFINITION_SHAPE('Placement','Placement of an item',
  #5041);
#5041 = NEXT_ASSEMBLY_USAGE_OCCURRENCE('401','=>[0:1:1:1]','',#5,#2023,$
  );
#5042 = CONTEXT_DEPENDENT_SHAPE_REPRESENTATION(#5043,#5045);
#5043 = ( REPRESENTATION_RELATIONSHIP('','',#2028,#10) 
REPRESENTATION_RELATIONSHIP_WITH_TRANSFORMATION(#5044) 
SHAPE_REPRESENTATION_RELATIONSHIP() );
#5044 = ITEM_DEFINED_TRANSFORMATION('','',#11,#1619);
#5045 = PRODUCT_DEFINITION_SHAPE('Placement','Placement of an item',
  #5046);
#5046 = NEXT_ASSEMBLY_USAGE_OCCURRENCE('402','=>[0:1:1:1]','',#5,#2023,$
  );
#5047 = CONTEXT_DEPENDENT_SHAPE_REPRESENTATION(#5048,#5050);
#5048 = ( REPRESENTATION_RELATIONSHIP('','',#2028,#10) 
REPRESENTATION_RELATIONSHIP_WITH_TRANSFORMATION(#5049) 
SHAPE_REPRESENTATION_RELATIONSHIP() );
#5049 = ITEM_DEFINED_TRANSFORMATION('','',#11,#1623);
#5050 = PRODUCT_DEFINITION_SHAPE('Placement','Placement of an item',
  #5051);
#5051 = NEXT_ASSEMBLY_USAGE_OCCURRENCE('403','=>[0:1:1:1]','',#5,#2023,$
  );
#5052 = CONTEXT_DEPENDENT_SHAPE_REPRESENTATION(#5053,#5055);
#5053 = ( REPRESENTATION_RELATIONSHIP('','',#2028,#10) 
REPRESENTATION_RELATIONSHIP_WITH_TRANSFORMATION(#5054) 
SHAPE_REPRESENTATION_RELATIONSHIP() );
#5054 = ITEM_DEFINED_TRANSFORMATION('','',#11,#1627);
#5055 = PRODUCT_DEFINITION_SHAPE('Placement','Placement of an item',
  #5056);
#5056 = NEXT_ASSEMBLY_USAGE_OCCURRENCE('404','=>[0:1:1:1]','',#5,#2023,$
  );
#5057 = CONTEXT_DEPENDENT_SHAPE_REPRESENTATION(#5058,#5060);
#5058 = ( REPRESENTATION_RELATIONSHIP('','',#2028,#10) 
REPRESENTATION_RELATIONSHIP_WITH_TRANSFORMATION(#5059) 
SHAPE_REPRESENTATION_RELATIONSHIP() );
#5059 = ITEM_DEFINED_TRANSFORMATION('','',#11,#1631);
#5060 = PRODUCT_DEFINITION_SHAPE('Placement','Placement of an item',
  #5061);
#5061 = NEXT_ASSEMBLY_USAGE_OCCURRENCE('405','=>[0:1:1:1]','',#5,#2023,$
  );
#5062 = CONTEXT_DEPENDENT_SHAPE_REPRESENTATION(#5063,#5065);
#5063 = ( REPRESENTATION_RELATIONSHIP('','',#2028,#10) 
REPRESENTATION_RELATIONSHIP_WITH_TRANSFORMATION(#5064) 
SHAPE_REPRESENTATION_RELATIONSHIP() );
#5064 = ITEM_DEFINED_TRANSFORMATION('','',#11,#1635);
#5065 = PRODUCT_DEFINITION_SHAPE('Placement','Placement of an item',
  #5066);
#5066 = NEXT_ASSEMBLY_USAGE_OCCURRENCE('406','=>[0:1:1:1]','',#5,#2023,$
  );
#5067 = CONTEXT_DEPENDENT_SHAPE_REPRESENTATION(#5068,#5070);
#5068 = ( REPRESENTATION_RELATIONSHIP('','',#2028,#10) 
REPRESENTATION_RELATIONSHIP_WITH_TRANSFORMATION(#5069) 
SHAPE_REPRESENTATION_RELATIONSHIP() );
#5069 = ITEM_DEFINED_TRANSFORMATION('','',#11,#1639);
#5070 = PRODUCT_DEFINITION_SHAPE('Placement','Placement of an item',
  #5071);
#5071 = NEXT_ASSEMBLY_USAGE_OCCURRENCE('407','=>[0:1:1:1]','',#5,#2023,$
  );
#5072 = CONTEXT_DEPENDENT_SHAPE_REPRESENTATION(#5073,#5075);
#5073 = ( REPRESENTATION_RELATIONSHIP('','',#2028,#10) 
REPRESENTATION_RELATIONSHIP_WITH_TRANSFORMATION(#5074) 
SHAPE_REPRESENTATION_RELATIONSHIP() );
#5074 = ITEM_DEFINED_TRANSFORMATION('','',#11,#1643);
#5075 = PRODUCT_DEFINITION_SHAPE('Placement','Placement of an item',
  #5076);
#5076 = NEXT_ASSEMBLY_USAGE_OCCURRENCE('408','=>[0:1:1:1]','',#5,#2023,$
  );
#5077 = CONTEXT_DEPENDENT_SHAPE_REPRESENTATION(#5078,#5080);
#5078 = ( REPRESENTATION_RELATIONSHIP('','',#2028,#10) 
REPRESENTATION_RELATIONSHIP_WITH_TRANSFORMATION(#5079) 
SHAPE_REPRESENTATION_RELATIONSHIP() );
#5079 = ITEM_DEFINED_TRANSFORMATION('','',#11,#1647);
#5080 = PRODUCT_DEFINITION_SHAPE('Placement','Placement of an item',
  #5081);
#5081 = NEXT_ASSEMBLY_USAGE_OCCURRENCE('409','=>[0:1:1:1]','',#5,#2023,$
  );
#5082 = CONTEXT_DEPENDENT_SHAPE_REPRESENTATION(#5083,#5085);
#5083 = ( REPRESENTATION_RELATIONSHIP('','',#2028,#10) 
REPRESENTATION_RELATIONSHIP_WITH_TRANSFORMATION(#5084) 
SHAPE_REPRESENTATION_RELATIONSHIP() );
#5084 = ITEM_DEFINED_TRANSFORMATION('','',#11,#1651);
#5085 = PRODUCT_DEFINITION_SHAPE('Placement','Placement of an item',
  #5086);
#5086 = NEXT_ASSEMBLY_USAGE_OCCURRENCE('410','=>[0:1:1:1]','',#5,#2023,$
  );
#5087 = CONTEXT_DEPENDENT_SHAPE_REPRESENTATION(#5088,#5090);
#5088 = ( REPRESENTATION_RELATIONSHIP('','',#2028,#10) 
REPRESENTATION_RELATIONSHIP_WITH_TRANSFORMATION(#5089) 
SHAPE_REPRESENTATION_RELATIONSHIP() );
#5089 = ITEM_DEFINED_TRANSFORMATION('','',#11,#1655);
#5090 = PRODUCT_DEFINITION_SHAPE('Placement','Placement of an item',
  #5091);
#5091 = NEXT_ASSEMBLY_USAGE_OCCURRENCE('411','=>[0:1:1:1]','',#5,#2023,$
  );
#5092 = CONTEXT_DEPENDENT_SHAPE_REPRESENTATION(#5093,#5095);
#5093 = ( REPRESENTATION_RELATIONSHIP('','',#2028,#10) 
REPRESENTATION_RELATIONSHIP_WITH_TRANSFORMATION(#5094) 
SHAPE_REPRESENTATION_RELATIONSHIP() );
#5094 = ITEM_DEFINED_TRANSFORMATION('','',#11,#1659);
#5095 = PRODUCT_DEFINITION_SHAPE('Placement','Placement of an item',
  #5096);
#5096 = NEXT_ASSEMBLY_USAGE_OCCURRENCE('412','=>[0:1:1:1]','',#5,#2023,$
  );
#5097 = CONTEXT_DEPENDENT_SHAPE_REPRESENTATION(#5098,#5100);
#5098 = ( REPRESENTATION_RELATIONSHIP('','',#2028,#10) 
REPRESENTATION_RELATIONSHIP_WITH_TRANSFORMATION(#5099) 
SHAPE_REPRESENTATION_RELATIONSHIP() );
#5099 = ITEM_DEFINED_TRANSFORMATION('','',#11,#1663);
#5100 = PRODUCT_DEFINITION_SHAPE('Placement','Placement of an item',
  #5101);
#5101 = NEXT_ASSEMBLY_USAGE_OCCURRENCE('413','=>[0:1:1:1]','',#5,#2023,$
  );
#5102 = CONTEXT_DEPENDENT_SHAPE_REPRESENTATION(#5103,#5105);
#5103 = ( REPRESENTATION_RELATIONSHIP('','',#2028,#10) 
REPRESENTATION_RELATIONSHIP_WITH_TRANSFORMATION(#5104) 
SHAPE_REPRESENTATION_RELATIONSHIP() );
#5104 = ITEM_DEFINED_TRANSFORMATION('','',#11,#1667);
#5105 = PRODUCT_DEFINITION_SHAPE('Placement','Placement of an item',
  #5106);
#5106 = NEXT_ASSEMBLY_USAGE_OCCURRENCE('414','=>[0:1:1:1]','',#5,#2023,$
  );
#5107 = CONTEXT_DEPENDENT_SHAPE_REPRESENTATION(#5108,#5110);
#5108 = ( REPRESENTATION_RELATIONSHIP('','',#2028,#10) 
REPRESENTATION_RELATIONSHIP_WITH_TRANSFORMATION(#5109) 
SHAPE_REPRESENTATION_RELATIONSHIP() );
#5109 = ITEM_DEFINED_TRANSFORMATION('','',#11,#1671);
#5110 = PRODUCT_DEFINITION_SHAPE('Placement','Placement of an item',
  #5111);
#5111 = NEXT_ASSEMBLY_USAGE_OCCURRENCE('415','=>[0:1:1:1]','',#5,#2023,$
  );
#5112 = CONTEXT_DEPENDENT_SHAPE_REPRESENTATION(#5113,#5115);
#5113 = ( REPRESENTATION_RELATIONSHIP('','',#2028,#10) 
REPRESENTATION_RELATIONSHIP_WITH_TRANSFORMATION(#5114) 
SHAPE_REPRESENTATION_RELATIONSHIP() );
#5114 = ITEM_DEFINED_TRANSFORMATION('','',#11,#1675);
#5115 = PRODUCT_DEFINITION_SHAPE('Placement','Placement of an item',
  #5116);
#5116 = NEXT_ASSEMBLY_USAGE_OCCURRENCE('416','=>[0:1:1:1]','',#5,#2023,$
  );
#5117 = CONTEXT_DEPENDENT_SHAPE_REPRESENTATION(#5118,#5120);
#5118 = ( REPRESENTATION_RELATIONSHIP('','',#2028,#10) 
REPRESENTATION_RELATIONSHIP_WITH_TRANSFORMATION(#5119) 
SHAPE_REPRESENTATION_RELATIONSHIP() );
#5119 = ITEM_DEFINED_TRANSFORMATION('','',#11,#1679);
#5120 = PRODUCT_DEFINITION_SHAPE('Placement','Placement of an item',
  #5121);
#5121 = NEXT_ASSEMBLY_USAGE_OCCURRENCE('417','=>[0:1:1:1]','',#5,#2023,$
  );
#5122 = CONTEXT_DEPENDENT_SHAPE_REPRESENTATION(#5123,#5125);
#5123 = ( REPRESENTATION_RELATIONSHIP('','',#2028,#10) 
REPRESENTATION_RELATIONSHIP_WITH_TRANSFORMATION(#5124) 
SHAPE_REPRESENTATION_RELATIONSHIP() );
#5124 = ITEM_DEFINED_TRANSFORMATION('','',#11,#1683);
#5125 = PRODUCT_DEFINITION_SHAPE('Placement','Placement of an item',
  #5126);
#5126 = NEXT_ASSEMBLY_USAGE_OCCURRENCE('418','=>[0:1:1:1]','',#5,#2023,$
  );
#5127 = CONTEXT_DEPENDENT_SHAPE_REPRESENTATION(#5128,#5130);
#5128 = ( REPRESENTATION_RELATIONSHIP('','',#2028,#10) 
REPRESENTATION_RELATIONSHIP_WITH_TRANSFORMATION(#5129) 
SHAPE_REPRESENTATION_RELATIONSHIP() );
#5129 = ITEM_DEFINED_TRANSFORMATION('','',#11,#1687);
#5130 = PRODUCT_DEFINITION_SHAPE('Placement','Placement of an item',
  #5131);
#5131 = NEXT_ASSEMBLY_USAGE_OCCURRENCE('419','=>[0:1:1:1]','',#5,#2023,$
  );
#5132 = CONTEXT_DEPENDENT_SHAPE_REPRESENTATION(#5133,#5135);
#5133 = ( REPRESENTATION_RELATIONSHIP('','',#2028,#10) 
REPRESENTATION_RELATIONSHIP_WITH_TRANSFORMATION(#5134) 
SHAPE_REPRESENTATION_RELATIONSHIP() );
#5134 = ITEM_DEFINED_TRANSFORMATION('','',#11,#1691);
#5135 = PRODUCT_DEFINITION_SHAPE('Placement','Placement of an item',
  #5136);
#5136 = NEXT_ASSEMBLY_USAGE_OCCURRENCE('420','=>[0:1:1:1]','',#5,#2023,$
  );
#5137 = CONTEXT_DEPENDENT_SHAPE_REPRESENTATION(#5138,#5140);
#5138 = ( REPRESENTATION_RELATIONSHIP('','',#2028,#10) 
REPRESENTATION_RELATIONSHIP_WITH_TRANSFORMATION(#5139) 
SHAPE_REPRESENTATION_RELATIONSHIP() );
#5139 = ITEM_DEFINED_TRANSFORMATION('','',#11,#1695);
#5140 = PRODUCT_DEFINITION_SHAPE('Placement','Placement of an item',
  #5141);
#5141 = NEXT_ASSEMBLY_USAGE_OCCURRENCE('421','=>[0:1:1:1]','',#5,#2023,$
  );
#5142 = CONTEXT_DEPENDENT_SHAPE_REPRESENTATION(#5143,#5145);
#5143 = ( REPRESENTATION_RELATIONSHIP('','',#2028,#10) 
REPRESENTATION_RELATIONSHIP_WITH_TRANSFORMATION(#5144) 
SHAPE_REPRESENTATION_RELATIONSHIP() );
#5144 = ITEM_DEFINED_TRANSFORMATION('','',#11,#1699);
#5145 = PRODUCT_DEFINITION_SHAPE('Placement','Placement of an item',
  #5146);
#5146 = NEXT_ASSEMBLY_USAGE_OCCURRENCE('422','=>[0:1:1:1]','',#5,#2023,$
  );
#5147 = CONTEXT_DEPENDENT_SHAPE_REPRESENTATION(#5148,#5150);
#5148 = ( REPRESENTATION_RELATIONSHIP('','',#2028,#10) 
REPRESENTATION_RELATIONSHIP_WITH_TRANSFORMATION(#5149) 
SHAPE_REPRESENTATION_RELATIONSHIP() );
#5149 = ITEM_DEFINED_TRANSFORMATION('','',#11,#1703);
#5150 = PRODUCT_DEFINITION_SHAPE('Placement','Placement of an item',
  #5151);
#5151 = NEXT_ASSEMBLY_USAGE_OCCURRENCE('423','=>[0:1:1:1]','',#5,#2023,$
  );
#5152 = CONTEXT_DEPENDENT_SHAPE_REPRESENTATION(#5153,#5155);
#5153 = ( REPRESENTATION_RELATIONSHIP('','',#2028,#10) 
REPRESENTATION_RELATIONSHIP_WITH_TRANSFORMATION(#5154) 
SHAPE_REPRESENTATION_RELATIONSHIP() );
#5154 = ITEM_DEFINED_TRANSFORMATION('','',#11,#1707);
#5155 = PRODUCT_DEFINITION_SHAPE('Placement','Placement of an item',
  #5156);
#5156 = NEXT_ASSEMBLY_USAGE_OCCURRENCE('424','=>[0:1:1:1]','',#5,#2023,$
  );
#5157 = CONTEXT_DEPENDENT_SHAPE_REPRESENTATION(#5158,#5160);
#5158 = ( REPRESENTATION_RELATIONSHIP('','',#2028,#10) 
REPRESENTATION_RELATIONSHIP_WITH_TRANSFORMATION(#5159) 
SHAPE_REPRESENTATION_RELATIONSHIP() );
#5159 = ITEM_DEFINED_TRANSFORMATION('','',#11,#1711);
#5160 = PRODUCT_DEFINITION_SHAPE('Placement','Placement of an item',
  #5161);
#5161 = NEXT_ASSEMBLY_USAGE_OCCURRENCE('425','=>[0:1:1:1]','',#5,#2023,$
  );
#5162 = CONTEXT_DEPENDENT_SHAPE_REPRESENTATION(#5163,#5165);
#5163 = ( REPRESENTATION_RELATIONSHIP('','',#2028,#10) 
REPRESENTATION_RELATIONSHIP_WITH_TRANSFORMATION(#5164) 
SHAPE_REPRESENTATION_RELATIONSHIP() );
#5164 = ITEM_DEFINED_TRANSFORMATION('','',#11,#1715);
#5165 = PRODUCT_DEFINITION_SHAPE('Placement','Placement of an item',
  #5166);
#5166 = NEXT_ASSEMBLY_USAGE_OCCURRENCE('426','=>[0:1:1:1]','',#5,#2023,$
  );
#5167 = CONTEXT_DEPENDENT_SHAPE_REPRESENTATION(#5168,#5170);
#5168 = ( REPRESENTATION_RELATIONSHIP('','',#2028,#10) 
REPRESENTATION_RELATIONSHIP_WITH_TRANSFORMATION(#5169) 
SHAPE_REPRESENTATION_RELATIONSHIP() );
#5169 = ITEM_DEFINED_TRANSFORMATION('','',#11,#1719);
#5170 = PRODUCT_DEFINITION_SHAPE('Placement','Placement of an item',
  #5171);
#5171 = NEXT_ASSEMBLY_USAGE_OCCURRENCE('427','=>[0:1:1:1]','',#5,#2023,$
  );
#5172 = CONTEXT_DEPENDENT_SHAPE_REPRESENTATION(#5173,#5175);
#5173 = ( REPRESENTATION_RELATIONSHIP('','',#2028,#10) 
REPRESENTATION_RELATIONSHIP_WITH_TRANSFORMATION(#5174) 
SHAPE_REPRESENTATION_RELATIONSHIP() );
#5174 = ITEM_DEFINED_TRANSFORMATION('','',#11,#1723);
#5175 = PRODUCT_DEFINITION_SHAPE('Placement','Placement of an item',
  #5176);
#5176 = NEXT_ASSEMBLY_USAGE_OCCURRENCE('428','=>[0:1:1:1]','',#5,#2023,$
  );
#5177 = CONTEXT_DEPENDENT_SHAPE_REPRESENTATION(#5178,#5180);
#5178 = ( REPRESENTATION_RELATIONSHIP('','',#2028,#10) 
REPRESENTATION_RELATIONSHIP_WITH_TRANSFORMATION(#5179) 
SHAPE_REPRESENTATION_RELATIONSHIP() );
#5179 = ITEM_DEFINED_TRANSFORMATION('','',#11,#1727);
#5180 = PRODUCT_DEFINITION_SHAPE('Placement','Placement of an item',
  #5181);
#5181 = NEXT_ASSEMBLY_USAGE_OCCURRENCE('429','=>[0:1:1:1]','',#5,#2023,$
  );
#5182 = CONTEXT_DEPENDENT_SHAPE_REPRESENTATION(#5183,#5185);
#5183 = ( REPRESENTATION_RELATIONSHIP('','',#2028,#10) 
REPRESENTATION_RELATIONSHIP_WITH_TRANSFORMATION(#5184) 
SHAPE_REPRESENTATION_RELATIONSHIP() );
#5184 = ITEM_DEFINED_TRANSFORMATION('','',#11,#1731);
#5185 = PRODUCT_DEFINITION_SHAPE('Placement','Placement of an item',
  #5186);
#5186 = NEXT_ASSEMBLY_USAGE_OCCURRENCE('430','=>[0:1:1:1]','',#5,#2023,$
  );
#5187 = CONTEXT_DEPENDENT_SHAPE_REPRESENTATION(#5188,#5190);
#5188 = ( REPRESENTATION_RELATIONSHIP('','',#2028,#10) 
REPRESENTATION_RELATIONSHIP_WITH_TRANSFORMATION(#5189) 
SHAPE_REPRESENTATION_RELATIONSHIP() );
#5189 = ITEM_DEFINED_TRANSFORMATION('','',#11,#1735);
#5190 = PRODUCT_DEFINITION_SHAPE('Placement','Placement of an item',
  #5191);
#5191 = NEXT_ASSEMBLY_USAGE_OCCURRENCE('431','=>[0:1:1:1]','',#5,#2023,$
  );
#5192 = CONTEXT_DEPENDENT_SHAPE_REPRESENTATION(#5193,#5195);
#5193 = ( REPRESENTATION_RELATIONSHIP('','',#2028,#10) 
REPRESENTATION_RELATIONSHIP_WITH_TRANSFORMATION(#5194) 
SHAPE_REPRESENTATION_RELATIONSHIP() );
#5194 = ITEM_DEFINED_TRANSFORMATION('','',#11,#1739);
#5195 = PRODUCT_DEFINITION_SHAPE('Placement','Placement of an item',
  #5196);
#5196 = NEXT_ASSEMBLY_USAGE_OCCURRENCE('432','=>[0:1:1:1]','',#5,#2023,$
  );
#5197 = CONTEXT_DEPENDENT_SHAPE_REPRESENTATION(#5198,#5200);
#5198 = ( REPRESENTATION_RELATIONSHIP('','',#2028,#10) 
REPRESENTATION_RELATIONSHIP_WITH_TRANSFORMATION(#5199) 
SHAPE_REPRESENTATION_RELATIONSHIP() );
#5199 = ITEM_DEFINED_TRANSFORMATION('','',#11,#1743);
#5200 = PRODUCT_DEFINITION_SHAPE('Placement','Placement of an item',
  #5201);
#5201 = NEXT_ASSEMBLY_USAGE_OCCURRENCE('433','=>[0:1:1:1]','',#5,#2023,$
  );
#5202 = CONTEXT_DEPENDENT_SHAPE_REPRESENTATION(#5203,#5205);
#5203 = ( REPRESENTATION_RELATIONSHIP('','',#2028,#10) 
REPRESENTATION_RELATIONSHIP_WITH_TRANSFORMATION(#5204) 
SHAPE_REPRESENTATION_RELATIONSHIP() );
#5204 = ITEM_DEFINED_TRANSFORMATION('','',#11,#1747);
#5205 = PRODUCT_DEFINITION_SHAPE('Placement','Placement of an item',
  #5206);
#5206 = NEXT_ASSEMBLY_USAGE_OCCURRENCE('434','=>[0:1:1:1]','',#5,#2023,$
  );
#5207 = CONTEXT_DEPENDENT_SHAPE_REPRESENTATION(#5208,#5210);
#5208 = ( REPRESENTATION_RELATIONSHIP('','',#2028,#10) 
REPRESENTATION_RELATIONSHIP_WITH_TRANSFORMATION(#5209) 
SHAPE_REPRESENTATION_RELATIONSHIP() );
#5209 = ITEM_DEFINED_TRANSFORMATION('','',#11,#1751);
#5210 = PRODUCT_DEFINITION_SHAPE('Placement','Placement of an item',
  #5211);
#5211 = NEXT_ASSEMBLY_USAGE_OCCURRENCE('435','=>[0:1:1:1]','',#5,#2023,$
  );
#5212 = CONTEXT_DEPENDENT_SHAPE_REPRESENTATION(#5213,#5215);
#5213 = ( REPRESENTATION_RELATIONSHIP('','',#2028,#10) 
REPRESENTATION_RELATIONSHIP_WITH_TRANSFORMATION(#5214) 
SHAPE_REPRESENTATION_RELATIONSHIP() );
#5214 = ITEM_DEFINED_TRANSFORMATION('','',#11,#1755);
#5215 = PRODUCT_DEFINITION_SHAPE('Placement','Placement of an item',
  #5216);
#5216 = NEXT_ASSEMBLY_USAGE_OCCURRENCE('436','=>[0:1:1:1]','',#5,#2023,$
  );
#5217 = CONTEXT_DEPENDENT_SHAPE_REPRESENTATION(#5218,#5220);
#5218 = ( REPRESENTATION_RELATIONSHIP('','',#2028,#10) 
REPRESENTATION_RELATIONSHIP_WITH_TRANSFORMATION(#5219) 
SHAPE_REPRESENTATION_RELATIONSHIP() );
#5219 = ITEM_DEFINED_TRANSFORMATION('','',#11,#1759);
#5220 = PRODUCT_DEFINITION_SHAPE('Placement','Placement of an item',
  #5221);
#5221 = NEXT_ASSEMBLY_USAGE_OCCURRENCE('437','=>[0:1:1:1]','',#5,#2023,$
  );
#5222 = CONTEXT_DEPENDENT_SHAPE_REPRESENTATION(#5223,#5225);
#5223 = ( REPRESENTATION_RELATIONSHIP('','',#2028,#10) 
REPRESENTATION_RELATIONSHIP_WITH_TRANSFORMATION(#5224) 
SHAPE_REPRESENTATION_RELATIONSHIP() );
#5224 = ITEM_DEFINED_TRANSFORMATION('','',#11,#1763);
#5225 = PRODUCT_DEFINITION_SHAPE('Placement','Placement of an item',
  #5226);
#5226 = NEXT_ASSEMBLY_USAGE_OCCURRENCE('438','=>[0:1:1:1]','',#5,#2023,$
  );
#5227 = CONTEXT_DEPENDENT_SHAPE_REPRESENTATION(#5228,#5230);
#5228 = ( REPRESENTATION_RELATIONSHIP('','',#2028,#10) 
REPRESENTATION_RELATIONSHIP_WITH_TRANSFORMATION(#5229) 
SHAPE_REPRESENTATION_RELATIONSHIP() );
#5229 = ITEM_DEFINED_TRANSFORMATION('','',#11,#1767);
#5230 = PRODUCT_DEFINITION_SHAPE('Placement','Placement of an item',
  #5231);
#5231 = NEXT_ASSEMBLY_USAGE_OCCURRENCE('439','=>[0:1:1:1]','',#5,#2023,$
  );
#5232 = CONTEXT_DEPENDENT_SHAPE_REPRESENTATION(#5233,#5235);
#5233 = ( REPRESENTATION_RELATIONSHIP('','',#2028,#10) 
REPRESENTATION_RELATIONSHIP_WITH_TRANSFORMATION(#5234) 
SHAPE_REPRESENTATION_RELATIONSHIP() );
#5234 = ITEM_DEFINED_TRANSFORMATION('','',#11,#1771);
#5235 = PRODUCT_DEFINITION_SHAPE('Placement','Placement of an item',
  #5236);
#5236 = NEXT_ASSEMBLY_USAGE_OCCURRENCE('440','=>[0:1:1:1]','',#5,#2023,$
  );
#5237 = CONTEXT_DEPENDENT_SHAPE_REPRESENTATION(#5238,#5240);
#5238 = ( REPRESENTATION_RELATIONSHIP('','',#2028,#10) 
REPRESENTATION_RELATIONSHIP_WITH_TRANSFORMATION(#5239) 
SHAPE_REPRESENTATION_RELATIONSHIP() );
#5239 = ITEM_DEFINED_TRANSFORMATION('','',#11,#1775);
#5240 = PRODUCT_DEFINITION_SHAPE('Placement','Placement of an item',
  #5241);
#5241 = NEXT_ASSEMBLY_USAGE_OCCURRENCE('441','=>[0:1:1:1]','',#5,#2023,$
  );
#5242 = CONTEXT_DEPENDENT_SHAPE_REPRESENTATION(#5243,#5245);
#5243 = ( REPRESENTATION_RELATIONSHIP('','',#2028,#10) 
REPRESENTATION_RELATIONSHIP_WITH_TRANSFORMATION(#5244) 
SHAPE_REPRESENTATION_RELATIONSHIP() );
#5244 = ITEM_DEFINED_TRANSFORMATION('','',#11,#1779);
#5245 = PRODUCT_DEFINITION_SHAPE('Placement','Placement of an item',
  #5246);
#5246 = NEXT_ASSEMBLY_USAGE_OCCURRENCE('442','=>[0:1:1:1]','',#5,#2023,$
  );
#5247 = CONTEXT_DEPENDENT_SHAPE_REPRESENTATION(#5248,#5250);
#5248 = ( REPRESENTATION_RELATIONSHIP('','',#2028,#10) 
REPRESENTATION_RELATIONSHIP_WITH_TRANSFORMATION(#5249) 
SHAPE_REPRESENTATION_RELATIONSHIP() );
#5249 = ITEM_DEFINED_TRANSFORMATION('','',#11,#1783);
#5250 = PRODUCT_DEFINITION_SHAPE('Placement','Placement of an item',
  #5251);
#5251 = NEXT_ASSEMBLY_USAGE_OCCURRENCE('443','=>[0:1:1:1]','',#5,#2023,$
  );
#5252 = CONTEXT_DEPENDENT_SHAPE_REPRESENTATION(#5253,#5255);
#5253 = ( REPRESENTATION_RELATIONSHIP('','',#2028,#10) 
REPRESENTATION_RELATIONSHIP_WITH_TRANSFORMATION(#5254) 
SHAPE_REPRESENTATION_RELATIONSHIP() );
#5254 = ITEM_DEFINED_TRANSFORMATION('','',#11,#1787);
#5255 = PRODUCT_DEFINITION_SHAPE('Placement','Placement of an item',
  #5256);
#5256 = NEXT_ASSEMBLY_USAGE_OCCURRENCE('444','=>[0:1:1:1]','',#5,#2023,$
  );
#5257 = CONTEXT_DEPENDENT_SHAPE_REPRESENTATION(#5258,#5260);
#5258 = ( REPRESENTATION_RELATIONSHIP('','',#2028,#10) 
REPRESENTATION_RELATIONSHIP_WITH_TRANSFORMATION(#5259) 
SHAPE_REPRESENTATION_RELATIONSHIP() );
#5259 = ITEM_DEFINED_TRANSFORMATION('','',#11,#1791);
#5260 = PRODUCT_DEFINITION_SHAPE('Placement','Placement of an item',
  #5261);
#5261 = NEXT_ASSEMBLY_USAGE_OCCURRENCE('445','=>[0:1:1:1]','',#5,#2023,$
  );
#5262 = CONTEXT_DEPENDENT_SHAPE_REPRESENTATION(#5263,#5265);
#5263 = ( REPRESENTATION_RELATIONSHIP('','',#2028,#10) 
REPRESENTATION_RELATIONSHIP_WITH_TRANSFORMATION(#5264) 
SHAPE_REPRESENTATION_RELATIONSHIP() );
#5264 = ITEM_DEFINED_TRANSFORMATION('','',#11,#1795);
#5265 = PRODUCT_DEFINITION_SHAPE('Placement','Placement of an item',
  #5266);
#5266 = NEXT_ASSEMBLY_USAGE_OCCURRENCE('446','=>[0:1:1:1]','',#5,#2023,$
  );
#5267 = CONTEXT_DEPENDENT_SHAPE_REPRESENTATION(#5268,#5270);
#5268 = ( REPRESENTATION_RELATIONSHIP('','',#2028,#10) 
REPRESENTATION_RELATIONSHIP_WITH_TRANSFORMATION(#5269) 
SHAPE_REPRESENTATION_RELATIONSHIP() );
#5269 = ITEM_DEFINED_TRANSFORMATION('','',#11,#1799);
#5270 = PRODUCT_DEFINITION_SHAPE('Placement','Placement of an item',
  #5271);
#5271 = NEXT_ASSEMBLY_USAGE_OCCURRENCE('447','=>[0:1:1:1]','',#5,#2023,$
  );
#5272 = CONTEXT_DEPENDENT_SHAPE_REPRESENTATION(#5273,#5275);
#5273 = ( REPRESENTATION_RELATIONSHIP('','',#2028,#10) 
REPRESENTATION_RELATIONSHIP_WITH_TRANSFORMATION(#5274) 
SHAPE_REPRESENTATION_RELATIONSHIP() );
#5274 = ITEM_DEFINED_TRANSFORMATION('','',#11,#1803);
#5275 = PRODUCT_DEFINITION_SHAPE('Placement','Placement of an item',
  #5276);
#5276 = NEXT_ASSEMBLY_USAGE_OCCURRENCE('448','=>[0:1:1:1]','',#5,#2023,$
  );
#5277 = CONTEXT_DEPENDENT_SHAPE_REPRESENTATION(#5278,#5280);
#5278 = ( REPRESENTATION_RELATIONSHIP('','',#2028,#10) 
REPRESENTATION_RELATIONSHIP_WITH_TRANSFORMATION(#5279) 
SHAPE_REPRESENTATION_RELATIONSHIP() );
#5279 = ITEM_DEFINED_TRANSFORMATION('','',#11,#1807);
#5280 = PRODUCT_DEFINITION_SHAPE('Placement','Placement of an item',
  #5281);
#5281 = NEXT_ASSEMBLY_USAGE_OCCURRENCE('449','=>[0:1:1:1]','',#5,#2023,$
  );
#5282 = CONTEXT_DEPENDENT_SHAPE_REPRESENTATION(#5283,#5285);
#5283 = ( REPRESENTATION_RELATIONSHIP('','',#2028,#10) 
REPRESENTATION_RELATIONSHIP_WITH_TRANSFORMATION(#5284) 
SHAPE_REPRESENTATION_RELATIONSHIP() );
#5284 = ITEM_DEFINED_TRANSFORMATION('','',#11,#1811);
#5285 = PRODUCT_DEFINITION_SHAPE('Placement','Placement of an item',
  #5286);
#5286 = NEXT_ASSEMBLY_USAGE_OCCURRENCE('450','=>[0:1:1:1]','',#5,#2023,$
  );
#5287 = CONTEXT_DEPENDENT_SHAPE_REPRESENTATION(#5288,#5290);
#5288 = ( REPRESENTATION_RELATIONSHIP('','',#2028,#10) 
REPRESENTATION_RELATIONSHIP_WITH_TRANSFORMATION(#5289) 
SHAPE_REPRESENTATION_RELATIONSHIP() );
#5289 = ITEM_DEFINED_TRANSFORMATION('','',#11,#1815);
#5290 = PRODUCT_DEFINITION_SHAPE('Placement','Placement of an item',
  #5291);
#5291 = NEXT_ASSEMBLY_USAGE_OCCURRENCE('451','=>[0:1:1:1]','',#5,#2023,$
  );
#5292 = CONTEXT_DEPENDENT_SHAPE_REPRESENTATION(#5293,#5295);
#5293 = ( REPRESENTATION_RELATIONSHIP('','',#2028,#10) 
REPRESENTATION_RELATIONSHIP_WITH_TRANSFORMATION(#5294) 
SHAPE_REPRESENTATION_RELATIONSHIP() );
#5294 = ITEM_DEFINED_TRANSFORMATION('','',#11,#1819);
#5295 = PRODUCT_DEFINITION_SHAPE('Placement','Placement of an item',
  #5296);
#5296 = NEXT_ASSEMBLY_USAGE_OCCURRENCE('452','=>[0:1:1:1]','',#5,#2023,$
  );
#5297 = CONTEXT_DEPENDENT_SHAPE_REPRESENTATION(#5298,#5300);
#5298 = ( REPRESENTATION_RELATIONSHIP('','',#2028,#10) 
REPRESENTATION_RELATIONSHIP_WITH_TRANSFORMATION(#5299) 
SHAPE_REPRESENTATION_RELATIONSHIP() );
#5299 = ITEM_DEFINED_TRANSFORMATION('','',#11,#1823);
#5300 = PRODUCT_DEFINITION_SHAPE('Placement','Placement of an item',
  #5301);
#5301 = NEXT_ASSEMBLY_USAGE_OCCURRENCE('453','=>[0:1:1:1]','',#5,#2023,$
  );
#5302 = CONTEXT_DEPENDENT_SHAPE_REPRESENTATION(#5303,#5305);
#5303 = ( REPRESENTATION_RELATIONSHIP('','',#2028,#10) 
REPRESENTATION_RELATIONSHIP_WITH_TRANSFORMATION(#5304) 
SHAPE_REPRESENTATION_RELATIONSHIP() );
#5304 = ITEM_DEFINED_TRANSFORMATION('','',#11,#1827);
#5305 = PRODUCT_DEFINITION_SHAPE('Placement','Placement of an item',
  #5306);
#5306 = NEXT_ASSEMBLY_USAGE_OCCURRENCE('454','=>[0:1:1:1]','',#5,#2023,$
  );
#5307 = CONTEXT_DEPENDENT_SHAPE_REPRESENTATION(#5308,#5310);
#5308 = ( REPRESENTATION_RELATIONSHIP('','',#2028,#10) 
REPRESENTATION_RELATIONSHIP_WITH_TRANSFORMATION(#5309) 
SHAPE_REPRESENTATION_RELATIONSHIP() );
#5309 = ITEM_DEFINED_TRANSFORMATION('','',#11,#1831);
#5310 = PRODUCT_DEFINITION_SHAPE('Placement','Placement of an item',
  #5311);
#5311 = NEXT_ASSEMBLY_USAGE_OCCURRENCE('455','=>[0:1:1:1]','',#5,#2023,$
  );
#5312 = CONTEXT_DEPENDENT_SHAPE_REPRESENTATION(#5313,#5315);
#5313 = ( REPRESENTATION_RELATIONSHIP('','',#2028,#10) 
REPRESENTATION_RELATIONSHIP_WITH_TRANSFORMATION(#5314) 
SHAPE_REPRESENTATION_RELATIONSHIP() );
#5314 = ITEM_DEFINED_TRANSFORMATION('','',#11,#1835);
#5315 = PRODUCT_DEFINITION_SHAPE('Placement','Placement of an item',
  #5316);
#5316 = NEXT_ASSEMBLY_USAGE_OCCURRENCE('456','=>[0:1:1:1]','',#5,#2023,$
  );
#5317 = CONTEXT_DEPENDENT_SHAPE_REPRESENTATION(#5318,#5320);
#5318 = ( REPRESENTATION_RELATIONSHIP('','',#2028,#10) 
REPRESENTATION_RELATIONSHIP_WITH_TRANSFORMATION(#5319) 
SHAPE_REPRESENTATION_RELATIONSHIP() );
#5319 = ITEM_DEFINED_TRANSFORMATION('','',#11,#1839);
#5320 = PRODUCT_DEFINITION_SHAPE('Placement','Placement of an item',
  #5321);
#5321 = NEXT_ASSEMBLY_USAGE_OCCURRENCE('457','=>[0:1:1:1]','',#5,#2023,$
  );
#5322 = CONTEXT_DEPENDENT_SHAPE_REPRESENTATION(#5323,#5325);
#5323 = ( REPRESENTATION_RELATIONSHIP('','',#2028,#10) 
REPRESENTATION_RELATIONSHIP_WITH_TRANSFORMATION(#5324) 
SHAPE_REPRESENTATION_RELATIONSHIP() );
#5324 = ITEM_DEFINED_TRANSFORMATION('','',#11,#1843);
#5325 = PRODUCT_DEFINITION_SHAPE('Placement','Placement of an item',
  #5326);
#5326 = NEXT_ASSEMBLY_USAGE_OCCURRENCE('458','=>[0:1:1:1]','',#5,#2023,$
  );
#5327 = CONTEXT_DEPENDENT_SHAPE_REPRESENTATION(#5328,#5330);
#5328 = ( REPRESENTATION_RELATIONSHIP('','',#2028,#10) 
REPRESENTATION_RELATIONSHIP_WITH_TRANSFORMATION(#5329) 
SHAPE_REPRESENTATION_RELATIONSHIP() );
#5329 = ITEM_DEFINED_TRANSFORMATION('','',#11,#1847);
#5330 = PRODUCT_DEFINITION_SHAPE('Placement','Placement of an item',
  #5331);
#5331 = NEXT_ASSEMBLY_USAGE_OCCURRENCE('459','=>[0:1:1:1]','',#5,#2023,$
  );
#5332 = CONTEXT_DEPENDENT_SHAPE_REPRESENTATION(#5333,#5335);
#5333 = ( REPRESENTATION_RELATIONSHIP('','',#2028,#10) 
REPRESENTATION_RELATIONSHIP_WITH_TRANSFORMATION(#5334) 
SHAPE_REPRESENTATION_RELATIONSHIP() );
#5334 = ITEM_DEFINED_TRANSFORMATION('','',#11,#1851);
#5335 = PRODUCT_DEFINITION_SHAPE('Placement','Placement of an item',
  #5336);
#5336 = NEXT_ASSEMBLY_USAGE_OCCURRENCE('460','=>[0:1:1:1]','',#5,#2023,$
  );
#5337 = CONTEXT_DEPENDENT_SHAPE_REPRESENTATION(#5338,#5340);
#5338 = ( REPRESENTATION_RELATIONSHIP('','',#2028,#10) 
REPRESENTATION_RELATIONSHIP_WITH_TRANSFORMATION(#5339) 
SHAPE_REPRESENTATION_RELATIONSHIP() );
#5339 = ITEM_DEFINED_TRANSFORMATION('','',#11,#1855);
#5340 = PRODUCT_DEFINITION_SHAPE('Placement','Placement of an item',
  #5341);
#5341 = NEXT_ASSEMBLY_USAGE_OCCURRENCE('461','=>[0:1:1:1]','',#5,#2023,$
  );
#5342 = CONTEXT_DEPENDENT_SHAPE_REPRESENTATION(#5343,#5345);
#5343 = ( REPRESENTATION_RELATIONSHIP('','',#2028,#10) 
REPRESENTATION_RELATIONSHIP_WITH_TRANSFORMATION(#5344) 
SHAPE_REPRESENTATION_RELATIONSHIP() );
#5344 = ITEM_DEFINED_TRANSFORMATION('','',#11,#1859);
#5345 = PRODUCT_DEFINITION_SHAPE('Placement','Placement of an item',
  #5346);
#5346 = NEXT_ASSEMBLY_USAGE_OCCURRENCE('462','=>[0:1:1:1]','',#5,#2023,$
  );
#5347 = CONTEXT_DEPENDENT_SHAPE_REPRESENTATION(#5348,#5350);
#5348 = ( REPRESENTATION_RELATIONSHIP('','',#2028,#10) 
REPRESENTATION_RELATIONSHIP_WITH_TRANSFORMATION(#5349) 
SHAPE_REPRESENTATION_RELATIONSHIP() );
#5349 = ITEM_DEFINED_TRANSFORMATION('','',#11,#1863);
#5350 = PRODUCT_DEFINITION_SHAPE('Placement','Placement of an item',
  #5351);
#5351 = NEXT_ASSEMBLY_USAGE_OCCURRENCE('463','=>[0:1:1:1]','',#5,#2023,$
  );
#5352 = CONTEXT_DEPENDENT_SHAPE_REPRESENTATION(#5353,#5355);
#5353 = ( REPRESENTATION_RELATIONSHIP('','',#2028,#10) 
REPRESENTATION_RELATIONSHIP_WITH_TRANSFORMATION(#5354) 
SHAPE_REPRESENTATION_RELATIONSHIP() );
#5354 = ITEM_DEFINED_TRANSFORMATION('','',#11,#1867);
#5355 = PRODUCT_DEFINITION_SHAPE('Placement','Placement of an item',
  #5356);
#5356 = NEXT_ASSEMBLY_USAGE_OCCURRENCE('464','=>[0:1:1:1]','',#5,#2023,$
  );
#5357 = CONTEXT_DEPENDENT_SHAPE_REPRESENTATION(#5358,#5360);
#5358 = ( REPRESENTATION_RELATIONSHIP('','',#2028,#10) 
REPRESENTATION_RELATIONSHIP_WITH_TRANSFORMATION(#5359) 
SHAPE_REPRESENTATION_RELATIONSHIP() );
#5359 = ITEM_DEFINED_TRANSFORMATION('','',#11,#1871);
#5360 = PRODUCT_DEFINITION_SHAPE('Placement','Placement of an item',
  #5361);
#5361 = NEXT_ASSEMBLY_USAGE_OCCURRENCE('465','=>[0:1:1:1]','',#5,#2023,$
  );
#5362 = CONTEXT_DEPENDENT_SHAPE_REPRESENTATION(#5363,#5365);
#5363 = ( REPRESENTATION_RELATIONSHIP('','',#2028,#10) 
REPRESENTATION_RELATIONSHIP_WITH_TRANSFORMATION(#5364) 
SHAPE_REPRESENTATION_RELATIONSHIP() );
#5364 = ITEM_DEFINED_TRANSFORMATION('','',#11,#1875);
#5365 = PRODUCT_DEFINITION_SHAPE('Placement','Placement of an item',
  #5366);
#5366 = NEXT_ASSEMBLY_USAGE_OCCURRENCE('466','=>[0:1:1:1]','',#5,#2023,$
  );
#5367 = CONTEXT_DEPENDENT_SHAPE_REPRESENTATION(#5368,#5370);
#5368 = ( REPRESENTATION_RELATIONSHIP('','',#2028,#10) 
REPRESENTATION_RELATIONSHIP_WITH_TRANSFORMATION(#5369) 
SHAPE_REPRESENTATION_RELATIONSHIP() );
#5369 = ITEM_DEFINED_TRANSFORMATION('','',#11,#1879);
#5370 = PRODUCT_DEFINITION_SHAPE('Placement','Placement of an item',
  #5371);
#5371 = NEXT_ASSEMBLY_USAGE_OCCURRENCE('467','=>[0:1:1:1]','',#5,#2023,$
  );
#5372 = CONTEXT_DEPENDENT_SHAPE_REPRESENTATION(#5373,#5375);
#5373 = ( REPRESENTATION_RELATIONSHIP('','',#2028,#10) 
REPRESENTATION_RELATIONSHIP_WITH_TRANSFORMATION(#5374) 
SHAPE_REPRESENTATION_RELATIONSHIP() );
#5374 = ITEM_DEFINED_TRANSFORMATION('','',#11,#1883);
#5375 = PRODUCT_DEFINITION_SHAPE('Placement','Placement of an item',
  #5376);
#5376 = NEXT_ASSEMBLY_USAGE_OCCURRENCE('468','=>[0:1:1:1]','',#5,#2023,$
  );
#5377 = CONTEXT_DEPENDENT_SHAPE_REPRESENTATION(#5378,#5380);
#5378 = ( REPRESENTATION_RELATIONSHIP('','',#2028,#10) 
REPRESENTATION_RELATIONSHIP_WITH_TRANSFORMATION(#5379) 
SHAPE_REPRESENTATION_RELATIONSHIP() );
#5379 = ITEM_DEFINED_TRANSFORMATION('','',#11,#1887);
#5380 = PRODUCT_DEFINITION_SHAPE('Placement','Placement of an item',
  #5381);
#5381 = NEXT_ASSEMBLY_USAGE_OCCURRENCE('469','=>[0:1:1:1]','',#5,#2023,$
  );
#5382 = CONTEXT_DEPENDENT_SHAPE_REPRESENTATION(#5383,#5385);
#5383 = ( REPRESENTATION_RELATIONSHIP('','',#2028,#10) 
REPRESENTATION_RELATIONSHIP_WITH_TRANSFORMATION(#5384) 
SHAPE_REPRESENTATION_RELATIONSHIP() );
#5384 = ITEM_DEFINED_TRANSFORMATION('','',#11,#1891);
#5385 = PRODUCT_DEFINITION_SHAPE('Placement','Placement of an item',
  #5386);
#5386 = NEXT_ASSEMBLY_USAGE_OCCURRENCE('470','=>[0:1:1:1]','',#5,#2023,$
  );
#5387 = CONTEXT_DEPENDENT_SHAPE_REPRESENTATION(#5388,#5390);
#5388 = ( REPRESENTATION_RELATIONSHIP('','',#2028,#10) 
REPRESENTATION_RELATIONSHIP_WITH_TRANSFORMATION(#5389) 
SHAPE_REPRESENTATION_RELATIONSHIP() );
#5389 = ITEM_DEFINED_TRANSFORMATION('','',#11,#1895);
#5390 = PRODUCT_DEFINITION_SHAPE('Placement','Placement of an item',
  #5391);
#5391 = NEXT_ASSEMBLY_USAGE_OCCURRENCE('471','=>[0:1:1:1]','',#5,#2023,$
  );
#5392 = CONTEXT_DEPENDENT_SHAPE_REPRESENTATION(#5393,#5395);
#5393 = ( REPRESENTATION_RELATIONSHIP('','',#2028,#10) 
REPRESENTATION_RELATIONSHIP_WITH_TRANSFORMATION(#5394) 
SHAPE_REPRESENTATION_RELATIONSHIP() );
#5394 = ITEM_DEFINED_TRANSFORMATION('','',#11,#1899);
#5395 = PRODUCT_DEFINITION_SHAPE('Placement','Placement of an item',
  #5396);
#5396 = NEXT_ASSEMBLY_USAGE_OCCURRENCE('472','=>[0:1:1:1]','',#5,#2023,$
  );
#5397 = CONTEXT_DEPENDENT_SHAPE_REPRESENTATION(#5398,#5400);
#5398 = ( REPRESENTATION_RELATIONSHIP('','',#2028,#10) 
REPRESENTATION_RELATIONSHIP_WITH_TRANSFORMATION(#5399) 
SHAPE_REPRESENTATION_RELATIONSHIP() );
#5399 = ITEM_DEFINED_TRANSFORMATION('','',#11,#1903);
#5400 = PRODUCT_DEFINITION_SHAPE('Placement','Placement of an item',
  #5401);
#5401 = NEXT_ASSEMBLY_USAGE_OCCURRENCE('473','=>[0:1:1:1]','',#5,#2023,$
  );
#5402 = CONTEXT_DEPENDENT_SHAPE_REPRESENTATION(#5403,#5405);
#5403 = ( REPRESENTATION_RELATIONSHIP('','',#2028,#10) 
REPRESENTATION_RELATIONSHIP_WITH_TRANSFORMATION(#5404) 
SHAPE_REPRESENTATION_RELATIONSHIP() );
#5404 = ITEM_DEFINED_TRANSFORMATION('','',#11,#1907);
#5405 = PRODUCT_DEFINITION_SHAPE('Placement','Placement of an item',
  #5406);
#5406 = NEXT_ASSEMBLY_USAGE_OCCURRENCE('474','=>[0:1:1:1]','',#5,#2023,$
  );
#5407 = CONTEXT_DEPENDENT_SHAPE_REPRESENTATION(#5408,#5410);
#5408 = ( REPRESENTATION_RELATIONSHIP('','',#2028,#10) 
REPRESENTATION_RELATIONSHIP_WITH_TRANSFORMATION(#5409) 
SHAPE_REPRESENTATION_RELATIONSHIP() );
#5409 = ITEM_DEFINED_TRANSFORMATION('','',#11,#1911);
#5410 = PRODUCT_DEFINITION_SHAPE('Placement','Placement of an item',
  #5411);
#5411 = NEXT_ASSEMBLY_USAGE_OCCURRENCE('475','=>[0:1:1:1]','',#5,#2023,$
  );
#5412 = CONTEXT_DEPENDENT_SHAPE_REPRESENTATION(#5413,#5415);
#5413 = ( REPRESENTATION_RELATIONSHIP('','',#2028,#10) 
REPRESENTATION_RELATIONSHIP_WITH_TRANSFORMATION(#5414) 
SHAPE_REPRESENTATION_RELATIONSHIP() );
#5414 = ITEM_DEFINED_TRANSFORMATION('','',#11,#1915);
#5415 = PRODUCT_DEFINITION_SHAPE('Placement','Placement of an item',
  #5416);
#5416 = NEXT_ASSEMBLY_USAGE_OCCURRENCE('476','=>[0:1:1:1]','',#5,#2023,$
  );
#5417 = CONTEXT_DEPENDENT_SHAPE_REPRESENTATION(#5418,#5420);
#5418 = ( REPRESENTATION_RELATIONSHIP('','',#2028,#10) 
REPRESENTATION_RELATIONSHIP_WITH_TRANSFORMATION(#5419) 
SHAPE_REPRESENTATION_RELATIONSHIP() );
#5419 = ITEM_DEFINED_TRANSFORMATION('','',#11,#1919);
#5420 = PRODUCT_DEFINITION_SHAPE('Placement','Placement of an item',
  #5421);
#5421 = NEXT_ASSEMBLY_USAGE_OCCURRENCE('477','=>[0:1:1:1]','',#5,#2023,$
  );
#5422 = CONTEXT_DEPENDENT_SHAPE_REPRESENTATION(#5423,#5425);
#5423 = ( REPRESENTATION_RELATIONSHIP('','',#2028,#10) 
REPRESENTATION_RELATIONSHIP_WITH_TRANSFORMATION(#5424) 
SHAPE_REPRESENTATION_RELATIONSHIP() );
#5424 = ITEM_DEFINED_TRANSFORMATION('','',#11,#1923);
#5425 = PRODUCT_DEFINITION_SHAPE('Placement','Placement of an item',
  #5426);
#5426 = NEXT_ASSEMBLY_USAGE_OCCURRENCE('478','=>[0:1:1:1]','',#5,#2023,$
  );
#5427 = CONTEXT_DEPENDENT_SHAPE_REPRESENTATION(#5428,#5430);
#5428 = ( REPRESENTATION_RELATIONSHIP('','',#2028,#10) 
REPRESENTATION_RELATIONSHIP_WITH_TRANSFORMATION(#5429) 
SHAPE_REPRESENTATION_RELATIONSHIP() );
#5429 = ITEM_DEFINED_TRANSFORMATION('','',#11,#1927);
#5430 = PRODUCT_DEFINITION_SHAPE('Placement','Placement of an item',
  #5431);
#5431 = NEXT_ASSEMBLY_USAGE_OCCURRENCE('479','=>[0:1:1:1]','',#5,#2023,$
  );
#5432 = CONTEXT_DEPENDENT_SHAPE_REPRESENTATION(#5433,#5435);
#5433 = ( REPRESENTATION_RELATIONSHIP('','',#2028,#10) 
REPRESENTATION_RELATIONSHIP_WITH_TRANSFORMATION(#5434) 
SHAPE_REPRESENTATION_RELATIONSHIP() );
#5434 = ITEM_DEFINED_TRANSFORMATION('','',#11,#1931);
#5435 = PRODUCT_DEFINITION_SHAPE('Placement','Placement of an item',
  #5436);
#5436 = NEXT_ASSEMBLY_USAGE_OCCURRENCE('480','=>[0:1:1:1]','',#5,#2023,$
  );
#5437 = CONTEXT_DEPENDENT_SHAPE_REPRESENTATION(#5438,#5440);
#5438 = ( REPRESENTATION_RELATIONSHIP('','',#2028,#10) 
REPRESENTATION_RELATIONSHIP_WITH_TRANSFORMATION(#5439) 
SHAPE_REPRESENTATION_RELATIONSHIP() );
#5439 = ITEM_DEFINED_TRANSFORMATION('','',#11,#1935);
#5440 = PRODUCT_DEFINITION_SHAPE('Placement','Placement of an item',
  #5441);
#5441 = NEXT_ASSEMBLY_USAGE_OCCURRENCE('481','=>[0:1:1:1]','',#5,#2023,$
  );
#5442 = CONTEXT_DEPENDENT_SHAPE_REPRESENTATION(#5443,#5445);
#5443 = ( REPRESENTATION_RELATIONSHIP('','',#2028,#10) 
REPRESENTATION_RELATIONSHIP_WITH_TRANSFORMATION(#5444) 
SHAPE_REPRESENTATION_RELATIONSHIP() );
#5444 = ITEM_DEFINED_TRANSFORMATION('','',#11,#1939);
#5445 = PRODUCT_DEFINITION_SHAPE('Placement','Placement of an item',
  #5446);
#5446 = NEXT_ASSEMBLY_USAGE_OCCURRENCE('482','=>[0:1:1:1]','',#5,#2023,$
  );
#5447 = CONTEXT_DEPENDENT_SHAPE_REPRESENTATION(#5448,#5450);
#5448 = ( REPRESENTATION_RELATIONSHIP('','',#2028,#10) 
REPRESENTATION_RELATIONSHIP_WITH_TRANSFORMATION(#5449) 
SHAPE_REPRESENTATION_RELATIONSHIP() );
#5449 = ITEM_DEFINED_TRANSFORMATION('','',#11,#1943);
#5450 = PRODUCT_DEFINITION_SHAPE('Placement','Placement of an item',
  #5451);
#5451 = NEXT_ASSEMBLY_USAGE_OCCURRENCE('483','=>[0:1:1:1]','',#5,#2023,$
  );
#5452 = CONTEXT_DEPENDENT_SHAPE_REPRESENTATION(#5453,#5455);
#5453 = ( REPRESENTATION_RELATIONSHIP('','',#2028,#10) 
REPRESENTATION_RELATIONSHIP_WITH_TRANSFORMATION(#5454) 
SHAPE_REPRESENTATION_RELATIONSHIP() );
#5454 = ITEM_DEFINED_TRANSFORMATION('','',#11,#1947);
#5455 = PRODUCT_DEFINITION_SHAPE('Placement','Placement of an item',
  #5456);
#5456 = NEXT_ASSEMBLY_USAGE_OCCURRENCE('484','=>[0:1:1:1]','',#5,#2023,$
  );
#5457 = CONTEXT_DEPENDENT_SHAPE_REPRESENTATION(#5458,#5460);
#5458 = ( REPRESENTATION_RELATIONSHIP('','',#2028,#10) 
REPRESENTATION_RELATIONSHIP_WITH_TRANSFORMATION(#5459) 
SHAPE_REPRESENTATION_RELATIONSHIP() );
#5459 = ITEM_DEFINED_TRANSFORMATION('','',#11,#1951);
#5460 = PRODUCT_DEFINITION_SHAPE('Placement','Placement of an item',
  #5461);
#5461 = NEXT_ASSEMBLY_USAGE_OCCURRENCE('485','=>[0:1:1:1]','',#5,#2023,$
  );
#5462 = CONTEXT_DEPENDENT_SHAPE_REPRESENTATION(#5463,#5465);
#5463 = ( REPRESENTATION_RELATIONSHIP('','',#2028,#10) 
REPRESENTATION_RELATIONSHIP_WITH_TRANSFORMATION(#5464) 
SHAPE_REPRESENTATION_RELATIONSHIP() );
#5464 = ITEM_DEFINED_TRANSFORMATION('','',#11,#1955);
#5465 = PRODUCT_DEFINITION_SHAPE('Placement','Placement of an item',
  #5466);
#5466 = NEXT_ASSEMBLY_USAGE_OCCURRENCE('486','=>[0:1:1:1]','',#5,#2023,$
  );
#5467 = CONTEXT_DEPENDENT_SHAPE_REPRESENTATION(#5468,#5470);
#5468 = ( REPRESENTATION_RELATIONSHIP('','',#2028,#10) 
REPRESENTATION_RELATIONSHIP_WITH_TRANSFORMATION(#5469) 
SHAPE_REPRESENTATION_RELATIONSHIP() );
#5469 = ITEM_DEFINED_TRANSFORMATION('','',#11,#1959);
#5470 = PRODUCT_DEFINITION_SHAPE('Placement','Placement of an item',
  #5471);
#5471 = NEXT_ASSEMBLY_USAGE_OCCURRENCE('487','=>[0:1:1:1]','',#5,#2023,$
  );
#5472 = CONTEXT_DEPENDENT_SHAPE_REPRESENTATION(#5473,#5475);
#5473 = ( REPRESENTATION_RELATIONSHIP('','',#2028,#10) 
REPRESENTATION_RELATIONSHIP_WITH_TRANSFORMATION(#5474) 
SHAPE_REPRESENTATION_RELATIONSHIP() );
#5474 = ITEM_DEFINED_TRANSFORMATION('','',#11,#1963);
#5475 = PRODUCT_DEFINITION_SHAPE('Placement','Placement of an item',
  #5476);
#5476 = NEXT_ASSEMBLY_USAGE_OCCURRENCE('488','=>[0:1:1:1]','',#5,#2023,$
  );
#5477 = CONTEXT_DEPENDENT_SHAPE_REPRESENTATION(#5478,#5480);
#5478 = ( REPRESENTATION_RELATIONSHIP('','',#2028,#10) 
REPRESENTATION_RELATIONSHIP_WITH_TRANSFORMATION(#5479) 
SHAPE_REPRESENTATION_RELATIONSHIP() );
#5479 = ITEM_DEFINED_TRANSFORMATION('','',#11,#1967);
#5480 = PRODUCT_DEFINITION_SHAPE('Placement','Placement of an item',
  #5481);
#5481 = NEXT_ASSEMBLY_USAGE_OCCURRENCE('489','=>[0:1:1:1]','',#5,#2023,$
  );
#5482 = CONTEXT_DEPENDENT_SHAPE_REPRESENTATION(#5483,#5485);
#5483 = ( REPRESENTATION_RELATIONSHIP('','',#2028,#10) 
REPRESENTATION_RELATIONSHIP_WITH_TRANSFORMATION(#5484) 
SHAPE_REPRESENTATION_RELATIONSHIP() );
#5484 = ITEM_DEFINED_TRANSFORMATION('','',#11,#1971);
#5485 = PRODUCT_DEFINITION_SHAPE('Placement','Placement of an item',
  #5486);
#5486 = NEXT_ASSEMBLY_USAGE_OCCURRENCE('490','=>[0:1:1:1]','',#5,#2023,$
  );
#5487 = CONTEXT_DEPENDENT_SHAPE_REPRESENTATION(#5488,#5490);
#5488 = ( REPRESENTATION_RELATIONSHIP('','',#2028,#10) 
REPRESENTATION_RELATIONSHIP_WITH_TRANSFORMATION(#5489) 
SHAPE_REPRESENTATION_RELATIONSHIP() );
#5489 = ITEM_DEFINED_TRANSFORMATION('','',#11,#1975);
#5490 = PRODUCT_DEFINITION_SHAPE('Placement','Placement of an item',
  #5491);
#5491 = NEXT_ASSEMBLY_USAGE_OCCURRENCE('491','=>[0:1:1:1]','',#5,#2023,$
  );
#5492 = CONTEXT_DEPENDENT_SHAPE_REPRESENTATION(#5493,#5495);
#5493 = ( REPRESENTATION_RELATIONSHIP('','',#2028,#10) 
REPRESENTATION_RELATIONSHIP_WITH_TRANSFORMATION(#5494) 
SHAPE_REPRESENTATION_RELATIONSHIP() );
#5494 = ITEM_DEFINED_TRANSFORMATION('','',#11,#1979);
#5495 = PRODUCT_DEFINITION_SHAPE('Placement','Placement of an item',
  #5496);
#5496 = NEXT_ASSEMBLY_USAGE_OCCURRENCE('492','=>[0:1:1:1]','',#5,#2023,$
  );
#5497 = CONTEXT_DEPENDENT_SHAPE_REPRESENTATION(#5498,#5500);
#5498 = ( REPRESENTATION_RELATIONSHIP('','',#2028,#10) 
REPRESENTATION_RELATIONSHIP_WITH_TRANSFORMATION(#5499) 
SHAPE_REPRESENTATION_RELATIONSHIP() );
#5499 = ITEM_DEFINED_TRANSFORMATION('','',#11,#1983);
#5500 = PRODUCT_DEFINITION_SHAPE('Placement','Placement of an item',
  #5501);
#5501 = NEXT_ASSEMBLY_USAGE_OCCURRENCE('493','=>[0:1:1:1]','',#5,#2023,$
  );
#5502 = CONTEXT_DEPENDENT_SHAPE_REPRESENTATION(#5503,#5505);
#5503 = ( REPRESENTATION_RELATIONSHIP('','',#2028,#10) 
REPRESENTATION_RELATIONSHIP_WITH_TRANSFORMATION(#5504) 
SHAPE_REPRESENTATION_RELATIONSHIP() );
#5504 = ITEM_DEFINED_TRANSFORMATION('','',#11,#1987);
#5505 = PRODUCT_DEFINITION_SHAPE('Placement','Placement of an item',
  #5506);
#5506 = NEXT_ASSEMBLY_USAGE_OCCURRENCE('494','=>[0:1:1:1]','',#5,#2023,$
  );
#5507 = CONTEXT_DEPENDENT_SHAPE_REPRESENTATION(#5508,#5510);
#5508 = ( REPRESENTATION_RELATIONSHIP('','',#2028,#10) 
REPRESENTATION_RELATIONSHIP_WITH_TRANSFORMATION(#5509) 
SHAPE_REPRESENTATION_RELATIONSHIP() );
#5509 = ITEM_DEFINED_TRANSFORMATION('','',#11,#1991);
#5510 = PRODUCT_DEFINITION_SHAPE('Placement','Placement of an item',
  #5511);
#5511 = NEXT_ASSEMBLY_USAGE_OCCURRENCE('495','=>[0:1:1:1]','',#5,#2023,$
  );
#5512 = CONTEXT_DEPENDENT_SHAPE_REPRESENTATION(#5513,#5515);
#5513 = ( REPRESENTATION_RELATIONSHIP('','',#2028,#10) 
REPRESENTATION_RELATIONSHIP_WITH_TRANSFORMATION(#5514) 
SHAPE_REPRESENTATION_RELATIONSHIP() );
#5514 = ITEM_DEFINED_TRANSFORMATION('','',#11,#1995);
#5515 = PRODUCT_DEFINITION_SHAPE('Placement','Placement of an item',
  #5516);
#5516 = NEXT_ASSEMBLY_USAGE_OCCURRENCE('496','=>[0:1:1:1]','',#5,#2023,$
  );
#5517 = CONTEXT_DEPENDENT_SHAPE_REPRESENTATION(#5518,#5520);
#5518 = ( REPRESENTATION_RELATIONSHIP('','',#2028,#10) 
REPRESENTATION_RELATIONSHIP_WITH_TRANSFORMATION(#5519) 
SHAPE_REPRESENTATION_RELATIONSHIP() );
#5519 = ITEM_DEFINED_TRANSFORMATION('','',#11,#1999);
#5520 = PRODUCT_DEFINITION_SHAPE('Placement','Placement of an item',
  #5521);
#5521 = NEXT_ASSEMBLY_USAGE_OCCURRENCE('497','=>[0:1:1:1]','',#5,#2023,$
  );
#5522 = CONTEXT_DEPENDENT_SHAPE_REPRESENTATION(#5523,#5525);
#5523 = ( REPRESENTATION_RELATIONSHIP('','',#2028,#10) 
REPRESENTATION_RELATIONSHIP_WITH_TRANSFORMATION(#5524) 
SHAPE_REPRESENTATION_RELATIONSHIP() );
#5524 = ITEM_DEFINED_TRANSFORMATION('','',#11,#2003);
#5525 = PRODUCT_DEFINITION_SHAPE('Placement','Placement of an item',
  #5526);
#5526 = NEXT_ASSEMBLY_USAGE_OCCURRENCE('498','=>[0:1:1:1]','',#5,#2023,$
  );
#5527 = CONTEXT_DEPENDENT_SHAPE_REPRESENTATION(#5528,#5530);
#5528 = ( REPRESENTATION_RELATIONSHIP('','',#2028,#10) 
REPRESENTATION_RELATIONSHIP_WITH_TRANSFORMATION(#5529) 
SHAPE_REPRESENTATION_RELATIONSHIP() );
#5529 = ITEM_DEFINED_TRANSFORMATION('','',#11,#2007);
#5530 = PRODUCT_DEFINITION_SHAPE('Placement','Placement of an item',
  #5531);
#5531 = NEXT_ASSEMBLY_USAGE_OCCURRENCE('499','=>[0:1:1:1]','',#5,#2023,$
  );
#5532 = CONTEXT_DEPENDENT_SHAPE_REPRESENTATION(#5533,#5535);
#5533 = ( REPRESENTATION_RELATIONSHIP('','',#2028,#10) 
REPRESENTATION_RELATIONSHIP_WITH_TRANSFORMATION(#5534) 
SHAPE_REPRESENTATION_RELATIONSHIP() );
#5534 = ITEM_DEFINED_TRANSFORMATION('','',#11,#2011);
#5535 = PRODUCT_DEFINITION_SHAPE('Placement','Placement of an item',
  #5536);
#5536 = NEXT_ASSEMBLY_USAGE_OCCURRENCE('500','=>[0:1:1:1]','',#5,#2023,$
  );
ENDSEC;
END-ISO-10303-21;
