ISO-10303-21;
HEADER;
FILE_DESCRIPTION(('Open CASCADE Model'),'2;1');
FILE_NAME('Open CASCADE Shape Model','2026-08-28T11:40:20',('Author'),(
    'Open CASCADE'),'Open CASCADE STEP processor 7.9','Open CASCADE 7.9'
  ,'Unknown');
FILE_SCHEMA(('AUTOMOTIVE_DESIGN { 1 0 10303 214 1 1 1 1 }'));
ENDSEC;
DATA;
#1 = APPLICATION_PROTOCOL_DEFINITION('international standard',
  'automotive_design',2000,#2);
#2 = APPLICATION_CONTEXT(
  'core data for automotive mechanical design processes');
#3 = SHAPE_DEFINITION_REPRESENTATION(#4,#10);
#4 = PRODUCT_DEFINITION_SHAPE('','',#5);
#5 = PRODUCT_DEFINITION('design','',#6,#9);
#6 = PRODUCT_DEFINITION_FORMATION('','',#7);
#7 = PRODUCT('ASSEMBLY','ASSEMBLY','',(#8));
#8 = PRODUCT_CONTEXT('',#2,'mechanical');
#9 = PRODUCT_DEFINITION_CONTEXT('part definition',#2,'design');
#10 = SHAPE_REPRESENTATION('',(#11,#15),#19);
#11 = AXIS2_PLACEMENT_3D('',#12,#13,#14);
#12 = CARTESIAN_POINT('',(0.,0.,0.));
#13 = DIRECTION('',(0.,0.,1.));
#14 = DIRECTION('',(1.,0.,-0.));
#15 = AXIS2_PLACEMENT_3D('',#16,#17,#18);
#16 = CARTESIAN_POINT('',(0.,0.,0.));
#17 = DIRECTION('',(0.,0.,1.));
#18 = DIRECTION('',(1.,0.,-0.));
#19 = ( GEOMETRIC_REPRESENTATION_CONTEXT(3) 
GLOBAL_UNCERTAINTY_ASSIGNED_CONTEXT((#23)) GLOBAL_UNIT_ASSIGNED_CONTEXT(
(#20,#21,#22)) REPRESENTATION_CONTEXT('Context #1',
  '3D Context with UNIT and UNCERTAINTY') );
#20 = ( LENGTH_UNIT() NAMED_UNIT(*) SI_UNIT(.MILLI.,.METRE.) );
#21 = ( NAMED_UNIT(*) PLANE_ANGLE_UNIT() SI_UNIT($,.RADIAN.) );
#22 = ( NAMED_UNIT(*) SI_UNIT($,.STERADIAN.) SOLID_ANGLE_UNIT() );
#23 = UNCERTAINTY_MEASURE_WITH_UNIT(LENGTH_MEASURE(2.E-07),#20,
  'distance_accuracy_value','confusion accuracy');
#24 = PRODUCT_RELATED_PRODUCT_CATEGORY('part',$,(#7));
#25 = SHAPE_DEFINITION_REPRESENTATION(#26,#32);
#26 = PRODUCT_DEFINITION_SHAPE('','',#27);
#27 = PRODUCT_DEFINITION('design','',#28,#31);
#28 = PRODUCT_DEFINITION_FORMATION('','',#29);
#29 = PRODUCT('SOLID','SOLID','',(#30));
#30 = PRODUCT_CONTEXT('',#2,'mechanical');
#31 = PRODUCT_DEFINITION_CONTEXT('part definition',#2,'design');
#32 = ADVANCED_BREP_SHAPE_REPRESENTATION('',(#11,#33),#2566);
#33 = MANIFOLD_SOLID_BREP('',#34);
#34 = CLOSED_SHELL('',(#35,#499,#2314,#2318,#2374,#2430,#2434,#2490,
    #2546,#2550,#2554,#2558,#2562));
#35 = ADVANCED_FACE('',(#36),#50,.T.);
#36 = FACE_BOUND('',#37,.T.);
#37 = EDGE_LOOP('',(#38,#68,#95,#96,#301));
#38 = ORIENTED_EDGE('',*,*,#39,.T.);
#39 = EDGE_CURVE('',#40,#42,#44,.T.);
#40 = VERTEX_POINT('',#41);
#41 = CARTESIAN_POINT('',(20.,-7.347880794884E-16,514.));
#42 = VERTEX_POINT('',#43);
#43 = CARTESIAN_POINT('',(45.,3.429011037613E-15,514.));
#44 = SEAM_CURVE('',#45,(#49,#61),.PCURVE_S1.);
#45 = LINE('',#46,#47);
#46 = CARTESIAN_POINT('',(0.,3.429011037613E-15,514.));
#47 = VECTOR('',#48,1.);
#48 = DIRECTION('',(1.,0.,0.));
#49 = PCURVE('',#50,#55);
#50 = CYLINDRICAL_SURFACE('',#51,14.);
#51 = AXIS2_PLACEMENT_3D('',#52,#53,#54);
#52 = CARTESIAN_POINT('',(0.,0.,500.));
#53 = DIRECTION('',(1.,0.,0.));
#54 = DIRECTION('',(-0.,0.,1.));
#55 = DEFINITIONAL_REPRESENTATION('',(#56),#60);
#56 = LINE('',#57,#58);
#57 = CARTESIAN_POINT('',(6.28318530718,-0.));
#58 = VECTOR('',#59,1.);
#59 = DIRECTION('',(0.,1.));
#60 = ( GEOMETRIC_REPRESENTATION_CONTEXT(2) 
PARAMETRIC_REPRESENTATION_CONTEXT() REPRESENTATION_CONTEXT('2D SPACE',''
  ) );
#61 = PCURVE('',#50,#62);
#62 = DEFINITIONAL_REPRESENTATION('',(#63),#67);
#63 = LINE('',#64,#65);
#64 = CARTESIAN_POINT('',(0.,-0.));
#65 = VECTOR('',#66,1.);
#66 = DIRECTION('',(0.,1.));
#67 = ( GEOMETRIC_REPRESENTATION_CONTEXT(2) 
PARAMETRIC_REPRESENTATION_CONTEXT() REPRESENTATION_CONTEXT('2D SPACE',''
  ) );
#68 = ORIENTED_EDGE('',*,*,#69,.F.);
#69 = EDGE_CURVE('',#42,#42,#70,.T.);
#70 = SURFACE_CURVE('',#71,(#76,#83),.PCURVE_S1.);
#71 = CIRCLE('',#72,14.);
#72 = AXIS2_PLACEMENT_3D('',#73,#74,#75);
#73 = CARTESIAN_POINT('',(45.,0.,500.));
#74 = DIRECTION('',(1.,0.,0.));
#75 = DIRECTION('',(-0.,0.,1.));
#76 = PCURVE('',#50,#77);
#77 = DEFINITIONAL_REPRESENTATION('',(#78),#82);
#78 = LINE('',#79,#80);
#79 = CARTESIAN_POINT('',(0.,45.));
#80 = VECTOR('',#81,1.);
#81 = DIRECTION('',(1.,0.));
#82 = ( GEOMETRIC_REPRESENTATION_CONTEXT(2) 
PARAMETRIC_REPRESENTATION_CONTEXT() REPRESENTATION_CONTEXT('2D SPACE',''
  ) );
#83 = PCURVE('',#84,#89);
#84 = PLANE('',#85);
#85 = AXIS2_PLACEMENT_3D('',#86,#87,#88);
#86 = CARTESIAN_POINT('',(45.,0.,500.));
#87 = DIRECTION('',(1.,0.,0.));
#88 = DIRECTION('',(-0.,0.,1.));
#89 = DEFINITIONAL_REPRESENTATION('',(#90),#94);
#90 = CIRCLE('',#91,14.);
#91 = AXIS2_PLACEMENT_2D('',#92,#93);
#92 = CARTESIAN_POINT('',(0.,0.));
#93 = DIRECTION('',(1.,0.));
#94 = ( GEOMETRIC_REPRESENTATION_CONTEXT(2) 
PARAMETRIC_REPRESENTATION_CONTEXT() REPRESENTATION_CONTEXT('2D SPACE',''
  ) );
#95 = ORIENTED_EDGE('',*,*,#39,.F.);
#96 = ORIENTED_EDGE('',*,*,#97,.T.);
#97 = EDGE_CURVE('',#40,#98,#100,.T.);
#98 = VERTEX_POINT('',#99);
#99 = CARTESIAN_POINT('',(20.,-4.898587196589E-15,486.));
#100 = SURFACE_CURVE('',#101,(#164,#230),.PCURVE_S1.);
#101 = B_SPLINE_CURVE_WITH_KNOTS('',6,(#102,#103,#104,#105,#106,#107,
    #108,#109,#110,#111,#112,#113,#114,#115,#116,#117,#118,#119,#120,
    #121,#122,#123,#124,#125,#126,#127,#128,#129,#130,#131,#132,#133,
    #134,#135,#136,#137,#138,#139,#140,#141,#142,#143,#144,#145,#146,
    #147,#148,#149,#150,#151,#152,#153,#154,#155,#156,#157,#158,#159,
    #160,#161,#162,#163),.UNSPECIFIED.,.F.,.F.,(7,5,5,5,5,5,5,5,5,5,5,5,
    7),(0.,6.249071619676E-02,0.151052475458,0.189034358038,
    0.287249671304,0.400451594103,0.500049206164,0.566007791995,
    0.601116648719,0.713807083716,0.847926378705,0.896639408914,1.),
  .UNSPECIFIED.);
#102 = CARTESIAN_POINT('',(20.,0.,514.));
#103 = CARTESIAN_POINT('',(20.,-0.587569454742,514.));
#104 = CARTESIAN_POINT('',(19.979285651109,-1.173996440112,
    513.97040809258));
#105 = CARTESIAN_POINT('',(19.938008504362,-1.754861890502,
    513.91144064672));
#106 = CARTESIAN_POINT('',(19.877195148987,-2.325776552444,
    513.8243254079));
#107 = CARTESIAN_POINT('',(19.798736891466,-2.882452343756,
    513.7112963936));
#108 = CARTESIAN_POINT('',(19.572851556376,-4.183662633162,
    513.3834200539));
#109 = CARTESIAN_POINT('',(19.410324587148,-4.909575790825,
    513.14579377178));
#110 = CARTESIAN_POINT('',(19.223460203451,-5.597237688843,
    512.86955112316));
#111 = CARTESIAN_POINT('',(19.017717692961,-6.246129500053,
    512.56073655639));
#112 = CARTESIAN_POINT('',(18.798153563578,-6.856297623489,
    512.22482689566));
#113 = CARTESIAN_POINT('',(18.471270425288,-7.673457641846,
    511.71331618603));
#114 = CARTESIAN_POINT('',(18.371343177243,-7.911987911303,
    511.55553870967));
#115 = CARTESIAN_POINT('',(18.269897992873,-8.143932891157,
    511.39379580605));
#116 = CARTESIAN_POINT('',(18.167206733224,-8.36944834529,
    511.22833378441));
#117 = CARTESIAN_POINT('',(18.063518567645,-8.588692203603,
    511.05936176674));
#118 = CARTESIAN_POINT('',(17.688950686814,-9.352952764129,
    510.44148209766));
#119 = CARTESIAN_POINT('',(17.413571970185,-9.863471886501,
    509.97338226635));
#120 = CARTESIAN_POINT('',(17.137043994041,-10.33569367219,
    509.48598289777));
#121 = CARTESIAN_POINT('',(16.862779737117,-10.77179120228,
    508.98126877462));
#122 = CARTESIAN_POINT('',(16.593834850219,-11.1735584689,
    508.46025333528));
#123 = CARTESIAN_POINT('',(16.033066456111,-11.96709959184,
    507.30425818897));
#124 = CARTESIAN_POINT('',(15.74381491193,-12.34827521975,
    506.66361094397));
#125 = CARTESIAN_POINT('',(15.471139035118,-12.68638392276,
    506.00325956218));
#126 = CARTESIAN_POINT('',(15.220704646115,-12.98158135447,
    505.32462335715));
#127 = CARTESIAN_POINT('',(14.998366017959,-13.23358215532,
    504.62858882722));
#128 = CARTESIAN_POINT('',(14.643993823102,-13.62403574715,
    503.28824931378));
#129 = CARTESIAN_POINT('',(14.504137574517,-13.77269460462,
    502.64709331983));
#130 = CARTESIAN_POINT('',(14.395266718439,-13.88530396033,
    501.99604464939));
#131 = CARTESIAN_POINT('',(14.321057111709,-13.961027707,501.33830225118
    ));
#132 = CARTESIAN_POINT('',(14.283490932304,-13.99935311329,
    500.67660319457));
#133 = CARTESIAN_POINT('',(14.282447577298,-14.00041754928,
    499.57439303165));
#134 = CARTESIAN_POINT('',(14.298233195103,-13.98431294667,
    499.13543389282));
#135 = CARTESIAN_POINT('',(14.330200050766,-13.95170458592,
    498.69759381789));
#136 = CARTESIAN_POINT('',(14.377955668802,-13.90271018816,498.261840429
    ));
#137 = CARTESIAN_POINT('',(14.440731478547,-13.83754694001,
    497.8292110802));
#138 = CARTESIAN_POINT('',(14.558241195851,-13.71353839569,
    497.17286264973));
#139 = CARTESIAN_POINT('',(14.603013258609,-13.66598298833,
    496.94602087733));
#140 = CARTESIAN_POINT('',(14.651590060027,-13.61398938661,
    496.72042229024));
#141 = CARTESIAN_POINT('',(14.703808929431,-13.55759829673,
    496.49615700102));
#142 = CARTESIAN_POINT('',(14.759492728489,-13.49685449992,
    496.27332294674));
#143 = CARTESIAN_POINT('',(15.007693260216,-13.22303081641,
    495.34171918596));
#144 = CARTESIAN_POINT('',(15.230382916866,-12.97025811405,
    494.64834009209));
#145 = CARTESIAN_POINT('',(15.480834820616,-12.67456452565,
    493.97229973921));
#146 = CARTESIAN_POINT('',(15.753253295567,-12.33621962642,
    493.31446874263));
#147 = CARTESIAN_POINT('',(16.04203539477,-11.95505040174,
    492.67624434008));
#148 = CARTESIAN_POINT('',(16.698293980622,-11.02495395383,
    491.32564102451));
#149 = CARTESIAN_POINT('',(17.070228210486,-10.45800160181,
    490.62237392555));
#150 = CARTESIAN_POINT('',(17.449793004472,-9.82613882611,
    489.94972984595));
#151 = CARTESIAN_POINT('',(17.829528027219,-9.123800808502,
    489.31070331603));
#152 = CARTESIAN_POINT('',(18.199872643603,-8.344427264056,
    488.71232077488));
#153 = CARTESIAN_POINT('',(18.674130357398,-7.168747665638,
    487.9689399068));
#154 = CARTESIAN_POINT('',(18.797599947139,-6.844370122736,
    487.77776495814));
#155 = CARTESIAN_POINT('',(18.917523715644,-6.508605887345,
    487.59412758911));
#156 = CARTESIAN_POINT('',(19.033180121737,-6.161238536585,
    487.41877137389));
#157 = CARTESIAN_POINT('',(19.143783266853,-5.802087813854,
    487.25253481682));
#158 = CARTESIAN_POINT('',(19.470640088539,-4.643648046699,
    486.76495965174));
#159 = CARTESIAN_POINT('',(19.66907254115,-3.792488068232,
    486.47458079898));
#160 = CARTESIAN_POINT('',(19.830011874563,-2.889054703359,
    486.24284530651));
#161 = CARTESIAN_POINT('',(19.942568020121,-1.94625195641,
    486.08204436673));
#162 = CARTESIAN_POINT('',(20.,-0.978362135789,486.));
#163 = CARTESIAN_POINT('',(20.,-3.552713678801E-15,486.));
#164 = PCURVE('',#50,#165);
#165 = DEFINITIONAL_REPRESENTATION('',(#166),#229);
#166 = B_SPLINE_CURVE_WITH_KNOTS('',6,(#167,#168,#169,#170,#171,#172,
    #173,#174,#175,#176,#177,#178,#179,#180,#181,#182,#183,#184,#185,
    #186,#187,#188,#189,#190,#191,#192,#193,#194,#195,#196,#197,#198,
    #199,#200,#201,#202,#203,#204,#205,#206,#207,#208,#209,#210,#211,
    #212,#213,#214,#215,#216,#217,#218,#219,#220,#221,#222,#223,#224,
    #225,#226,#227,#228),.UNSPECIFIED.,.F.,.F.,(7,5,5,5,5,5,5,5,5,5,5,5,
    7),(0.,6.249071619676E-02,0.151052475458,0.189034358038,
    0.287249671304,0.400451594103,0.500049206164,0.566007791995,
    0.601116648719,0.713807083716,0.847926378705,0.896639408914,1.),
  .UNSPECIFIED.);
#167 = CARTESIAN_POINT('',(0.,20.));
#168 = CARTESIAN_POINT('',(4.196924676731E-02,20.));
#169 = CARTESIAN_POINT('',(8.385688814689E-02,19.979285651109));
#170 = CARTESIAN_POINT('',(0.125480346854,19.938008504362));
#171 = CARTESIAN_POINT('',(0.166656556799,19.877195148987));
#172 = CARTESIAN_POINT('',(0.20718657287,19.798736891466));
#173 = CARTESIAN_POINT('',(0.303035388545,19.572851556376));
#174 = CARTESIAN_POINT('',(0.357461988195,19.410324587148));
#175 = CARTESIAN_POINT('',(0.410232439096,19.223460203451));
#176 = CARTESIAN_POINT('',(0.461424778542,19.017717692961));
#177 = CARTESIAN_POINT('',(0.511098122464,18.798153563578));
#178 = CARTESIAN_POINT('',(0.579958884879,18.471270425288));
#179 = CARTESIAN_POINT('',(0.600380327976,18.371343177243));
#180 = CARTESIAN_POINT('',(0.620569237277,18.269897992873));
#181 = CARTESIAN_POINT('',(0.640539714866,18.167206733224));
#182 = CARTESIAN_POINT('',(0.660305944025,18.063518567645));
#183 = CARTESIAN_POINT('',(0.730504986472,17.688950686814));
#184 = CARTESIAN_POINT('',(0.779883476825,17.413571970185));
#185 = CARTESIAN_POINT('',(0.828234779992,17.137043994041));
#186 = CARTESIAN_POINT('',(0.875767079012,16.862779737117));
#187 = CARTESIAN_POINT('',(0.92269036113,16.593834850219));
#188 = CARTESIAN_POINT('',(1.022844127911,16.033066456111));
#189 = CARTESIAN_POINT('',(1.075979996874,15.74381491193));
#190 = CARTESIAN_POINT('',(1.128812604582,15.471139035118));
#191 = CARTESIAN_POINT('',(1.181517875847,15.220704646115));
#192 = CARTESIAN_POINT('',(1.234284909672,14.998366017959));
#193 = CARTESIAN_POINT('',(1.334002982119,14.643993823102));
#194 = CARTESIAN_POINT('',(1.380941961779,14.504137574517));
#195 = CARTESIAN_POINT('',(1.428022434139,14.395266718439));
#196 = CARTESIAN_POINT('',(1.475200713103,14.321057111709));
#197 = CARTESIAN_POINT('',(1.522467504946,14.283490932304));
#198 = CARTESIAN_POINT('',(1.601196839011,14.282447577298));
#199 = CARTESIAN_POINT('',(1.632549934186,14.298233195103));
#200 = CARTESIAN_POINT('',(1.663877525267,14.330200050766));
#201 = CARTESIAN_POINT('',(1.695165735614,14.377955668802));
#202 = CARTESIAN_POINT('',(1.726394732869,14.440731478547));
#203 = CARTESIAN_POINT('',(1.774106205265,14.558241195851));
#204 = CARTESIAN_POINT('',(1.790658135591,14.603013258609));
#205 = CARTESIAN_POINT('',(1.807189857272,14.651590060027));
#206 = CARTESIAN_POINT('',(1.823702599005,14.703808929431));
#207 = CARTESIAN_POINT('',(1.840196881165,14.759492728489));
#208 = CARTESIAN_POINT('',(1.909554905904,15.007693260216));
#209 = CARTESIAN_POINT('',(1.962163500198,15.230382916866));
#210 = CARTESIAN_POINT('',(2.01471435999,15.480834820616));
#211 = CARTESIAN_POINT('',(2.067395859962,15.753253295567));
#212 = CARTESIAN_POINT('',(2.120383733412,16.04203539477));
#213 = CARTESIAN_POINT('',(2.237518069305,16.698293980622));
#214 = CARTESIAN_POINT('',(2.301858964793,17.070228210486));
#215 = CARTESIAN_POINT('',(2.367491156225,17.449793004472));
#216 = CARTESIAN_POINT('',(2.434982680333,17.829528027219));
#217 = CARTESIAN_POINT('',(2.50487787824,18.199872643603));
#218 = CARTESIAN_POINT('',(2.604233907636,18.674130357398));
#219 = CARTESIAN_POINT('',(2.631115162319,18.797599947139));
#220 = CARTESIAN_POINT('',(2.658429547249,18.917523715644));
#221 = CARTESIAN_POINT('',(2.686200226137,19.033180121737));
#222 = CARTESIAN_POINT('',(2.714451187535,19.143783266853));
#223 = CARTESIAN_POINT('',(2.804227333057,19.470640088539));
#224 = CARTESIAN_POINT('',(2.868309577845,19.66907254115));
#225 = CARTESIAN_POINT('',(2.934617157396,19.830011874563));
#226 = CARTESIAN_POINT('',(3.002574685752,19.942568020121));
#227 = CARTESIAN_POINT('',(3.071709643891,20.));
#228 = CARTESIAN_POINT('',(3.14159265359,20.));
#229 = ( GEOMETRIC_REPRESENTATION_CONTEXT(2) 
PARAMETRIC_REPRESENTATION_CONTEXT() REPRESENTATION_CONTEXT('2D SPACE',''
  ) );
#230 = PCURVE('',#231,#236);
#231 = CYLINDRICAL_SURFACE('',#232,20.);
#232 = AXIS2_PLACEMENT_3D('',#233,#234,#235);
#233 = CARTESIAN_POINT('',(0.,0.,0.));
#234 = DIRECTION('',(0.,0.,1.));
#235 = DIRECTION('',(1.,0.,-0.));
#236 = DEFINITIONAL_REPRESENTATION('',(#237),#300);
#237 = B_SPLINE_CURVE_WITH_KNOTS('',6,(#238,#239,#240,#241,#242,#243,
    #244,#245,#246,#247,#248,#249,#250,#251,#252,#253,#254,#255,#256,
    #257,#258,#259,#260,#261,#262,#263,#264,#265,#266,#267,#268,#269,
    #270,#271,#272,#273,#274,#275,#276,#277,#278,#279,#280,#281,#282,
    #283,#284,#285,#286,#287,#288,#289,#290,#291,#292,#293,#294,#295,
    #296,#297,#298,#299),.UNSPECIFIED.,.F.,.F.,(7,5,5,5,5,5,5,5,5,5,5,5,
    7),(0.,6.249071619676E-02,0.151052475458,0.189034358038,
    0.287249671304,0.400451594103,0.500049206164,0.566007791995,
    0.601116648719,0.713807083716,0.847926378705,0.896639408914,1.),
  .UNSPECIFIED.);
#238 = CARTESIAN_POINT('',(6.28318530718,514.));
#239 = CARTESIAN_POINT('',(6.253806834442,514.));
#240 = CARTESIAN_POINT('',(6.224485479916,513.97040809258));
#241 = CARTESIAN_POINT('',(6.195396591306,513.91144064672));
#242 = CARTESIAN_POINT('',(6.166714753937,513.8243254079));
#243 = CARTESIAN_POINT('',(6.138620139242,513.7112963936));
#244 = CARTESIAN_POINT('',(6.072586579557,513.3834200539));
#245 = CARTESIAN_POINT('',(6.035435844969,513.14579377178));
#246 = CARTESIAN_POINT('',(5.99985689943,512.86955112316));
#247 = CARTESIAN_POINT('',(5.965859775236,512.56073655639));
#248 = CARTESIAN_POINT('',(5.933456251924,512.22482689566));
#249 = CARTESIAN_POINT('',(5.889450482935,511.71331618603));
#250 = CARTESIAN_POINT('',(5.876521385829,511.55553870967));
#251 = CARTESIAN_POINT('',(5.863865666863,511.39379580605));
#252 = CARTESIAN_POINT('',(5.851477865474,511.22833378441));
#253 = CARTESIAN_POINT('',(5.839352718817,511.05936176674));
#254 = CARTESIAN_POINT('',(5.796797011158,510.44148209766));
#255 = CARTESIAN_POINT('',(5.767816307163,509.97338226635));
#256 = CARTESIAN_POINT('',(5.740477785992,509.48598289777));
#257 = CARTESIAN_POINT('',(5.714735771708,508.98126877462));
#258 = CARTESIAN_POINT('',(5.690569736039,508.46025333528));
#259 = CARTESIAN_POINT('',(5.641985564089,507.30425818897));
#260 = CARTESIAN_POINT('',(5.618074388534,506.66361094397));
#261 = CARTESIAN_POINT('',(5.596368454508,506.00325956218));
#262 = CARTESIAN_POINT('',(5.577018541703,505.32462335715));
#263 = CARTESIAN_POINT('',(5.560217003056,504.62858882722));
#264 = CARTESIAN_POINT('',(5.533852554463,503.28824931378));
#265 = CARTESIAN_POINT('',(5.523648916156,502.64709331983));
#266 = CARTESIAN_POINT('',(5.515817692096,501.99604464939));
#267 = CARTESIAN_POINT('',(5.510516390147,501.33830225118));
#268 = CARTESIAN_POINT('',(5.507833101677,500.67660319457));
#269 = CARTESIAN_POINT('',(5.507758576285,499.57439303165));
#270 = CARTESIAN_POINT('',(5.508886121396,499.13543389282));
#271 = CARTESIAN_POINT('',(5.511169316659,498.69759381789));
#272 = CARTESIAN_POINT('',(5.514590203717,498.261840429));
#273 = CARTESIAN_POINT('',(5.519114165255,497.8292110802));
#274 = CARTESIAN_POINT('',(5.527656216052,497.17286264973));
#275 = CARTESIAN_POINT('',(5.530921950965,496.94602087733));
#276 = CARTESIAN_POINT('',(5.534479661456,496.72042229024));
#277 = CARTESIAN_POINT('',(5.538322370147,496.49615700102));
#278 = CARTESIAN_POINT('',(5.542442528008,496.27332294674));
#279 = CARTESIAN_POINT('',(5.560921090831,495.34171918596));
#280 = CARTESIAN_POINT('',(5.577763160659,494.64834009209));
#281 = CARTESIAN_POINT('',(5.597132519782,493.97229973921));
#282 = CARTESIAN_POINT('',(5.618839581093,493.31446874263));
#283 = CARTESIAN_POINT('',(5.642736369009,492.67624434008));
#284 = CARTESIAN_POINT('',(5.69965198053,491.32564102451));
#285 = CARTESIAN_POINT('',(5.733535745354,490.62237392555));
#286 = CARTESIAN_POINT('',(5.770344407307,489.94972984595));
#287 = CARTESIAN_POINT('',(5.810195139024,489.31070331603));
#288 = CARTESIAN_POINT('',(5.853261567655,488.71232077488));
#289 = CARTESIAN_POINT('',(5.91664813755,487.9689399068));
#290 = CARTESIAN_POINT('',(5.933998832197,487.77776495814));
#291 = CARTESIAN_POINT('',(5.951819875557,487.59412758911));
#292 = CARTESIAN_POINT('',(5.970118830702,487.41877137389));
#293 = CARTESIAN_POINT('',(5.988903317027,487.25253481682));
#294 = CARTESIAN_POINT('',(6.049086746558,486.76495965174));
#295 = CARTESIAN_POINT('',(6.092739894238,486.47458079898));
#296 = CARTESIAN_POINT('',(6.138522173803,486.24284530651));
#297 = CARTESIAN_POINT('',(6.185872629103,486.08204436673));
#298 = CARTESIAN_POINT('',(6.23426720039,486.));
#299 = CARTESIAN_POINT('',(6.28318530718,486.));
#300 = ( GEOMETRIC_REPRESENTATION_CONTEXT(2) 
PARAMETRIC_REPRESENTATION_CONTEXT() REPRESENTATION_CONTEXT('2D SPACE',''
  ) );
#301 = ORIENTED_EDGE('',*,*,#302,.T.);
#302 = EDGE_CURVE('',#98,#40,#303,.T.);
#303 = SURFACE_CURVE('',#304,(#367,#433),.PCURVE_S1.);
#304 = B_SPLINE_CURVE_WITH_KNOTS('',6,(#305,#306,#307,#308,#309,#310,
    #311,#312,#313,#314,#315,#316,#317,#318,#319,#320,#321,#322,#323,
    #324,#325,#326,#327,#328,#329,#330,#331,#332,#333,#334,#335,#336,
    #337,#338,#339,#340,#341,#342,#343,#344,#345,#346,#347,#348,#349,
    #350,#351,#352,#353,#354,#355,#356,#357,#358,#359,#360,#361,#362,
    #363,#364,#365,#366),.UNSPECIFIED.,.F.,.F.,(7,5,5,5,5,5,5,5,5,5,5,5,
    7),(0.,6.249071632202E-02,0.151052475697,0.189034358296,
    0.287249671613,0.400451594439,0.500049206497,0.566007792326,
    0.601116649048,0.713807084069,0.847926379123,0.896639409347,1.),
  .UNSPECIFIED.);
#305 = CARTESIAN_POINT('',(20.,-8.572527594031E-16,486.));
#306 = CARTESIAN_POINT('',(20.,0.587569454742,486.));
#307 = CARTESIAN_POINT('',(19.979285651109,1.173996440113,
    486.02959190741));
#308 = CARTESIAN_POINT('',(19.938008504362,1.754861890501,
    486.08855935327));
#309 = CARTESIAN_POINT('',(19.877195148987,2.325776552444,
    486.17567459209));
#310 = CARTESIAN_POINT('',(19.798736891466,2.882452343756,
    486.28870360639));
#311 = CARTESIAN_POINT('',(19.572851556472,4.183662632611,
    486.61657994595));
#312 = CARTESIAN_POINT('',(19.410324587179,4.909575790949,
    486.85420622817));
#313 = CARTESIAN_POINT('',(19.223460203303,5.597237689334,
    487.13044887704));
#314 = CARTESIAN_POINT('',(19.017717692868,6.246129500192,
    487.43926344376));
#315 = CARTESIAN_POINT('',(18.798153563754,6.856297623049,
    487.77517310405));
#316 = CARTESIAN_POINT('',(18.471270425287,7.673457641847,
    488.28668381397));
#317 = CARTESIAN_POINT('',(18.371343177243,7.911987911304,
    488.44446129032));
#318 = CARTESIAN_POINT('',(18.269897992873,8.143932891156,
    488.60620419394));
#319 = CARTESIAN_POINT('',(18.167206733225,8.369448345289,
    488.77166621558));
#320 = CARTESIAN_POINT('',(18.063518567646,8.588692203602,
    488.94063823325));
#321 = CARTESIAN_POINT('',(17.688950686814,9.352952764131,
    489.55851790233));
#322 = CARTESIAN_POINT('',(17.413571970185,9.8634718865,490.02661773364)
  );
#323 = CARTESIAN_POINT('',(17.137043994042,10.335693672198,
    490.51401710222));
#324 = CARTESIAN_POINT('',(16.862779737118,10.771791202288,
    491.01873122537));
#325 = CARTESIAN_POINT('',(16.593834850218,11.173558468908,
    491.53974666471));
#326 = CARTESIAN_POINT('',(16.033066456196,11.967099591729,
    492.69574181084));
#327 = CARTESIAN_POINT('',(15.743814911897,12.348275219816,
    493.33638905606));
#328 = CARTESIAN_POINT('',(15.47113903504,12.686383922845,493.996740438)
  );
#329 = CARTESIAN_POINT('',(15.220704646123,12.981581354465,
    494.67537664289));
#330 = CARTESIAN_POINT('',(14.998366018009,13.233582155265,
    495.37141117258));
#331 = CARTESIAN_POINT('',(14.643993823102,13.624035747153,
    496.71175068621));
#332 = CARTESIAN_POINT('',(14.504137574517,13.772694604624,
    497.35290668016));
#333 = CARTESIAN_POINT('',(14.395266718439,13.885303960333,
    498.00395535061));
#334 = CARTESIAN_POINT('',(14.321057111709,13.961027707004,
    498.66169774881));
#335 = CARTESIAN_POINT('',(14.283490932304,13.999353113299,
    499.32339680542));
#336 = CARTESIAN_POINT('',(14.282447577298,14.000417549286,
    500.42560696834));
#337 = CARTESIAN_POINT('',(14.298233195103,13.984312946671,
    500.86456610717));
#338 = CARTESIAN_POINT('',(14.330200050767,13.951704585929,
    501.30240618211));
#339 = CARTESIAN_POINT('',(14.377955668802,13.902710188159,
    501.73815957099));
#340 = CARTESIAN_POINT('',(14.440731478547,13.837546940014,
    502.17078891979));
#341 = CARTESIAN_POINT('',(14.558241195851,13.713538395693,
    502.82713735027));
#342 = CARTESIAN_POINT('',(14.603013258609,13.665982988331,
    503.05397912266));
#343 = CARTESIAN_POINT('',(14.651590060027,13.613989386612,
    503.27957770975));
#344 = CARTESIAN_POINT('',(14.703808929431,13.557598296739,
    503.50384299898));
#345 = CARTESIAN_POINT('',(14.759492728489,13.496854499921,
    503.72667705325));
#346 = CARTESIAN_POINT('',(15.007693260264,13.223030816358,
    504.65828081421));
#347 = CARTESIAN_POINT('',(15.230382916873,12.970258114039,
    505.35165990785));
#348 = CARTESIAN_POINT('',(15.480834820545,12.674564525728,
    506.02770026061));
#349 = CARTESIAN_POINT('',(15.753253295532,12.336219626486,
    506.68553125731));
#350 = CARTESIAN_POINT('',(16.042035394852,11.955050401632,
    507.32375566008));
#351 = CARTESIAN_POINT('',(16.698293980622,11.024953953832,
    508.67435897548));
#352 = CARTESIAN_POINT('',(17.070228210486,10.458001601815,
    509.37762607444));
#353 = CARTESIAN_POINT('',(17.449793004473,9.826138826108,
    510.05027015404));
#354 = CARTESIAN_POINT('',(17.829528027218,9.123800808502,
    510.68929668396));
#355 = CARTESIAN_POINT('',(18.199872643602,8.344427264058,
    511.28767922511));
#356 = CARTESIAN_POINT('',(18.674130357378,7.168747665688,
    512.03106009316));
#357 = CARTESIAN_POINT('',(18.797599947147,6.844370122724,
    512.22223504186));
#358 = CARTESIAN_POINT('',(18.917523715663,6.508605887288,
    512.40587241091));
#359 = CARTESIAN_POINT('',(19.033180121741,6.161238536564,
    512.58122862611));
#360 = CARTESIAN_POINT('',(19.143783266835,5.802087813915,
    512.74746518314));
#361 = CARTESIAN_POINT('',(19.470640087574,4.64364805012,513.23504034681
    ));
#362 = CARTESIAN_POINT('',(19.669072541808,3.792488067213,
    513.52541920203));
#363 = CARTESIAN_POINT('',(19.830011875092,2.889054699784,
    513.75715469419));
#364 = CARTESIAN_POINT('',(19.942568019689,1.946251955595,
    513.91795563266));
#365 = CARTESIAN_POINT('',(20.,0.978362139412,514.));
#366 = CARTESIAN_POINT('',(20.,1.714505518806E-15,514.));
#367 = PCURVE('',#50,#368);
#368 = DEFINITIONAL_REPRESENTATION('',(#369),#432);
#369 = B_SPLINE_CURVE_WITH_KNOTS('',6,(#370,#371,#372,#373,#374,#375,
    #376,#377,#378,#379,#380,#381,#382,#383,#384,#385,#386,#387,#388,
    #389,#390,#391,#392,#393,#394,#395,#396,#397,#398,#399,#400,#401,
    #402,#403,#404,#405,#406,#407,#408,#409,#410,#411,#412,#413,#414,
    #415,#416,#417,#418,#419,#420,#421,#422,#423,#424,#425,#426,#427,
    #428,#429,#430,#431),.UNSPECIFIED.,.F.,.F.,(7,5,5,5,5,5,5,5,5,5,5,5,
    7),(0.,6.249071632202E-02,0.151052475697,0.189034358296,
    0.287249671613,0.400451594439,0.500049206497,0.566007792326,
    0.601116649048,0.713807084069,0.847926379123,0.896639409347,1.),
  .UNSPECIFIED.);
#370 = CARTESIAN_POINT('',(3.14159265359,20.));
#371 = CARTESIAN_POINT('',(3.183561900357,20.));
#372 = CARTESIAN_POINT('',(3.225449541737,19.979285651109));
#373 = CARTESIAN_POINT('',(3.267073000443,19.938008504362));
#374 = CARTESIAN_POINT('',(3.308249210388,19.877195148987));
#375 = CARTESIAN_POINT('',(3.34877922646,19.798736891466));
#376 = CARTESIAN_POINT('',(3.444628042094,19.572851556472));
#377 = CARTESIAN_POINT('',(3.499054641793,19.410324587179));
#378 = CARTESIAN_POINT('',(3.551825092723,19.223460203303));
#379 = CARTESIAN_POINT('',(3.603017432146,19.017717692868));
#380 = CARTESIAN_POINT('',(3.652690776017,18.798153563754));
#381 = CARTESIAN_POINT('',(3.721551538469,18.471270425287));
#382 = CARTESIAN_POINT('',(3.741972981566,18.371343177243));
#383 = CARTESIAN_POINT('',(3.762161890867,18.269897992873));
#384 = CARTESIAN_POINT('',(3.782132368456,18.167206733225));
#385 = CARTESIAN_POINT('',(3.801898597615,18.063518567646));
#386 = CARTESIAN_POINT('',(3.872097640062,17.688950686814));
#387 = CARTESIAN_POINT('',(3.921476130415,17.413571970185));
#388 = CARTESIAN_POINT('',(3.969827433582,17.137043994042));
#389 = CARTESIAN_POINT('',(4.017359732602,16.862779737118));
#390 = CARTESIAN_POINT('',(4.06428301472,16.593834850218));
#391 = CARTESIAN_POINT('',(4.164436781485,16.033066456196));
#392 = CARTESIAN_POINT('',(4.217572650468,15.743814911897));
#393 = CARTESIAN_POINT('',(4.270405258186,15.47113903504));
#394 = CARTESIAN_POINT('',(4.32311052944,15.220704646123));
#395 = CARTESIAN_POINT('',(4.375877563247,14.998366018009));
#396 = CARTESIAN_POINT('',(4.475595635709,14.643993823102));
#397 = CARTESIAN_POINT('',(4.522534615369,14.504137574517));
#398 = CARTESIAN_POINT('',(4.569615087729,14.395266718439));
#399 = CARTESIAN_POINT('',(4.616793366692,14.321057111709));
#400 = CARTESIAN_POINT('',(4.664060158536,14.283490932304));
#401 = CARTESIAN_POINT('',(4.7427894926,14.282447577298));
#402 = CARTESIAN_POINT('',(4.774142587776,14.298233195103));
#403 = CARTESIAN_POINT('',(4.805470178857,14.330200050767));
#404 = CARTESIAN_POINT('',(4.836758389204,14.377955668802));
#405 = CARTESIAN_POINT('',(4.867987386459,14.440731478547));
#406 = CARTESIAN_POINT('',(4.915698858855,14.558241195851));
#407 = CARTESIAN_POINT('',(4.932250789181,14.603013258609));
#408 = CARTESIAN_POINT('',(4.948782510862,14.651590060027));
#409 = CARTESIAN_POINT('',(4.965295252594,14.703808929431));
#410 = CARTESIAN_POINT('',(4.981789534755,14.759492728489));
#411 = CARTESIAN_POINT('',(5.051147559507,15.007693260264));
#412 = CARTESIAN_POINT('',(5.103756153785,15.230382916873));
#413 = CARTESIAN_POINT('',(5.156307013566,15.480834820545));
#414 = CARTESIAN_POINT('',(5.208988513546,15.753253295532));
#415 = CARTESIAN_POINT('',(5.261976387016,16.042035394852));
#416 = CARTESIAN_POINT('',(5.379110722895,16.698293980622));
#417 = CARTESIAN_POINT('',(5.443451618383,17.070228210486));
#418 = CARTESIAN_POINT('',(5.509083809815,17.449793004473));
#419 = CARTESIAN_POINT('',(5.576575333922,17.829528027218));
#420 = CARTESIAN_POINT('',(5.64647053183,18.199872643602));
#421 = CARTESIAN_POINT('',(5.745826561222,18.674130357378));
#422 = CARTESIAN_POINT('',(5.77270781591,18.797599947147));
#423 = CARTESIAN_POINT('',(5.800022200844,18.917523715663));
#424 = CARTESIAN_POINT('',(5.827792879728,19.033180121741));
#425 = CARTESIAN_POINT('',(5.85604384112,19.143783266835));
#426 = CARTESIAN_POINT('',(5.945819986382,19.470640087574));
#427 = CARTESIAN_POINT('',(6.00990223153,19.669072541808));
#428 = CARTESIAN_POINT('',(6.076209811235,19.830011875092));
#429 = CARTESIAN_POINT('',(6.1441673394,19.942568019689));
#430 = CARTESIAN_POINT('',(6.213302297222,20.));
#431 = CARTESIAN_POINT('',(6.28318530718,20.));
#432 = ( GEOMETRIC_REPRESENTATION_CONTEXT(2) 
PARAMETRIC_REPRESENTATION_CONTEXT() REPRESENTATION_CONTEXT('2D SPACE',''
  ) );
#433 = PCURVE('',#231,#434);
#434 = DEFINITIONAL_REPRESENTATION('',(#435),#498);
#435 = B_SPLINE_CURVE_WITH_KNOTS('',6,(#436,#437,#438,#439,#440,#441,
    #442,#443,#444,#445,#446,#447,#448,#449,#450,#451,#452,#453,#454,
    #455,#456,#457,#458,#459,#460,#461,#462,#463,#464,#465,#466,#467,
    #468,#469,#470,#471,#472,#473,#474,#475,#476,#477,#478,#479,#480,
    #481,#482,#483,#484,#485,#486,#487,#488,#489,#490,#491,#492,#493,
    #494,#495,#496,#497),.UNSPECIFIED.,.F.,.F.,(7,5,5,5,5,5,5,5,5,5,5,5,
    7),(0.,6.249071632202E-02,0.151052475697,0.189034358296,
    0.287249671613,0.400451594439,0.500049206497,0.566007792326,
    0.601116649048,0.713807084069,0.847926379123,0.896639409347,1.),
  .UNSPECIFIED.);
#436 = CARTESIAN_POINT('',(0.,486.));
#437 = CARTESIAN_POINT('',(2.93784727371E-02,486.));
#438 = CARTESIAN_POINT('',(5.869982726393E-02,486.02959190741));
#439 = CARTESIAN_POINT('',(8.778871587339E-02,486.08855935327));
#440 = CARTESIAN_POINT('',(0.116470553242,486.17567459209));
#441 = CARTESIAN_POINT('',(0.144565167937,486.28870360639));
#442 = CARTESIAN_POINT('',(0.210598727594,486.61657994595));
#443 = CARTESIAN_POINT('',(0.247749462216,486.85420622817));
#444 = CARTESIAN_POINT('',(0.283328407775,487.13044887704));
#445 = CARTESIAN_POINT('',(0.317325531952,487.43926344376));
#446 = CARTESIAN_POINT('',(0.349729055232,487.77517310405));
#447 = CARTESIAN_POINT('',(0.393734824244,488.28668381397));
#448 = CARTESIAN_POINT('',(0.40666392135,488.44446129032));
#449 = CARTESIAN_POINT('',(0.419319640316,488.60620419394));
#450 = CARTESIAN_POINT('',(0.431707441706,488.77166621558));
#451 = CARTESIAN_POINT('',(0.443832588363,488.94063823325));
#452 = CARTESIAN_POINT('',(0.486388296021,489.55851790233));
#453 = CARTESIAN_POINT('',(0.515369000016,490.02661773364));
#454 = CARTESIAN_POINT('',(0.542707521188,490.51401710222));
#455 = CARTESIAN_POINT('',(0.568449535472,491.01873122537));
#456 = CARTESIAN_POINT('',(0.59261557114,491.53974666471));
#457 = CARTESIAN_POINT('',(0.641199743083,492.69574181084));
#458 = CARTESIAN_POINT('',(0.665110918649,493.33638905606));
#459 = CARTESIAN_POINT('',(0.686816852677,493.996740438));
#460 = CARTESIAN_POINT('',(0.706166765476,494.67537664289));
#461 = CARTESIAN_POINT('',(0.722968304119,495.37141117258));
#462 = CARTESIAN_POINT('',(0.749332752717,496.71175068621));
#463 = CARTESIAN_POINT('',(0.759536391024,497.35290668016));
#464 = CARTESIAN_POINT('',(0.767367615083,498.00395535061));
#465 = CARTESIAN_POINT('',(0.772668917032,498.66169774881));
#466 = CARTESIAN_POINT('',(0.775352205503,499.32339680542));
#467 = CARTESIAN_POINT('',(0.775426730895,500.42560696834));
#468 = CARTESIAN_POINT('',(0.774299185784,500.86456610717));
#469 = CARTESIAN_POINT('',(0.772015990521,501.30240618211));
#470 = CARTESIAN_POINT('',(0.768595103463,501.73815957099));
#471 = CARTESIAN_POINT('',(0.764071141924,502.17078891979));
#472 = CARTESIAN_POINT('',(0.755529091127,502.82713735027));
#473 = CARTESIAN_POINT('',(0.752263356215,503.05397912266));
#474 = CARTESIAN_POINT('',(0.748705645724,503.27957770975));
#475 = CARTESIAN_POINT('',(0.744862937032,503.50384299898));
#476 = CARTESIAN_POINT('',(0.740742779172,503.72667705325));
#477 = CARTESIAN_POINT('',(0.722264216345,504.65828081421));
#478 = CARTESIAN_POINT('',(0.70542214652,505.35165990785));
#479 = CARTESIAN_POINT('',(0.686052787402,506.02770026061));
#480 = CARTESIAN_POINT('',(0.66434572609,506.68553125731));
#481 = CARTESIAN_POINT('',(0.640448938163,507.32375566008));
#482 = CARTESIAN_POINT('',(0.583533326649,508.67435897548));
#483 = CARTESIAN_POINT('',(0.549649561826,509.37762607444));
#484 = CARTESIAN_POINT('',(0.512840899872,510.05027015404));
#485 = CARTESIAN_POINT('',(0.472990168156,510.68929668396));
#486 = CARTESIAN_POINT('',(0.429923739524,511.28767922511));
#487 = CARTESIAN_POINT('',(0.366537169632,512.03106009316));
#488 = CARTESIAN_POINT('',(0.349186474982,512.22223504186));
#489 = CARTESIAN_POINT('',(0.331365431619,512.40587241091));
#490 = CARTESIAN_POINT('',(0.313066476477,512.58122862611));
#491 = CARTESIAN_POINT('',(0.294281990155,512.74746518314));
#492 = CARTESIAN_POINT('',(0.2340985608,513.23504034681));
#493 = CARTESIAN_POINT('',(0.190445412883,513.52541920203));
#494 = CARTESIAN_POINT('',(0.144663133199,513.75715469419));
#495 = CARTESIAN_POINT('',(9.731267803627E-02,513.91795563266));
#496 = CARTESIAN_POINT('',(4.891810697062E-02,514.));
#497 = CARTESIAN_POINT('',(0.,514.));
#498 = ( GEOMETRIC_REPRESENTATION_CONTEXT(2) 
PARAMETRIC_REPRESENTATION_CONTEXT() REPRESENTATION_CONTEXT('2D SPACE',''
  ) );
#499 = ADVANCED_FACE('',(#500),#231,.T.);
#500 = FACE_BOUND('',#501,.T.);
#501 = EDGE_LOOP('',(#502,#527,#732,#755,#960,#983,#1010,#1011,#1209,
    #1210,#1408,#1409,#1614,#1637,#1842,#1863,#1864,#1887,#1914,#1915,
    #1916,#1917,#2115,#2116));
#502 = ORIENTED_EDGE('',*,*,#503,.F.);
#503 = EDGE_CURVE('',#504,#506,#508,.T.);
#504 = VERTEX_POINT('',#505);
#505 = CARTESIAN_POINT('',(20.,-7.347880794884E-16,184.));
#506 = VERTEX_POINT('',#507);
#507 = CARTESIAN_POINT('',(20.,-4.898587196589E-15,266.));
#508 = SEAM_CURVE('',#509,(#513,#520),.PCURVE_S1.);
#509 = LINE('',#510,#511);
#510 = CARTESIAN_POINT('',(20.,-4.898587196589E-15,0.));
#511 = VECTOR('',#512,1.);
#512 = DIRECTION('',(0.,0.,1.));
#513 = PCURVE('',#231,#514);
#514 = DEFINITIONAL_REPRESENTATION('',(#515),#519);
#515 = LINE('',#516,#517);
#516 = CARTESIAN_POINT('',(0.,-0.));
#517 = VECTOR('',#518,1.);
#518 = DIRECTION('',(0.,1.));
#519 = ( GEOMETRIC_REPRESENTATION_CONTEXT(2) 
PARAMETRIC_REPRESENTATION_CONTEXT() REPRESENTATION_CONTEXT('2D SPACE',''
  ) );
#520 = PCURVE('',#231,#521);
#521 = DEFINITIONAL_REPRESENTATION('',(#522),#526);
#522 = LINE('',#523,#524);
#523 = CARTESIAN_POINT('',(6.28318530718,-0.));
#524 = VECTOR('',#525,1.);
#525 = DIRECTION('',(0.,1.));
#526 = ( GEOMETRIC_REPRESENTATION_CONTEXT(2) 
PARAMETRIC_REPRESENTATION_CONTEXT() REPRESENTATION_CONTEXT('2D SPACE',''
  ) );
#527 = ORIENTED_EDGE('',*,*,#528,.F.);
#528 = EDGE_CURVE('',#529,#504,#531,.T.);
#529 = VERTEX_POINT('',#530);
#530 = CARTESIAN_POINT('',(20.,-4.898587196589E-15,156.));
#531 = SURFACE_CURVE('',#532,(#595,#661),.PCURVE_S1.);
#532 = B_SPLINE_CURVE_WITH_KNOTS('',6,(#533,#534,#535,#536,#537,#538,
    #539,#540,#541,#542,#543,#544,#545,#546,#547,#548,#549,#550,#551,
    #552,#553,#554,#555,#556,#557,#558,#559,#560,#561,#562,#563,#564,
    #565,#566,#567,#568,#569,#570,#571,#572,#573,#574,#575,#576,#577,
    #578,#579,#580,#581,#582,#583,#584,#585,#586,#587,#588,#589,#590,
    #591,#592,#593,#594),.UNSPECIFIED.,.F.,.F.,(7,5,5,5,5,5,5,5,5,5,5,5,
    7),(0.,6.249071626549E-02,0.151052475582,0.189034358157,
    0.287249671408,0.400451594192,0.500049206238,0.566007792059,
    0.601116648778,0.713807083759,0.847926378728,0.896639408929,1.),
  .UNSPECIFIED.);
#533 = CARTESIAN_POINT('',(20.,-8.572527594031E-16,156.));
#534 = CARTESIAN_POINT('',(20.,0.58756945488,156.));
#535 = CARTESIAN_POINT('',(19.979285651099,1.173996440078,
    156.02959190742));
#536 = CARTESIAN_POINT('',(19.938008504374,1.754861890365,
    156.08855935326));
#537 = CARTESIAN_POINT('',(19.877195149002,2.325776552405,
    156.17567459207));
#538 = CARTESIAN_POINT('',(19.798736891443,2.882452343891,
    156.28870360643));
#539 = CARTESIAN_POINT('',(19.572851556472,4.183662632611,
    156.61657994595));
#540 = CARTESIAN_POINT('',(19.410324587178,4.909575790949,
    156.85420622817));
#541 = CARTESIAN_POINT('',(19.223460203303,5.597237689334,
    157.13044887704));
#542 = CARTESIAN_POINT('',(19.017717692868,6.246129500192,
    157.43926344376));
#543 = CARTESIAN_POINT('',(18.798153563754,6.856297623049,
    157.77517310405));
#544 = CARTESIAN_POINT('',(18.471270425287,7.673457641847,
    158.28668381397));
#545 = CARTESIAN_POINT('',(18.371343177243,7.911987911303,
    158.44446129032));
#546 = CARTESIAN_POINT('',(18.269897992873,8.143932891157,
    158.60620419394));
#547 = CARTESIAN_POINT('',(18.167206733224,8.36944834529,158.77166621558
    ));
#548 = CARTESIAN_POINT('',(18.063518567646,8.588692203602,
    158.94063823325));
#549 = CARTESIAN_POINT('',(17.688950686814,9.35295276413,159.55851790233
    ));
#550 = CARTESIAN_POINT('',(17.413571970185,9.863471886501,
    160.02661773364));
#551 = CARTESIAN_POINT('',(17.137043994042,10.335693672198,
    160.51401710222));
#552 = CARTESIAN_POINT('',(16.862779737117,10.771791202289,
    161.01873122537));
#553 = CARTESIAN_POINT('',(16.593834850217,11.173558468908,
    161.53974666472));
#554 = CARTESIAN_POINT('',(16.033066456113,11.967099591847,
    162.69574181102));
#555 = CARTESIAN_POINT('',(15.743814911929,12.348275219756,
    163.33638905602));
#556 = CARTESIAN_POINT('',(15.471139035116,12.686383922764,
    163.99674043782));
#557 = CARTESIAN_POINT('',(15.220704646116,12.981581354475,
    164.67537664284));
#558 = CARTESIAN_POINT('',(14.998366017958,13.233582155321,
    165.37141117277));
#559 = CARTESIAN_POINT('',(14.643993823101,13.624035747153,
    166.71175068621));
#560 = CARTESIAN_POINT('',(14.504137574517,13.772694604625,
    167.35290668016));
#561 = CARTESIAN_POINT('',(14.395266718438,13.885303960333,
    168.00395535061));
#562 = CARTESIAN_POINT('',(14.321057111709,13.961027707005,
    168.66169774881));
#563 = CARTESIAN_POINT('',(14.283490932304,13.999353113299,
    169.32339680542));
#564 = CARTESIAN_POINT('',(14.282447577299,14.000417549286,
    170.42560696835));
#565 = CARTESIAN_POINT('',(14.298233195103,13.984312946671,
    170.86456610717));
#566 = CARTESIAN_POINT('',(14.330200050766,13.951704585928,
    171.3024061821));
#567 = CARTESIAN_POINT('',(14.377955668803,13.902710188159,171.738159571
    ));
#568 = CARTESIAN_POINT('',(14.440731478547,13.837546940013,
    172.17078891979));
#569 = CARTESIAN_POINT('',(14.558241195852,13.713538395692,
    172.82713735027));
#570 = CARTESIAN_POINT('',(14.603013258609,13.66598298833,
    173.05397912266));
#571 = CARTESIAN_POINT('',(14.651590060027,13.613989386612,
    173.27957770975));
#572 = CARTESIAN_POINT('',(14.703808929431,13.557598296739,
    173.50384299898));
#573 = CARTESIAN_POINT('',(14.759492728489,13.496854499921,
    173.72667705325));
#574 = CARTESIAN_POINT('',(15.007693260216,13.223030816411,
    174.65828081403));
#575 = CARTESIAN_POINT('',(15.230382916867,12.970258114048,
    175.3516599079));
#576 = CARTESIAN_POINT('',(15.480834820616,12.674564525653,
    176.02770026078));
#577 = CARTESIAN_POINT('',(15.753253295569,12.336219626419,
    176.68553125737));
#578 = CARTESIAN_POINT('',(16.042035394769,11.955050401749,
    177.32375565991));
#579 = CARTESIAN_POINT('',(16.698293980623,11.02495395383,
    178.67435897548));
#580 = CARTESIAN_POINT('',(17.070228210487,10.458001601812,
    179.37762607444));
#581 = CARTESIAN_POINT('',(17.449793004473,9.826138826108,
    180.05027015404));
#582 = CARTESIAN_POINT('',(17.829528027221,9.123800808497,
    180.68929668397));
#583 = CARTESIAN_POINT('',(18.199872643604,8.344427264054,
    181.28767922512));
#584 = CARTESIAN_POINT('',(18.6741303574,7.168747665634,182.0310600932)
  );
#585 = CARTESIAN_POINT('',(18.79759994714,6.844370122733,182.22223504185
    ));
#586 = CARTESIAN_POINT('',(18.917523715644,6.508605887344,
    182.40587241089));
#587 = CARTESIAN_POINT('',(19.033180121738,6.161238536584,182.5812286261
    ));
#588 = CARTESIAN_POINT('',(19.143783266853,5.802087813853,
    182.74746518317));
#589 = CARTESIAN_POINT('',(19.470640088541,4.643648046695,
    183.23504034825));
#590 = CARTESIAN_POINT('',(19.669072541147,3.792488068253,
    183.52541920101));
#591 = CARTESIAN_POINT('',(19.830011874566,2.889054703324,
    183.75715469349));
#592 = CARTESIAN_POINT('',(19.942568020119,1.946251956437,
    183.91795563326));
#593 = CARTESIAN_POINT('',(20.,0.97836213578,184.));
#594 = CARTESIAN_POINT('',(20.,1.714505518806E-15,184.));
#595 = PCURVE('',#231,#596);
#596 = DEFINITIONAL_REPRESENTATION('',(#597),#660);
#597 = B_SPLINE_CURVE_WITH_KNOTS('',6,(#598,#599,#600,#601,#602,#603,
    #604,#605,#606,#607,#608,#609,#610,#611,#612,#613,#614,#615,#616,
    #617,#618,#619,#620,#621,#622,#623,#624,#625,#626,#627,#628,#629,
    #630,#631,#632,#633,#634,#635,#636,#637,#638,#639,#640,#641,#642,
    #643,#644,#645,#646,#647,#648,#649,#650,#651,#652,#653,#654,#655,
    #656,#657,#658,#659),.UNSPECIFIED.,.F.,.F.,(7,5,5,5,5,5,5,5,5,5,5,5,
    7),(0.,6.249071626549E-02,0.151052475582,0.189034358157,
    0.287249671408,0.400451594192,0.500049206238,0.566007792059,
    0.601116648778,0.713807083759,0.847926378728,0.896639408929,1.),
  .UNSPECIFIED.);
#598 = CARTESIAN_POINT('',(0.,156.));
#599 = CARTESIAN_POINT('',(2.937847274398E-02,156.));
#600 = CARTESIAN_POINT('',(5.86998272622E-02,156.02959190742));
#601 = CARTESIAN_POINT('',(8.77887158666E-02,156.08855935326));
#602 = CARTESIAN_POINT('',(0.11647055324,156.17567459207));
#603 = CARTESIAN_POINT('',(0.144565167944,156.28870360643));
#604 = CARTESIAN_POINT('',(0.210598727594,156.61657994595));
#605 = CARTESIAN_POINT('',(0.247749462216,156.85420622817));
#606 = CARTESIAN_POINT('',(0.283328407775,157.13044887704));
#607 = CARTESIAN_POINT('',(0.317325531952,157.43926344376));
#608 = CARTESIAN_POINT('',(0.349729055232,157.77517310405));
#609 = CARTESIAN_POINT('',(0.393734824244,158.28668381397));
#610 = CARTESIAN_POINT('',(0.40666392135,158.44446129032));
#611 = CARTESIAN_POINT('',(0.419319640316,158.60620419394));
#612 = CARTESIAN_POINT('',(0.431707441706,158.77166621558));
#613 = CARTESIAN_POINT('',(0.443832588363,158.94063823325));
#614 = CARTESIAN_POINT('',(0.486388296021,159.55851790233));
#615 = CARTESIAN_POINT('',(0.515369000016,160.02661773364));
#616 = CARTESIAN_POINT('',(0.542707521188,160.51401710222));
#617 = CARTESIAN_POINT('',(0.568449535472,161.01873122537));
#618 = CARTESIAN_POINT('',(0.59261557114,161.53974666472));
#619 = CARTESIAN_POINT('',(0.64119974309,162.69574181102));
#620 = CARTESIAN_POINT('',(0.665110918646,163.33638905602));
#621 = CARTESIAN_POINT('',(0.686816852672,163.99674043782));
#622 = CARTESIAN_POINT('',(0.706166765477,164.67537664284));
#623 = CARTESIAN_POINT('',(0.722968304123,165.37141117277));
#624 = CARTESIAN_POINT('',(0.749332752717,166.71175068621));
#625 = CARTESIAN_POINT('',(0.759536391024,167.35290668016));
#626 = CARTESIAN_POINT('',(0.767367615083,168.00395535061));
#627 = CARTESIAN_POINT('',(0.772668917032,168.66169774881));
#628 = CARTESIAN_POINT('',(0.775352205503,169.32339680542));
#629 = CARTESIAN_POINT('',(0.775426730895,170.42560696835));
#630 = CARTESIAN_POINT('',(0.774299185784,170.86456610717));
#631 = CARTESIAN_POINT('',(0.772015990521,171.3024061821));
#632 = CARTESIAN_POINT('',(0.768595103463,171.738159571));
#633 = CARTESIAN_POINT('',(0.764071141924,172.17078891979));
#634 = CARTESIAN_POINT('',(0.755529091127,172.82713735027));
#635 = CARTESIAN_POINT('',(0.752263356215,173.05397912266));
#636 = CARTESIAN_POINT('',(0.748705645724,173.27957770975));
#637 = CARTESIAN_POINT('',(0.744862937032,173.50384299898));
#638 = CARTESIAN_POINT('',(0.740742779172,173.72667705325));
#639 = CARTESIAN_POINT('',(0.722264216349,174.65828081403));
#640 = CARTESIAN_POINT('',(0.705422146521,175.3516599079));
#641 = CARTESIAN_POINT('',(0.686052787397,176.02770026078));
#642 = CARTESIAN_POINT('',(0.664345726086,176.68553125737));
#643 = CARTESIAN_POINT('',(0.64044893817,177.32375565991));
#644 = CARTESIAN_POINT('',(0.583533326649,178.67435897548));
#645 = CARTESIAN_POINT('',(0.549649561826,179.37762607444));
#646 = CARTESIAN_POINT('',(0.512840899872,180.05027015404));
#647 = CARTESIAN_POINT('',(0.472990168155,180.68929668397));
#648 = CARTESIAN_POINT('',(0.429923739524,181.28767922512));
#649 = CARTESIAN_POINT('',(0.366537169629,182.0310600932));
#650 = CARTESIAN_POINT('',(0.349186474983,182.22223504185));
#651 = CARTESIAN_POINT('',(0.331365431622,182.40587241089));
#652 = CARTESIAN_POINT('',(0.313066476478,182.5812286261));
#653 = CARTESIAN_POINT('',(0.294281990152,182.74746518317));
#654 = CARTESIAN_POINT('',(0.234098560622,183.23504034825));
#655 = CARTESIAN_POINT('',(0.190445412942,183.52541920101));
#656 = CARTESIAN_POINT('',(0.144663133375,183.75715469349));
#657 = CARTESIAN_POINT('',(9.731267807823E-02,183.91795563326));
#658 = CARTESIAN_POINT('',(4.891810678901E-02,184.));
#659 = CARTESIAN_POINT('',(0.,184.));
#660 = ( GEOMETRIC_REPRESENTATION_CONTEXT(2) 
PARAMETRIC_REPRESENTATION_CONTEXT() REPRESENTATION_CONTEXT('2D SPACE',''
  ) );
#661 = PCURVE('',#662,#667);
#662 = CYLINDRICAL_SURFACE('',#663,14.);
#663 = AXIS2_PLACEMENT_3D('',#664,#665,#666);
#664 = CARTESIAN_POINT('',(0.,0.,170.));
#665 = DIRECTION('',(1.,0.,0.));
#666 = DIRECTION('',(-0.,0.,1.));
#667 = DEFINITIONAL_REPRESENTATION('',(#668),#731);
#668 = B_SPLINE_CURVE_WITH_KNOTS('',6,(#669,#670,#671,#672,#673,#674,
    #675,#676,#677,#678,#679,#680,#681,#682,#683,#684,#685,#686,#687,
    #688,#689,#690,#691,#692,#693,#694,#695,#696,#697,#698,#699,#700,
    #701,#702,#703,#704,#705,#706,#707,#708,#709,#710,#711,#712,#713,
    #714,#715,#716,#717,#718,#719,#720,#721,#722,#723,#724,#725,#726,
    #727,#728,#729,#730),.UNSPECIFIED.,.F.,.F.,(7,5,5,5,5,5,5,5,5,5,5,5,
    7),(0.,6.249071626549E-02,0.151052475582,0.189034358157,
    0.287249671408,0.400451594192,0.500049206238,0.566007792059,
    0.601116648778,0.713807083759,0.847926378728,0.896639408929,1.),
  .UNSPECIFIED.);
#669 = CARTESIAN_POINT('',(3.14159265359,20.));
#670 = CARTESIAN_POINT('',(3.183561900367,20.));
#671 = CARTESIAN_POINT('',(3.225449541734,19.979285651099));
#672 = CARTESIAN_POINT('',(3.267073000434,19.938008504374));
#673 = CARTESIAN_POINT('',(3.308249210385,19.877195149002));
#674 = CARTESIAN_POINT('',(3.34877922647,19.798736891443));
#675 = CARTESIAN_POINT('',(3.444628042094,19.572851556472));
#676 = CARTESIAN_POINT('',(3.499054641793,19.410324587178));
#677 = CARTESIAN_POINT('',(3.551825092723,19.223460203303));
#678 = CARTESIAN_POINT('',(3.603017432146,19.017717692868));
#679 = CARTESIAN_POINT('',(3.652690776017,18.798153563754));
#680 = CARTESIAN_POINT('',(3.721551538469,18.471270425287));
#681 = CARTESIAN_POINT('',(3.741972981566,18.371343177243));
#682 = CARTESIAN_POINT('',(3.762161890867,18.269897992873));
#683 = CARTESIAN_POINT('',(3.782132368456,18.167206733224));
#684 = CARTESIAN_POINT('',(3.801898597615,18.063518567646));
#685 = CARTESIAN_POINT('',(3.872097640062,17.688950686814));
#686 = CARTESIAN_POINT('',(3.921476130415,17.413571970185));
#687 = CARTESIAN_POINT('',(3.969827433582,17.137043994042));
#688 = CARTESIAN_POINT('',(4.017359732602,16.862779737117));
#689 = CARTESIAN_POINT('',(4.06428301472,16.593834850217));
#690 = CARTESIAN_POINT('',(4.1644367815,16.033066456113));
#691 = CARTESIAN_POINT('',(4.217572650464,15.743814911929));
#692 = CARTESIAN_POINT('',(4.270405258172,15.471139035116));
#693 = CARTESIAN_POINT('',(4.323110529437,15.220704646116));
#694 = CARTESIAN_POINT('',(4.375877563262,14.998366017958));
#695 = CARTESIAN_POINT('',(4.47559563571,14.643993823101));
#696 = CARTESIAN_POINT('',(4.522534615369,14.504137574517));
#697 = CARTESIAN_POINT('',(4.569615087729,14.395266718438));
#698 = CARTESIAN_POINT('',(4.616793366693,14.321057111709));
#699 = CARTESIAN_POINT('',(4.664060158536,14.283490932304));
#700 = CARTESIAN_POINT('',(4.7427894926,14.282447577299));
#701 = CARTESIAN_POINT('',(4.774142587776,14.298233195103));
#702 = CARTESIAN_POINT('',(4.805470178857,14.330200050766));
#703 = CARTESIAN_POINT('',(4.836758389204,14.377955668803));
#704 = CARTESIAN_POINT('',(4.867987386459,14.440731478547));
#705 = CARTESIAN_POINT('',(4.915698858855,14.558241195852));
#706 = CARTESIAN_POINT('',(4.932250789181,14.603013258609));
#707 = CARTESIAN_POINT('',(4.948782510862,14.651590060027));
#708 = CARTESIAN_POINT('',(4.965295252595,14.703808929431));
#709 = CARTESIAN_POINT('',(4.981789534755,14.759492728489));
#710 = CARTESIAN_POINT('',(5.051147559494,15.007693260216));
#711 = CARTESIAN_POINT('',(5.103756153788,15.230382916867));
#712 = CARTESIAN_POINT('',(5.156307013579,15.480834820616));
#713 = CARTESIAN_POINT('',(5.208988513552,15.753253295569));
#714 = CARTESIAN_POINT('',(5.261976387002,16.042035394769));
#715 = CARTESIAN_POINT('',(5.379110722895,16.698293980623));
#716 = CARTESIAN_POINT('',(5.443451618383,17.070228210487));
#717 = CARTESIAN_POINT('',(5.509083809815,17.449793004473));
#718 = CARTESIAN_POINT('',(5.576575333923,17.829528027221));
#719 = CARTESIAN_POINT('',(5.64647053183,18.199872643604));
#720 = CARTESIAN_POINT('',(5.745826561226,18.6741303574));
#721 = CARTESIAN_POINT('',(5.772707815909,18.79759994714));
#722 = CARTESIAN_POINT('',(5.800022200839,18.917523715644));
#723 = CARTESIAN_POINT('',(5.827792879727,19.033180121738));
#724 = CARTESIAN_POINT('',(5.856043841125,19.143783266853));
#725 = CARTESIAN_POINT('',(5.945819986647,19.470640088541));
#726 = CARTESIAN_POINT('',(6.009902231433,19.669072541147));
#727 = CARTESIAN_POINT('',(6.076209810988,19.830011874566));
#728 = CARTESIAN_POINT('',(6.14416733934,19.942568020119));
#729 = CARTESIAN_POINT('',(6.213302297481,20.));
#730 = CARTESIAN_POINT('',(6.28318530718,20.));
#731 = ( GEOMETRIC_REPRESENTATION_CONTEXT(2) 
PARAMETRIC_REPRESENTATION_CONTEXT() REPRESENTATION_CONTEXT('2D SPACE',''
  ) );
#732 = ORIENTED_EDGE('',*,*,#733,.F.);
#733 = EDGE_CURVE('',#734,#529,#736,.T.);
#734 = VERTEX_POINT('',#735);
#735 = CARTESIAN_POINT('',(20.,-7.347880794884E-16,74.));
#736 = SEAM_CURVE('',#737,(#741,#748),.PCURVE_S1.);
#737 = LINE('',#738,#739);
#738 = CARTESIAN_POINT('',(20.,-4.898587196589E-15,0.));
#739 = VECTOR('',#740,1.);
#740 = DIRECTION('',(0.,0.,1.));
#741 = PCURVE('',#231,#742);
#742 = DEFINITIONAL_REPRESENTATION('',(#743),#747);
#743 = LINE('',#744,#745);
#744 = CARTESIAN_POINT('',(6.28318530718,-0.));
#745 = VECTOR('',#746,1.);
#746 = DIRECTION('',(0.,1.));
#747 = ( GEOMETRIC_REPRESENTATION_CONTEXT(2) 
PARAMETRIC_REPRESENTATION_CONTEXT() REPRESENTATION_CONTEXT('2D SPACE',''
  ) );
#748 = PCURVE('',#231,#749);
#749 = DEFINITIONAL_REPRESENTATION('',(#750),#754);
#750 = LINE('',#751,#752);
#751 = CARTESIAN_POINT('',(0.,-0.));
#752 = VECTOR('',#753,1.);
#753 = DIRECTION('',(0.,1.));
#754 = ( GEOMETRIC_REPRESENTATION_CONTEXT(2) 
PARAMETRIC_REPRESENTATION_CONTEXT() REPRESENTATION_CONTEXT('2D SPACE',''
  ) );
#755 = ORIENTED_EDGE('',*,*,#756,.F.);
#756 = EDGE_CURVE('',#757,#734,#759,.T.);
#757 = VERTEX_POINT('',#758);
#758 = CARTESIAN_POINT('',(20.,-4.898587196589E-15,46.));
#759 = SURFACE_CURVE('',#760,(#823,#889),.PCURVE_S1.);
#760 = B_SPLINE_CURVE_WITH_KNOTS('',6,(#761,#762,#763,#764,#765,#766,
    #767,#768,#769,#770,#771,#772,#773,#774,#775,#776,#777,#778,#779,
    #780,#781,#782,#783,#784,#785,#786,#787,#788,#789,#790,#791,#792,
    #793,#794,#795,#796,#797,#798,#799,#800,#801,#802,#803,#804,#805,
    #806,#807,#808,#809,#810,#811,#812,#813,#814,#815,#816,#817,#818,
    #819,#820,#821,#822),.UNSPECIFIED.,.F.,.F.,(7,5,5,5,5,5,5,5,5,5,5,5,
    7),(0.,6.249071630745E-02,0.151052475684,0.189034358284,
    0.287249671601,0.40045159446,0.500049206573,0.566007792439,
    0.601116649182,0.713807084267,0.847926379397,0.896639409658,1.),
  .UNSPECIFIED.);
#761 = CARTESIAN_POINT('',(20.,-8.572527594031E-16,46.));
#762 = CARTESIAN_POINT('',(20.,0.58756945488,46.));
#763 = CARTESIAN_POINT('',(19.979285651099,1.173996440078,
    46.029591907429));
#764 = CARTESIAN_POINT('',(19.938008504374,1.754861890365,
    46.088559353262));
#765 = CARTESIAN_POINT('',(19.877195149002,2.325776552406,
    46.175674592075));
#766 = CARTESIAN_POINT('',(19.798736891443,2.88245234389,46.288703606433
    ));
#767 = CARTESIAN_POINT('',(19.572851556472,4.183662632611,
    46.616579945958));
#768 = CARTESIAN_POINT('',(19.410324587178,4.909575790949,
    46.854206228171));
#769 = CARTESIAN_POINT('',(19.223460203303,5.597237689333,
    47.130448877045));
#770 = CARTESIAN_POINT('',(19.017717692868,6.246129500192,
    47.439263443763));
#771 = CARTESIAN_POINT('',(18.798153563754,6.856297623049,
    47.775173104058));
#772 = CARTESIAN_POINT('',(18.471270425287,7.673457641847,
    48.286683813971));
#773 = CARTESIAN_POINT('',(18.371343177242,7.911987911304,
    48.444461290327));
#774 = CARTESIAN_POINT('',(18.269897992873,8.143932891157,
    48.606204193948));
#775 = CARTESIAN_POINT('',(18.167206733225,8.369448345289,
    48.771666215581));
#776 = CARTESIAN_POINT('',(18.063518567646,8.588692203601,
    48.940638233256));
#777 = CARTESIAN_POINT('',(17.688950686814,9.35295276413,49.558517902338
    ));
#778 = CARTESIAN_POINT('',(17.413571970185,9.863471886501,
    50.026617733648));
#779 = CARTESIAN_POINT('',(17.137043994042,10.335693672198,
    50.514017102227));
#780 = CARTESIAN_POINT('',(16.862779737117,10.771791202289,
    51.018731225371));
#781 = CARTESIAN_POINT('',(16.593834850218,11.173558468908,
    51.539746664719));
#782 = CARTESIAN_POINT('',(16.033066456112,11.967099591848,
    52.695741811021));
#783 = CARTESIAN_POINT('',(15.743814911929,12.348275219755,
    53.336389056024));
#784 = CARTESIAN_POINT('',(15.471139035115,12.686383922765,
    53.996740437829));
#785 = CARTESIAN_POINT('',(15.220704646117,12.981581354475,
    54.675376642839));
#786 = CARTESIAN_POINT('',(14.998366017958,13.233582155321,
    55.37141117278));
#787 = CARTESIAN_POINT('',(14.643993823101,13.624035747153,
    56.711750686215));
#788 = CARTESIAN_POINT('',(14.504137574517,13.772694604625,
    57.352906680168));
#789 = CARTESIAN_POINT('',(14.395266718438,13.885303960333,
    58.003955350613));
#790 = CARTESIAN_POINT('',(14.321057111709,13.961027707005,
    58.661697748816));
#791 = CARTESIAN_POINT('',(14.283490932304,13.999353113299,
    59.323396805428));
#792 = CARTESIAN_POINT('',(14.282447577299,14.000417549286,
    60.425606968352));
#793 = CARTESIAN_POINT('',(14.298233195103,13.984312946671,
    60.864566107172));
#794 = CARTESIAN_POINT('',(14.330200050767,13.951704585928,
    61.302406182115));
#795 = CARTESIAN_POINT('',(14.377955668802,13.90271018816,
    61.738159570996));
#796 = CARTESIAN_POINT('',(14.440731478548,13.837546940013,
    62.170788919797));
#797 = CARTESIAN_POINT('',(14.558241195852,13.713538395692,
    62.827137350272));
#798 = CARTESIAN_POINT('',(14.60301325861,13.66598298833,63.053979122664
    ));
#799 = CARTESIAN_POINT('',(14.651590060027,13.613989386612,
    63.279577709754));
#800 = CARTESIAN_POINT('',(14.703808929431,13.55759829674,
    63.503842998979));
#801 = CARTESIAN_POINT('',(14.75949272849,13.496854499921,
    63.726677053253));
#802 = CARTESIAN_POINT('',(15.007693260264,13.223030816358,
    64.658280814218));
#803 = CARTESIAN_POINT('',(15.230382916873,12.970258114039,
    65.351659907861));
#804 = CARTESIAN_POINT('',(15.480834820546,12.674564525727,
    66.027700260612));
#805 = CARTESIAN_POINT('',(15.753253295534,12.336219626484,
    66.685531257321));
#806 = CARTESIAN_POINT('',(16.042035394851,11.955050401633,
    67.323755660083));
#807 = CARTESIAN_POINT('',(16.698293980624,11.024953953829,
    68.674358975484));
#808 = CARTESIAN_POINT('',(17.070228210488,10.458001601811,
    69.377626074449));
#809 = CARTESIAN_POINT('',(17.449793004473,9.826138826109,
    70.050270154048));
#810 = CARTESIAN_POINT('',(17.829528027221,9.123800808498,
    70.689296683972));
#811 = CARTESIAN_POINT('',(18.199872643604,8.344427264053,
    71.287679225122));
#812 = CARTESIAN_POINT('',(18.6741303574,7.168747665634,72.0310600932));
#813 = CARTESIAN_POINT('',(18.79759994714,6.844370122733,72.222235041856
    ));
#814 = CARTESIAN_POINT('',(18.917523715645,6.508605887343,72.40587241089
    ));
#815 = CARTESIAN_POINT('',(19.033180121738,6.161238536584,
    72.581228626108));
#816 = CARTESIAN_POINT('',(19.143783266853,5.802087813853,
    72.747465183172));
#817 = CARTESIAN_POINT('',(19.470640086708,4.64364805319,73.235040345524
    ));
#818 = CARTESIAN_POINT('',(19.66907254561,3.79248804473,73.52541920764)
  );
#819 = CARTESIAN_POINT('',(19.830011870129,2.889054738772,73.75715468692
    ));
#820 = CARTESIAN_POINT('',(19.942568021868,1.946251930006,
    73.917955635845));
#821 = CARTESIAN_POINT('',(20.,0.978362144338,74.));
#822 = CARTESIAN_POINT('',(20.,1.714505518806E-15,74.));
#823 = PCURVE('',#231,#824);
#824 = DEFINITIONAL_REPRESENTATION('',(#825),#888);
#825 = B_SPLINE_CURVE_WITH_KNOTS('',6,(#826,#827,#828,#829,#830,#831,
    #832,#833,#834,#835,#836,#837,#838,#839,#840,#841,#842,#843,#844,
    #845,#846,#847,#848,#849,#850,#851,#852,#853,#854,#855,#856,#857,
    #858,#859,#860,#861,#862,#863,#864,#865,#866,#867,#868,#869,#870,
    #871,#872,#873,#874,#875,#876,#877,#878,#879,#880,#881,#882,#883,
    #884,#885,#886,#887),.UNSPECIFIED.,.F.,.F.,(7,5,5,5,5,5,5,5,5,5,5,5,
    7),(0.,6.249071630745E-02,0.151052475684,0.189034358284,
    0.287249671601,0.40045159446,0.500049206573,0.566007792439,
    0.601116649182,0.713807084267,0.847926379397,0.896639409658,1.),
  .UNSPECIFIED.);
#826 = CARTESIAN_POINT('',(0.,46.));
#827 = CARTESIAN_POINT('',(2.937847274399E-02,46.));
#828 = CARTESIAN_POINT('',(5.869982726219E-02,46.029591907429));
#829 = CARTESIAN_POINT('',(8.778871586661E-02,46.088559353262));
#830 = CARTESIAN_POINT('',(0.11647055324,46.175674592075));
#831 = CARTESIAN_POINT('',(0.144565167944,46.288703606433));
#832 = CARTESIAN_POINT('',(0.210598727594,46.616579945958));
#833 = CARTESIAN_POINT('',(0.247749462216,46.854206228171));
#834 = CARTESIAN_POINT('',(0.283328407775,47.130448877045));
#835 = CARTESIAN_POINT('',(0.317325531952,47.439263443763));
#836 = CARTESIAN_POINT('',(0.349729055232,47.775173104058));
#837 = CARTESIAN_POINT('',(0.393734824244,48.286683813971));
#838 = CARTESIAN_POINT('',(0.40666392135,48.444461290327));
#839 = CARTESIAN_POINT('',(0.419319640316,48.606204193948));
#840 = CARTESIAN_POINT('',(0.431707441706,48.771666215581));
#841 = CARTESIAN_POINT('',(0.443832588363,48.940638233256));
#842 = CARTESIAN_POINT('',(0.486388296021,49.558517902338));
#843 = CARTESIAN_POINT('',(0.515369000016,50.026617733648));
#844 = CARTESIAN_POINT('',(0.542707521188,50.514017102227));
#845 = CARTESIAN_POINT('',(0.568449535472,51.018731225371));
#846 = CARTESIAN_POINT('',(0.59261557114,51.539746664719));
#847 = CARTESIAN_POINT('',(0.64119974309,52.695741811021));
#848 = CARTESIAN_POINT('',(0.665110918646,53.336389056024));
#849 = CARTESIAN_POINT('',(0.686816852672,53.996740437829));
#850 = CARTESIAN_POINT('',(0.706166765477,54.675376642839));
#851 = CARTESIAN_POINT('',(0.722968304123,55.37141117278));
#852 = CARTESIAN_POINT('',(0.749332752717,56.711750686215));
#853 = CARTESIAN_POINT('',(0.759536391024,57.352906680168));
#854 = CARTESIAN_POINT('',(0.767367615083,58.003955350613));
#855 = CARTESIAN_POINT('',(0.772668917032,58.661697748816));
#856 = CARTESIAN_POINT('',(0.775352205503,59.323396805428));
#857 = CARTESIAN_POINT('',(0.775426730895,60.425606968352));
#858 = CARTESIAN_POINT('',(0.774299185784,60.864566107172));
#859 = CARTESIAN_POINT('',(0.772015990521,61.302406182115));
#860 = CARTESIAN_POINT('',(0.768595103463,61.738159570996));
#861 = CARTESIAN_POINT('',(0.764071141924,62.170788919797));
#862 = CARTESIAN_POINT('',(0.755529091127,62.827137350272));
#863 = CARTESIAN_POINT('',(0.752263356215,63.053979122664));
#864 = CARTESIAN_POINT('',(0.748705645724,63.279577709754));
#865 = CARTESIAN_POINT('',(0.744862937032,63.503842998979));
#866 = CARTESIAN_POINT('',(0.740742779172,63.726677053253));
#867 = CARTESIAN_POINT('',(0.722264216345,64.658280814218));
#868 = CARTESIAN_POINT('',(0.70542214652,65.351659907861));
#869 = CARTESIAN_POINT('',(0.686052787402,66.027700260612));
#870 = CARTESIAN_POINT('',(0.66434572609,66.685531257321));
#871 = CARTESIAN_POINT('',(0.640448938163,67.323755660083));
#872 = CARTESIAN_POINT('',(0.583533326649,68.674358975484));
#873 = CARTESIAN_POINT('',(0.549649561826,69.377626074449));
#874 = CARTESIAN_POINT('',(0.512840899872,70.050270154048));
#875 = CARTESIAN_POINT('',(0.472990168155,70.689296683972));
#876 = CARTESIAN_POINT('',(0.429923739524,71.287679225122));
#877 = CARTESIAN_POINT('',(0.366537169629,72.0310600932));
#878 = CARTESIAN_POINT('',(0.349186474983,72.222235041856));
#879 = CARTESIAN_POINT('',(0.331365431622,72.40587241089));
#880 = CARTESIAN_POINT('',(0.313066476478,72.581228626108));
#881 = CARTESIAN_POINT('',(0.294281990152,72.747465183172));
#882 = CARTESIAN_POINT('',(0.234098560959,73.235040345524));
#883 = CARTESIAN_POINT('',(0.190445411737,73.52541920764));
#884 = CARTESIAN_POINT('',(0.144663135174,73.75715468692));
#885 = CARTESIAN_POINT('',(9.731267674655E-02,73.917955635845));
#886 = CARTESIAN_POINT('',(4.891810721692E-02,74.));
#887 = CARTESIAN_POINT('',(0.,74.));
#888 = ( GEOMETRIC_REPRESENTATION_CONTEXT(2) 
PARAMETRIC_REPRESENTATION_CONTEXT() REPRESENTATION_CONTEXT('2D SPACE',''
  ) );
#889 = PCURVE('',#890,#895);
#890 = CYLINDRICAL_SURFACE('',#891,14.);
#891 = AXIS2_PLACEMENT_3D('',#892,#893,#894);
#892 = CARTESIAN_POINT('',(0.,0.,60.));
#893 = DIRECTION('',(1.,0.,0.));
#894 = DIRECTION('',(-0.,0.,1.));
#895 = DEFINITIONAL_REPRESENTATION('',(#896),#959);
#896 = B_SPLINE_CURVE_WITH_KNOTS('',6,(#897,#898,#899,#900,#901,#902,
    #903,#904,#905,#906,#907,#908,#909,#910,#911,#912,#913,#914,#915,
    #916,#917,#918,#919,#920,#921,#922,#923,#924,#925,#926,#927,#928,
    #929,#930,#931,#932,#933,#934,#935,#936,#937,#938,#939,#940,#941,
    #942,#943,#944,#945,#946,#947,#948,#949,#950,#951,#952,#953,#954,
    #955,#956,#957,#958),.UNSPECIFIED.,.F.,.F.,(7,5,5,5,5,5,5,5,5,5,5,5,
    7),(0.,6.249071630745E-02,0.151052475684,0.189034358284,
    0.287249671601,0.40045159446,0.500049206573,0.566007792439,
    0.601116649182,0.713807084267,0.847926379397,0.896639409658,1.),
  .UNSPECIFIED.);
#897 = CARTESIAN_POINT('',(3.14159265359,20.));
#898 = CARTESIAN_POINT('',(3.183561900367,20.));
#899 = CARTESIAN_POINT('',(3.225449541734,19.979285651099));
#900 = CARTESIAN_POINT('',(3.267073000434,19.938008504374));
#901 = CARTESIAN_POINT('',(3.308249210385,19.877195149002));
#902 = CARTESIAN_POINT('',(3.34877922647,19.798736891443));
#903 = CARTESIAN_POINT('',(3.444628042094,19.572851556472));
#904 = CARTESIAN_POINT('',(3.499054641793,19.410324587178));
#905 = CARTESIAN_POINT('',(3.551825092723,19.223460203303));
#906 = CARTESIAN_POINT('',(3.603017432147,19.017717692868));
#907 = CARTESIAN_POINT('',(3.652690776017,18.798153563754));
#908 = CARTESIAN_POINT('',(3.721551538469,18.471270425287));
#909 = CARTESIAN_POINT('',(3.741972981566,18.371343177242));
#910 = CARTESIAN_POINT('',(3.762161890867,18.269897992873));
#911 = CARTESIAN_POINT('',(3.782132368456,18.167206733225));
#912 = CARTESIAN_POINT('',(3.801898597615,18.063518567646));
#913 = CARTESIAN_POINT('',(3.872097640062,17.688950686814));
#914 = CARTESIAN_POINT('',(3.921476130415,17.413571970185));
#915 = CARTESIAN_POINT('',(3.969827433582,17.137043994042));
#916 = CARTESIAN_POINT('',(4.017359732602,16.862779737117));
#917 = CARTESIAN_POINT('',(4.06428301472,16.593834850218));
#918 = CARTESIAN_POINT('',(4.1644367815,16.033066456112));
#919 = CARTESIAN_POINT('',(4.217572650463,15.743814911929));
#920 = CARTESIAN_POINT('',(4.270405258172,15.471139035115));
#921 = CARTESIAN_POINT('',(4.323110529437,15.220704646117));
#922 = CARTESIAN_POINT('',(4.375877563262,14.998366017958));
#923 = CARTESIAN_POINT('',(4.475595635709,14.643993823101));
#924 = CARTESIAN_POINT('',(4.522534615369,14.504137574517));
#925 = CARTESIAN_POINT('',(4.569615087729,14.395266718438));
#926 = CARTESIAN_POINT('',(4.616793366693,14.321057111709));
#927 = CARTESIAN_POINT('',(4.664060158536,14.283490932304));
#928 = CARTESIAN_POINT('',(4.742789492601,14.282447577299));
#929 = CARTESIAN_POINT('',(4.774142587775,14.298233195103));
#930 = CARTESIAN_POINT('',(4.805470178857,14.330200050767));
#931 = CARTESIAN_POINT('',(4.836758389204,14.377955668802));
#932 = CARTESIAN_POINT('',(4.867987386459,14.440731478548));
#933 = CARTESIAN_POINT('',(4.915698858855,14.558241195852));
#934 = CARTESIAN_POINT('',(4.932250789181,14.60301325861));
#935 = CARTESIAN_POINT('',(4.948782510862,14.651590060027));
#936 = CARTESIAN_POINT('',(4.965295252594,14.703808929431));
#937 = CARTESIAN_POINT('',(4.981789534755,14.75949272849));
#938 = CARTESIAN_POINT('',(5.051147559507,15.007693260264));
#939 = CARTESIAN_POINT('',(5.103756153785,15.230382916873));
#940 = CARTESIAN_POINT('',(5.156307013567,15.480834820546));
#941 = CARTESIAN_POINT('',(5.208988513547,15.753253295534));
#942 = CARTESIAN_POINT('',(5.261976387016,16.042035394851));
#943 = CARTESIAN_POINT('',(5.379110722895,16.698293980624));
#944 = CARTESIAN_POINT('',(5.443451618383,17.070228210488));
#945 = CARTESIAN_POINT('',(5.509083809815,17.449793004473));
#946 = CARTESIAN_POINT('',(5.576575333923,17.829528027221));
#947 = CARTESIAN_POINT('',(5.64647053183,18.199872643604));
#948 = CARTESIAN_POINT('',(5.745826561226,18.6741303574));
#949 = CARTESIAN_POINT('',(5.772707815909,18.79759994714));
#950 = CARTESIAN_POINT('',(5.800022200839,18.917523715645));
#951 = CARTESIAN_POINT('',(5.827792879727,19.033180121738));
#952 = CARTESIAN_POINT('',(5.856043841125,19.143783266853));
#953 = CARTESIAN_POINT('',(5.945819986144,19.470640086708));
#954 = CARTESIAN_POINT('',(6.009902233203,19.66907254561));
#955 = CARTESIAN_POINT('',(6.076209808373,19.830011870129));
#956 = CARTESIAN_POINT('',(6.144167341259,19.942568021868));
#957 = CARTESIAN_POINT('',(6.21330229687,20.));
#958 = CARTESIAN_POINT('',(6.28318530718,20.));
#959 = ( GEOMETRIC_REPRESENTATION_CONTEXT(2) 
PARAMETRIC_REPRESENTATION_CONTEXT() REPRESENTATION_CONTEXT('2D SPACE',''
  ) );
#960 = ORIENTED_EDGE('',*,*,#961,.F.);
#961 = EDGE_CURVE('',#962,#757,#964,.T.);
#962 = VERTEX_POINT('',#963);
#963 = CARTESIAN_POINT('',(20.,-4.898587196589E-15,0.));
#964 = SEAM_CURVE('',#965,(#969,#976),.PCURVE_S1.);
#965 = LINE('',#966,#967);
#966 = CARTESIAN_POINT('',(20.,-4.898587196589E-15,0.));
#967 = VECTOR('',#968,1.);
#968 = DIRECTION('',(0.,0.,1.));
#969 = PCURVE('',#231,#970);
#970 = DEFINITIONAL_REPRESENTATION('',(#971),#975);
#971 = LINE('',#972,#973);
#972 = CARTESIAN_POINT('',(6.28318530718,-0.));
#973 = VECTOR('',#974,1.);
#974 = DIRECTION('',(0.,1.));
#975 = ( GEOMETRIC_REPRESENTATION_CONTEXT(2) 
PARAMETRIC_REPRESENTATION_CONTEXT() REPRESENTATION_CONTEXT('2D SPACE',''
  ) );
#976 = PCURVE('',#231,#977);
#977 = DEFINITIONAL_REPRESENTATION('',(#978),#982);
#978 = LINE('',#979,#980);
#979 = CARTESIAN_POINT('',(0.,-0.));
#980 = VECTOR('',#981,1.);
#981 = DIRECTION('',(0.,1.));
#982 = ( GEOMETRIC_REPRESENTATION_CONTEXT(2) 
PARAMETRIC_REPRESENTATION_CONTEXT() REPRESENTATION_CONTEXT('2D SPACE',''
  ) );
#983 = ORIENTED_EDGE('',*,*,#984,.T.);
#984 = EDGE_CURVE('',#962,#962,#985,.T.);
#985 = SURFACE_CURVE('',#986,(#991,#998),.PCURVE_S1.);
#986 = CIRCLE('',#987,20.);
#987 = AXIS2_PLACEMENT_3D('',#988,#989,#990);
#988 = CARTESIAN_POINT('',(0.,0.,0.));
#989 = DIRECTION('',(0.,0.,1.));
#990 = DIRECTION('',(1.,0.,-0.));
#991 = PCURVE('',#231,#992);
#992 = DEFINITIONAL_REPRESENTATION('',(#993),#997);
#993 = LINE('',#994,#995);
#994 = CARTESIAN_POINT('',(0.,0.));
#995 = VECTOR('',#996,1.);
#996 = DIRECTION('',(1.,0.));
#997 = ( GEOMETRIC_REPRESENTATION_CONTEXT(2) 
PARAMETRIC_REPRESENTATION_CONTEXT() REPRESENTATION_CONTEXT('2D SPACE',''
  ) );
#998 = PCURVE('',#999,#1004);
#999 = PLANE('',#1000);
#1000 = AXIS2_PLACEMENT_3D('',#1001,#1002,#1003);
#1001 = CARTESIAN_POINT('',(0.,0.,0.));
#1002 = DIRECTION('',(0.,0.,1.));
#1003 = DIRECTION('',(1.,0.,-0.));
#1004 = DEFINITIONAL_REPRESENTATION('',(#1005),#1009);
#1005 = CIRCLE('',#1006,20.);
#1006 = AXIS2_PLACEMENT_2D('',#1007,#1008);
#1007 = CARTESIAN_POINT('',(0.,0.));
#1008 = DIRECTION('',(1.,0.));
#1009 = ( GEOMETRIC_REPRESENTATION_CONTEXT(2) 
PARAMETRIC_REPRESENTATION_CONTEXT() REPRESENTATION_CONTEXT('2D SPACE',''
  ) );
#1010 = ORIENTED_EDGE('',*,*,#961,.T.);
#1011 = ORIENTED_EDGE('',*,*,#1012,.F.);
#1012 = EDGE_CURVE('',#734,#757,#1013,.T.);
#1013 = SURFACE_CURVE('',#1014,(#1077,#1143),.PCURVE_S1.);
#1014 = B_SPLINE_CURVE_WITH_KNOTS('',6,(#1015,#1016,#1017,#1018,#1019,
    #1020,#1021,#1022,#1023,#1024,#1025,#1026,#1027,#1028,#1029,#1030,
    #1031,#1032,#1033,#1034,#1035,#1036,#1037,#1038,#1039,#1040,#1041,
    #1042,#1043,#1044,#1045,#1046,#1047,#1048,#1049,#1050,#1051,#1052,
    #1053,#1054,#1055,#1056,#1057,#1058,#1059,#1060,#1061,#1062,#1063,
    #1064,#1065,#1066,#1067,#1068,#1069,#1070,#1071,#1072,#1073,#1074,
    #1075,#1076),.UNSPECIFIED.,.F.,.F.,(7,5,5,5,5,5,5,5,5,5,5,5,7),(0.,
    6.24907163899E-02,0.151052475861,0.189034358501,0.287249671909,
    0.400451594857,0.500049207021,0.566007792922,0.601116649682,
    0.713807084798,0.847926379928,0.896639410172,1.),.UNSPECIFIED.);
#1015 = CARTESIAN_POINT('',(20.,0.,74.));
#1016 = CARTESIAN_POINT('',(20.,-0.587569454742,74.));
#1017 = CARTESIAN_POINT('',(19.979285651109,-1.173996440111,
    73.970408092585));
#1018 = CARTESIAN_POINT('',(19.938008504361,-1.754861890503,
    73.911440646721));
#1019 = CARTESIAN_POINT('',(19.877195148987,-2.325776552443,
    73.824325407902));
#1020 = CARTESIAN_POINT('',(19.798736891466,-2.882452343756,
    73.711296393601));
#1021 = CARTESIAN_POINT('',(19.572851556472,-4.183662632611,
    73.383420054042));
#1022 = CARTESIAN_POINT('',(19.410324587179,-4.909575790946,
    73.14579377183));
#1023 = CARTESIAN_POINT('',(19.223460203302,-5.597237689337,
    72.869551122953));
#1024 = CARTESIAN_POINT('',(19.017717692868,-6.246129500191,
    72.560736556238));
#1025 = CARTESIAN_POINT('',(18.798153563754,-6.856297623049,
    72.224826895942));
#1026 = CARTESIAN_POINT('',(18.471270425287,-7.673457641846,
    71.71331618603));
#1027 = CARTESIAN_POINT('',(18.371343177242,-7.911987911304,
    71.555538709673));
#1028 = CARTESIAN_POINT('',(18.269897992873,-8.143932891157,
    71.393795806052));
#1029 = CARTESIAN_POINT('',(18.167206733224,-8.36944834529,
    71.228333784419));
#1030 = CARTESIAN_POINT('',(18.063518567646,-8.588692203602,
    71.059361766744));
#1031 = CARTESIAN_POINT('',(17.688950686856,-9.352952764044,
    70.44148209773));
#1032 = CARTESIAN_POINT('',(17.413571970122,-9.863471886639,
    69.973382266254));
#1033 = CARTESIAN_POINT('',(17.13704399404,-10.33569367216,
    69.485982897746));
#1034 = CARTESIAN_POINT('',(16.862779737177,-10.77179120221,
    68.981268774758));
#1035 = CARTESIAN_POINT('',(16.593834850182,-11.17355846895,
    68.460253335208));
#1036 = CARTESIAN_POINT('',(16.033066456192,-11.96709959173,
    67.304258189144));
#1037 = CARTESIAN_POINT('',(15.743814911899,-12.34827521981,
    66.663610943936));
#1038 = CARTESIAN_POINT('',(15.471139035042,-12.68638392284,
    66.003259562002));
#1039 = CARTESIAN_POINT('',(15.22070464612,-12.98158135446,
    65.324623357098));
#1040 = CARTESIAN_POINT('',(14.998366018008,-13.23358215526,
    64.628588827409));
#1041 = CARTESIAN_POINT('',(14.643993823101,-13.62403574715,
    63.288249313785));
#1042 = CARTESIAN_POINT('',(14.504137574517,-13.77269460462,
    62.647093319832));
#1043 = CARTESIAN_POINT('',(14.395266718438,-13.88530396033,
    61.996044649386));
#1044 = CARTESIAN_POINT('',(14.321057111709,-13.961027707,
    61.338302251184));
#1045 = CARTESIAN_POINT('',(14.283490932304,-13.99935311329,
    60.676603194573));
#1046 = CARTESIAN_POINT('',(14.282447577299,-14.00041754928,
    59.574393031647));
#1047 = CARTESIAN_POINT('',(14.298233195104,-13.98431294667,
    59.135433892824));
#1048 = CARTESIAN_POINT('',(14.330200050766,-13.95170458592,
    58.69759381789));
#1049 = CARTESIAN_POINT('',(14.377955668802,-13.90271018816,
    58.261840429002));
#1050 = CARTESIAN_POINT('',(14.440731478547,-13.83754694001,
    57.829211080204));
#1051 = CARTESIAN_POINT('',(14.558241195851,-13.71353839569,
    57.17286264973));
#1052 = CARTESIAN_POINT('',(14.603013258609,-13.66598298833,
    56.946020877338));
#1053 = CARTESIAN_POINT('',(14.651590060027,-13.61398938661,
    56.720422290247));
#1054 = CARTESIAN_POINT('',(14.703808929431,-13.55759829673,
    56.49615700102));
#1055 = CARTESIAN_POINT('',(14.75949272849,-13.49685449992,
    56.273322946746));
#1056 = CARTESIAN_POINT('',(15.007693260217,-13.22303081641,
    55.341719185959));
#1057 = CARTESIAN_POINT('',(15.230382916867,-12.97025811404,
    54.648340092094));
#1058 = CARTESIAN_POINT('',(15.480834820617,-12.67456452565,
    53.972299739218));
#1059 = CARTESIAN_POINT('',(15.753253295566,-12.33621962642,
    53.314468742635));
#1060 = CARTESIAN_POINT('',(16.042035394772,-11.95505040174,
    52.676244340081));
#1061 = CARTESIAN_POINT('',(16.698293980623,-11.02495395382,
    51.325641024516));
#1062 = CARTESIAN_POINT('',(17.070228210487,-10.45800160181,
    50.622373925552));
#1063 = CARTESIAN_POINT('',(17.449793004473,-9.826138826108,
    49.949729845951));
#1064 = CARTESIAN_POINT('',(17.82952802722,-9.123800808498,
    49.310703316028));
#1065 = CARTESIAN_POINT('',(18.199872643604,-8.344427264053,
    48.712320774879));
#1066 = CARTESIAN_POINT('',(18.674130357359,-7.168747665735,
    47.968939906864));
#1067 = CARTESIAN_POINT('',(18.797599947155,-6.84437012271,
    47.77776495812));
#1068 = CARTESIAN_POINT('',(18.917523715683,-6.508605887229,
    47.59412758905));
#1069 = CARTESIAN_POINT('',(19.033180121745,-6.161238536542,
    47.418771373883));
#1070 = CARTESIAN_POINT('',(19.143783266819,-5.802087813974,
    47.252534816879));
#1071 = CARTESIAN_POINT('',(19.470640085746,-4.643648056601,
    46.764959655912));
#1072 = CARTESIAN_POINT('',(19.669072546262,-3.792488043737,
    46.474580791349));
#1073 = CARTESIAN_POINT('',(19.830011870663,-2.889054735169,
    46.242845312359));
#1074 = CARTESIAN_POINT('',(19.942568021435,-1.94625192921,
    46.082044364763));
#1075 = CARTESIAN_POINT('',(20.,-0.978362147955,46.));
#1076 = CARTESIAN_POINT('',(20.,-3.552713678801E-15,46.));
#1077 = PCURVE('',#231,#1078);
#1078 = DEFINITIONAL_REPRESENTATION('',(#1079),#1142);
#1079 = B_SPLINE_CURVE_WITH_KNOTS('',6,(#1080,#1081,#1082,#1083,#1084,
    #1085,#1086,#1087,#1088,#1089,#1090,#1091,#1092,#1093,#1094,#1095,
    #1096,#1097,#1098,#1099,#1100,#1101,#1102,#1103,#1104,#1105,#1106,
    #1107,#1108,#1109,#1110,#1111,#1112,#1113,#1114,#1115,#1116,#1117,
    #1118,#1119,#1120,#1121,#1122,#1123,#1124,#1125,#1126,#1127,#1128,
    #1129,#1130,#1131,#1132,#1133,#1134,#1135,#1136,#1137,#1138,#1139,
    #1140,#1141),.UNSPECIFIED.,.F.,.F.,(7,5,5,5,5,5,5,5,5,5,5,5,7),(0.,
    6.24907163899E-02,0.151052475861,0.189034358501,0.287249671909,
    0.400451594857,0.500049207021,0.566007792922,0.601116649682,
    0.713807084798,0.847926379928,0.896639410172,1.),.UNSPECIFIED.);
#1080 = CARTESIAN_POINT('',(6.28318530718,74.));
#1081 = CARTESIAN_POINT('',(6.253806834442,74.));
#1082 = CARTESIAN_POINT('',(6.224485479916,73.970408092585));
#1083 = CARTESIAN_POINT('',(6.195396591306,73.911440646721));
#1084 = CARTESIAN_POINT('',(6.166714753937,73.824325407902));
#1085 = CARTESIAN_POINT('',(6.138620139242,73.711296393601));
#1086 = CARTESIAN_POINT('',(6.072586579585,73.383420054042));
#1087 = CARTESIAN_POINT('',(6.035435844964,73.14579377183));
#1088 = CARTESIAN_POINT('',(5.999856899405,72.869551122953));
#1089 = CARTESIAN_POINT('',(5.965859775228,72.560736556238));
#1090 = CARTESIAN_POINT('',(5.933456251947,72.224826895942));
#1091 = CARTESIAN_POINT('',(5.889450482935,71.71331618603));
#1092 = CARTESIAN_POINT('',(5.876521385829,71.555538709673));
#1093 = CARTESIAN_POINT('',(5.863865666863,71.393795806052));
#1094 = CARTESIAN_POINT('',(5.851477865474,71.228333784419));
#1095 = CARTESIAN_POINT('',(5.839352718817,71.059361766744));
#1096 = CARTESIAN_POINT('',(5.796797011163,70.44148209773));
#1097 = CARTESIAN_POINT('',(5.767816307156,69.973382266254));
#1098 = CARTESIAN_POINT('',(5.740477785993,69.485982897746));
#1099 = CARTESIAN_POINT('',(5.714735771712,68.981268774758));
#1100 = CARTESIAN_POINT('',(5.690569736036,68.460253335208));
#1101 = CARTESIAN_POINT('',(5.641985564096,67.304258189144));
#1102 = CARTESIAN_POINT('',(5.618074388531,66.663610943936));
#1103 = CARTESIAN_POINT('',(5.596368454502,66.003259562002));
#1104 = CARTESIAN_POINT('',(5.577018541703,65.324623357098));
#1105 = CARTESIAN_POINT('',(5.56021700306,64.628588827409));
#1106 = CARTESIAN_POINT('',(5.533852554463,63.288249313785));
#1107 = CARTESIAN_POINT('',(5.523648916156,62.647093319832));
#1108 = CARTESIAN_POINT('',(5.515817692096,61.996044649386));
#1109 = CARTESIAN_POINT('',(5.510516390147,61.338302251184));
#1110 = CARTESIAN_POINT('',(5.507833101677,60.676603194573));
#1111 = CARTESIAN_POINT('',(5.507758576285,59.574393031647));
#1112 = CARTESIAN_POINT('',(5.508886121396,59.135433892824));
#1113 = CARTESIAN_POINT('',(5.511169316659,58.69759381789));
#1114 = CARTESIAN_POINT('',(5.514590203717,58.261840429002));
#1115 = CARTESIAN_POINT('',(5.519114165255,57.829211080204));
#1116 = CARTESIAN_POINT('',(5.527656216052,57.17286264973));
#1117 = CARTESIAN_POINT('',(5.530921950965,56.946020877338));
#1118 = CARTESIAN_POINT('',(5.534479661456,56.720422290247));
#1119 = CARTESIAN_POINT('',(5.538322370147,56.49615700102));
#1120 = CARTESIAN_POINT('',(5.542442528008,56.273322946746));
#1121 = CARTESIAN_POINT('',(5.560921090831,55.341719185959));
#1122 = CARTESIAN_POINT('',(5.577763160659,54.648340092094));
#1123 = CARTESIAN_POINT('',(5.597132519783,53.972299739218));
#1124 = CARTESIAN_POINT('',(5.618839581093,53.314468742635));
#1125 = CARTESIAN_POINT('',(5.642736369009,52.676244340081));
#1126 = CARTESIAN_POINT('',(5.69965198053,51.325641024516));
#1127 = CARTESIAN_POINT('',(5.733535745354,50.622373925552));
#1128 = CARTESIAN_POINT('',(5.770344407308,49.949729845951));
#1129 = CARTESIAN_POINT('',(5.810195139024,49.310703316028));
#1130 = CARTESIAN_POINT('',(5.853261567655,48.712320774879));
#1131 = CARTESIAN_POINT('',(5.916648137545,47.968939906864));
#1132 = CARTESIAN_POINT('',(5.933998832198,47.77776495812));
#1133 = CARTESIAN_POINT('',(5.951819875563,47.59412758905));
#1134 = CARTESIAN_POINT('',(5.970118830704,47.418771373883));
#1135 = CARTESIAN_POINT('',(5.988903317021,47.252534816879));
#1136 = CARTESIAN_POINT('',(6.049086746043,46.764959655912));
#1137 = CARTESIAN_POINT('',(6.092739895499,46.474580791349));
#1138 = CARTESIAN_POINT('',(6.138522172184,46.242845312359));
#1139 = CARTESIAN_POINT('',(6.185872630473,46.082044364763));
#1140 = CARTESIAN_POINT('',(6.234267199782,46.));
#1141 = CARTESIAN_POINT('',(6.28318530718,46.));
#1142 = ( GEOMETRIC_REPRESENTATION_CONTEXT(2) 
PARAMETRIC_REPRESENTATION_CONTEXT() REPRESENTATION_CONTEXT('2D SPACE',''
  ) );
#1143 = PCURVE('',#890,#1144);
#1144 = DEFINITIONAL_REPRESENTATION('',(#1145),#1208);
#1145 = B_SPLINE_CURVE_WITH_KNOTS('',6,(#1146,#1147,#1148,#1149,#1150,
    #1151,#1152,#1153,#1154,#1155,#1156,#1157,#1158,#1159,#1160,#1161,
    #1162,#1163,#1164,#1165,#1166,#1167,#1168,#1169,#1170,#1171,#1172,
    #1173,#1174,#1175,#1176,#1177,#1178,#1179,#1180,#1181,#1182,#1183,
    #1184,#1185,#1186,#1187,#1188,#1189,#1190,#1191,#1192,#1193,#1194,
    #1195,#1196,#1197,#1198,#1199,#1200,#1201,#1202,#1203,#1204,#1205,
    #1206,#1207),.UNSPECIFIED.,.F.,.F.,(7,5,5,5,5,5,5,5,5,5,5,5,7),(0.,
    6.24907163899E-02,0.151052475861,0.189034358501,0.287249671909,
    0.400451594857,0.500049207021,0.566007792922,0.601116649682,
    0.713807084798,0.847926379928,0.896639410172,1.),.UNSPECIFIED.);
#1146 = CARTESIAN_POINT('',(0.,20.));
#1147 = CARTESIAN_POINT('',(4.196924676732E-02,20.));
#1148 = CARTESIAN_POINT('',(8.385688814685E-02,19.979285651109));
#1149 = CARTESIAN_POINT('',(0.125480346854,19.938008504361));
#1150 = CARTESIAN_POINT('',(0.166656556799,19.877195148987));
#1151 = CARTESIAN_POINT('',(0.20718657287,19.798736891466));
#1152 = CARTESIAN_POINT('',(0.303035388505,19.572851556472));
#1153 = CARTESIAN_POINT('',(0.357461988203,19.410324587179));
#1154 = CARTESIAN_POINT('',(0.410232439133,19.223460203302));
#1155 = CARTESIAN_POINT('',(0.461424778557,19.017717692868));
#1156 = CARTESIAN_POINT('',(0.511098122427,18.798153563754));
#1157 = CARTESIAN_POINT('',(0.579958884879,18.471270425287));
#1158 = CARTESIAN_POINT('',(0.600380327976,18.371343177242));
#1159 = CARTESIAN_POINT('',(0.620569237277,18.269897992873));
#1160 = CARTESIAN_POINT('',(0.640539714866,18.167206733224));
#1161 = CARTESIAN_POINT('',(0.660305944025,18.063518567646));
#1162 = CARTESIAN_POINT('',(0.730504986464,17.688950686856));
#1163 = CARTESIAN_POINT('',(0.779883476837,17.413571970122));
#1164 = CARTESIAN_POINT('',(0.828234779992,17.13704399404));
#1165 = CARTESIAN_POINT('',(0.875767079001,16.862779737177));
#1166 = CARTESIAN_POINT('',(0.922690361136,16.593834850182));
#1167 = CARTESIAN_POINT('',(1.022844127896,16.033066456192));
#1168 = CARTESIAN_POINT('',(1.075979996878,15.743814911899));
#1169 = CARTESIAN_POINT('',(1.128812604596,15.471139035042));
#1170 = CARTESIAN_POINT('',(1.181517875851,15.22070464612));
#1171 = CARTESIAN_POINT('',(1.234284909658,14.998366018008));
#1172 = CARTESIAN_POINT('',(1.33400298212,14.643993823101));
#1173 = CARTESIAN_POINT('',(1.380941961779,14.504137574517));
#1174 = CARTESIAN_POINT('',(1.428022434139,14.395266718438));
#1175 = CARTESIAN_POINT('',(1.475200713103,14.321057111709));
#1176 = CARTESIAN_POINT('',(1.522467504946,14.283490932304));
#1177 = CARTESIAN_POINT('',(1.601196839011,14.282447577299));
#1178 = CARTESIAN_POINT('',(1.632549934186,14.298233195104));
#1179 = CARTESIAN_POINT('',(1.663877525267,14.330200050766));
#1180 = CARTESIAN_POINT('',(1.695165735614,14.377955668802));
#1181 = CARTESIAN_POINT('',(1.726394732869,14.440731478547));
#1182 = CARTESIAN_POINT('',(1.774106205265,14.558241195851));
#1183 = CARTESIAN_POINT('',(1.790658135591,14.603013258609));
#1184 = CARTESIAN_POINT('',(1.807189857272,14.651590060027));
#1185 = CARTESIAN_POINT('',(1.823702599005,14.703808929431));
#1186 = CARTESIAN_POINT('',(1.840196881165,14.75949272849));
#1187 = CARTESIAN_POINT('',(1.909554905904,15.007693260217));
#1188 = CARTESIAN_POINT('',(1.962163500198,15.230382916867));
#1189 = CARTESIAN_POINT('',(2.01471435999,15.480834820617));
#1190 = CARTESIAN_POINT('',(2.067395859962,15.753253295566));
#1191 = CARTESIAN_POINT('',(2.120383733412,16.042035394772));
#1192 = CARTESIAN_POINT('',(2.237518069305,16.698293980623));
#1193 = CARTESIAN_POINT('',(2.301858964793,17.070228210487));
#1194 = CARTESIAN_POINT('',(2.367491156226,17.449793004473));
#1195 = CARTESIAN_POINT('',(2.434982680333,17.82952802722));
#1196 = CARTESIAN_POINT('',(2.50487787824,18.199872643604));
#1197 = CARTESIAN_POINT('',(2.604233907628,18.674130357359));
#1198 = CARTESIAN_POINT('',(2.631115162322,18.797599947155));
#1199 = CARTESIAN_POINT('',(2.658429547259,18.917523715683));
#1200 = CARTESIAN_POINT('',(2.68620022614,19.033180121745));
#1201 = CARTESIAN_POINT('',(2.714451187526,19.143783266819));
#1202 = CARTESIAN_POINT('',(2.80422733229,19.470640085746));
#1203 = CARTESIAN_POINT('',(2.868309579707,19.669072546262));
#1204 = CARTESIAN_POINT('',(2.934617155034,19.830011870663));
#1205 = CARTESIAN_POINT('',(3.002574687726,19.942568021435));
#1206 = CARTESIAN_POINT('',(3.071709643022,20.));
#1207 = CARTESIAN_POINT('',(3.14159265359,20.));
#1208 = ( GEOMETRIC_REPRESENTATION_CONTEXT(2) 
PARAMETRIC_REPRESENTATION_CONTEXT() REPRESENTATION_CONTEXT('2D SPACE',''
  ) );
#1209 = ORIENTED_EDGE('',*,*,#733,.T.);
#1210 = ORIENTED_EDGE('',*,*,#1211,.F.);
#1211 = EDGE_CURVE('',#504,#529,#1212,.T.);
#1212 = SURFACE_CURVE('',#1213,(#1276,#1342),.PCURVE_S1.);
#1213 = B_SPLINE_CURVE_WITH_KNOTS('',6,(#1214,#1215,#1216,#1217,#1218,
    #1219,#1220,#1221,#1222,#1223,#1224,#1225,#1226,#1227,#1228,#1229,
    #1230,#1231,#1232,#1233,#1234,#1235,#1236,#1237,#1238,#1239,#1240,
    #1241,#1242,#1243,#1244,#1245,#1246,#1247,#1248,#1249,#1250,#1251,
    #1252,#1253,#1254,#1255,#1256,#1257,#1258,#1259,#1260,#1261,#1262,
    #1263,#1264,#1265,#1266,#1267,#1268,#1269,#1270,#1271,#1272,#1273,
    #1274,#1275),.UNSPECIFIED.,.F.,.F.,(7,5,5,5,5,5,5,5,5,5,5,5,7),(0.,
    6.249071625715E-02,0.151052475599,0.189034358212,0.287249671549,
    0.400451594416,0.500049206509,0.566007792362,0.601116649098,
    0.713807084132,0.847926379166,0.896639409379,1.),.UNSPECIFIED.);
#1214 = CARTESIAN_POINT('',(20.,0.,184.));
#1215 = CARTESIAN_POINT('',(20.,-0.587569454742,184.));
#1216 = CARTESIAN_POINT('',(19.979285651109,-1.173996440113,
    183.97040809258));
#1217 = CARTESIAN_POINT('',(19.938008504362,-1.7548618905,
    183.91144064672));
#1218 = CARTESIAN_POINT('',(19.877195148986,-2.325776552444,
    183.8243254079));
#1219 = CARTESIAN_POINT('',(19.798736891466,-2.882452343756,
    183.7112963936));
#1220 = CARTESIAN_POINT('',(19.572851556384,-4.183662633118,
    183.38342005391));
#1221 = CARTESIAN_POINT('',(19.410324587148,-4.909575790848,
    183.14579377178));
#1222 = CARTESIAN_POINT('',(19.223460203439,-5.597237688874,
    182.86955112314));
#1223 = CARTESIAN_POINT('',(19.017717692962,-6.246129500048,
    182.56073655639));
#1224 = CARTESIAN_POINT('',(18.798153563585,-6.856297623471,
    182.22482689567));
#1225 = CARTESIAN_POINT('',(18.471270425288,-7.673457641845,
    181.71331618603));
#1226 = CARTESIAN_POINT('',(18.371343177242,-7.911987911305,
    181.55553870967));
#1227 = CARTESIAN_POINT('',(18.269897992873,-8.143932891157,
    181.39379580605));
#1228 = CARTESIAN_POINT('',(18.167206733225,-8.369448345289,
    181.22833378441));
#1229 = CARTESIAN_POINT('',(18.063518567645,-8.588692203603,
    181.05936176674));
#1230 = CARTESIAN_POINT('',(17.688950686853,-9.35295276405,
    180.44148209772));
#1231 = CARTESIAN_POINT('',(17.413571970124,-9.863471886634,
    179.97338226625));
#1232 = CARTESIAN_POINT('',(17.137043994039,-10.33569367216,
    179.48598289774));
#1233 = CARTESIAN_POINT('',(16.862779737179,-10.77179120221,
    178.98126877476));
#1234 = CARTESIAN_POINT('',(16.593834850179,-11.17355846896,
    178.4602533352));
#1235 = CARTESIAN_POINT('',(16.033066456195,-11.96709959173,
    177.30425818915));
#1236 = CARTESIAN_POINT('',(15.743814911897,-12.34827521981,
    176.66361094393));
#1237 = CARTESIAN_POINT('',(15.471139035039,-12.68638392284,
    176.00325956199));
#1238 = CARTESIAN_POINT('',(15.220704646123,-12.98158135446,
    175.3246233571));
#1239 = CARTESIAN_POINT('',(14.998366018008,-13.23358215526,
    174.6285888274));
#1240 = CARTESIAN_POINT('',(14.643993823102,-13.62403574715,
    173.28824931378));
#1241 = CARTESIAN_POINT('',(14.504137574516,-13.77269460462,
    172.64709331983));
#1242 = CARTESIAN_POINT('',(14.395266718438,-13.88530396033,
    171.99604464938));
#1243 = CARTESIAN_POINT('',(14.321057111709,-13.961027707,
    171.33830225118));
#1244 = CARTESIAN_POINT('',(14.283490932304,-13.99935311329,
    170.67660319457));
#1245 = CARTESIAN_POINT('',(14.282447577299,-14.00041754928,
    169.57439303164));
#1246 = CARTESIAN_POINT('',(14.298233195104,-13.98431294667,
    169.13543389282));
#1247 = CARTESIAN_POINT('',(14.330200050767,-13.95170458592,
    168.69759381788));
#1248 = CARTESIAN_POINT('',(14.377955668802,-13.90271018816,
    168.261840429));
#1249 = CARTESIAN_POINT('',(14.440731478548,-13.83754694001,
    167.8292110802));
#1250 = CARTESIAN_POINT('',(14.558241195851,-13.71353839569,
    167.17286264973));
#1251 = CARTESIAN_POINT('',(14.603013258609,-13.66598298833,
    166.94602087733));
#1252 = CARTESIAN_POINT('',(14.651590060027,-13.61398938661,
    166.72042229024));
#1253 = CARTESIAN_POINT('',(14.703808929431,-13.55759829674,
    166.49615700102));
#1254 = CARTESIAN_POINT('',(14.75949272849,-13.49685449992,
    166.27332294674));
#1255 = CARTESIAN_POINT('',(15.007693260216,-13.22303081641,
    165.34171918596));
#1256 = CARTESIAN_POINT('',(15.230382916867,-12.97025811404,
    164.64834009209));
#1257 = CARTESIAN_POINT('',(15.480834820616,-12.67456452565,
    163.97229973921));
#1258 = CARTESIAN_POINT('',(15.753253295568,-12.33621962642,
    163.31446874263));
#1259 = CARTESIAN_POINT('',(16.04203539477,-11.95505040174,
    162.67624434008));
#1260 = CARTESIAN_POINT('',(16.698293980623,-11.02495395382,
    161.32564102451));
#1261 = CARTESIAN_POINT('',(17.070228210487,-10.45800160181,
    160.62237392555));
#1262 = CARTESIAN_POINT('',(17.449793004474,-9.826138826107,
    159.94972984595));
#1263 = CARTESIAN_POINT('',(17.82952802722,-9.123800808499,
    159.31070331602));
#1264 = CARTESIAN_POINT('',(18.199872643604,-8.344427264053,
    158.71232077487));
#1265 = CARTESIAN_POINT('',(18.674130357369,-7.168747665712,
    157.96893990684));
#1266 = CARTESIAN_POINT('',(18.797599947152,-6.844370122716,
    157.77776495812));
#1267 = CARTESIAN_POINT('',(18.917523715674,-6.508605887255,
    157.59412758906));
#1268 = CARTESIAN_POINT('',(19.033180121743,-6.161238536552,
    157.41877137388));
#1269 = CARTESIAN_POINT('',(19.143783266826,-5.802087813947,
    157.25253481686));
#1270 = CARTESIAN_POINT('',(19.470640087577,-4.643648050112,
    156.76495965318));
#1271 = CARTESIAN_POINT('',(19.669072541806,-3.792488067216,
    156.47458079796));
#1272 = CARTESIAN_POINT('',(19.830011875091,-2.889054699794,
    156.2428453058));
#1273 = CARTESIAN_POINT('',(19.94256801969,-1.946251955596,
    156.08204436733));
#1274 = CARTESIAN_POINT('',(20.,-0.978362139404,156.));
#1275 = CARTESIAN_POINT('',(20.,-3.552713678801E-15,156.));
#1276 = PCURVE('',#231,#1277);
#1277 = DEFINITIONAL_REPRESENTATION('',(#1278),#1341);
#1278 = B_SPLINE_CURVE_WITH_KNOTS('',6,(#1279,#1280,#1281,#1282,#1283,
    #1284,#1285,#1286,#1287,#1288,#1289,#1290,#1291,#1292,#1293,#1294,
    #1295,#1296,#1297,#1298,#1299,#1300,#1301,#1302,#1303,#1304,#1305,
    #1306,#1307,#1308,#1309,#1310,#1311,#1312,#1313,#1314,#1315,#1316,
    #1317,#1318,#1319,#1320,#1321,#1322,#1323,#1324,#1325,#1326,#1327,
    #1328,#1329,#1330,#1331,#1332,#1333,#1334,#1335,#1336,#1337,#1338,
    #1339,#1340),.UNSPECIFIED.,.F.,.F.,(7,5,5,5,5,5,5,5,5,5,5,5,7),(0.,
    6.249071625715E-02,0.151052475599,0.189034358212,0.287249671549,
    0.400451594416,0.500049206509,0.566007792362,0.601116649098,
    0.713807084132,0.847926379166,0.896639409379,1.),.UNSPECIFIED.);
#1279 = CARTESIAN_POINT('',(6.28318530718,184.));
#1280 = CARTESIAN_POINT('',(6.253806834442,184.));
#1281 = CARTESIAN_POINT('',(6.224485479916,183.97040809258));
#1282 = CARTESIAN_POINT('',(6.195396591306,183.91144064672));
#1283 = CARTESIAN_POINT('',(6.166714753937,183.8243254079));
#1284 = CARTESIAN_POINT('',(6.138620139242,183.7112963936));
#1285 = CARTESIAN_POINT('',(6.07258657956,183.38342005391));
#1286 = CARTESIAN_POINT('',(6.035435844968,183.14579377178));
#1287 = CARTESIAN_POINT('',(5.999856899429,182.86955112314));
#1288 = CARTESIAN_POINT('',(5.965859775236,182.56073655639));
#1289 = CARTESIAN_POINT('',(5.933456251925,182.22482689567));
#1290 = CARTESIAN_POINT('',(5.889450482935,181.71331618603));
#1291 = CARTESIAN_POINT('',(5.876521385829,181.55553870967));
#1292 = CARTESIAN_POINT('',(5.863865666863,181.39379580605));
#1293 = CARTESIAN_POINT('',(5.851477865474,181.22833378441));
#1294 = CARTESIAN_POINT('',(5.839352718817,181.05936176674));
#1295 = CARTESIAN_POINT('',(5.796797011163,180.44148209772));
#1296 = CARTESIAN_POINT('',(5.767816307156,179.97338226625));
#1297 = CARTESIAN_POINT('',(5.740477785993,179.48598289774));
#1298 = CARTESIAN_POINT('',(5.714735771713,178.98126877476));
#1299 = CARTESIAN_POINT('',(5.690569736036,178.4602533352));
#1300 = CARTESIAN_POINT('',(5.641985564096,177.30425818915));
#1301 = CARTESIAN_POINT('',(5.618074388531,176.66361094393));
#1302 = CARTESIAN_POINT('',(5.596368454502,176.00325956199));
#1303 = CARTESIAN_POINT('',(5.577018541703,175.3246233571));
#1304 = CARTESIAN_POINT('',(5.56021700306,174.6285888274));
#1305 = CARTESIAN_POINT('',(5.533852554463,173.28824931378));
#1306 = CARTESIAN_POINT('',(5.523648916156,172.64709331983));
#1307 = CARTESIAN_POINT('',(5.515817692096,171.99604464938));
#1308 = CARTESIAN_POINT('',(5.510516390147,171.33830225118));
#1309 = CARTESIAN_POINT('',(5.507833101677,170.67660319457));
#1310 = CARTESIAN_POINT('',(5.507758576285,169.57439303164));
#1311 = CARTESIAN_POINT('',(5.508886121396,169.13543389282));
#1312 = CARTESIAN_POINT('',(5.511169316659,168.69759381788));
#1313 = CARTESIAN_POINT('',(5.514590203717,168.261840429));
#1314 = CARTESIAN_POINT('',(5.519114165255,167.8292110802));
#1315 = CARTESIAN_POINT('',(5.527656216052,167.17286264973));
#1316 = CARTESIAN_POINT('',(5.530921950965,166.94602087733));
#1317 = CARTESIAN_POINT('',(5.534479661456,166.72042229024));
#1318 = CARTESIAN_POINT('',(5.538322370147,166.49615700102));
#1319 = CARTESIAN_POINT('',(5.542442528008,166.27332294674));
#1320 = CARTESIAN_POINT('',(5.560921090831,165.34171918596));
#1321 = CARTESIAN_POINT('',(5.577763160659,164.64834009209));
#1322 = CARTESIAN_POINT('',(5.597132519782,163.97229973921));
#1323 = CARTESIAN_POINT('',(5.618839581093,163.31446874263));
#1324 = CARTESIAN_POINT('',(5.642736369009,162.67624434008));
#1325 = CARTESIAN_POINT('',(5.69965198053,161.32564102451));
#1326 = CARTESIAN_POINT('',(5.733535745354,160.62237392555));
#1327 = CARTESIAN_POINT('',(5.770344407308,159.94972984595));
#1328 = CARTESIAN_POINT('',(5.810195139024,159.31070331602));
#1329 = CARTESIAN_POINT('',(5.853261567655,158.71232077487));
#1330 = CARTESIAN_POINT('',(5.916648137546,157.96893990684));
#1331 = CARTESIAN_POINT('',(5.933998832198,157.77776495812));
#1332 = CARTESIAN_POINT('',(5.951819875562,157.59412758906));
#1333 = CARTESIAN_POINT('',(5.970118830704,157.41877137388));
#1334 = CARTESIAN_POINT('',(5.988903317023,157.25253481686));
#1335 = CARTESIAN_POINT('',(6.04908674638,156.76495965318));
#1336 = CARTESIAN_POINT('',(6.092739894296,156.47458079796));
#1337 = CARTESIAN_POINT('',(6.13852217398,156.2428453058));
#1338 = CARTESIAN_POINT('',(6.185872629143,156.08204436733));
#1339 = CARTESIAN_POINT('',(6.234267200209,156.));
#1340 = CARTESIAN_POINT('',(6.28318530718,156.));
#1341 = ( GEOMETRIC_REPRESENTATION_CONTEXT(2) 
PARAMETRIC_REPRESENTATION_CONTEXT() REPRESENTATION_CONTEXT('2D SPACE',''
  ) );
#1342 = PCURVE('',#662,#1343);
#1343 = DEFINITIONAL_REPRESENTATION('',(#1344),#1407);
#1344 = B_SPLINE_CURVE_WITH_KNOTS('',6,(#1345,#1346,#1347,#1348,#1349,
    #1350,#1351,#1352,#1353,#1354,#1355,#1356,#1357,#1358,#1359,#1360,
    #1361,#1362,#1363,#1364,#1365,#1366,#1367,#1368,#1369,#1370,#1371,
    #1372,#1373,#1374,#1375,#1376,#1377,#1378,#1379,#1380,#1381,#1382,
    #1383,#1384,#1385,#1386,#1387,#1388,#1389,#1390,#1391,#1392,#1393,
    #1394,#1395,#1396,#1397,#1398,#1399,#1400,#1401,#1402,#1403,#1404,
    #1405,#1406),.UNSPECIFIED.,.F.,.F.,(7,5,5,5,5,5,5,5,5,5,5,5,7),(0.,
    6.249071625715E-02,0.151052475599,0.189034358212,0.287249671549,
    0.400451594416,0.500049206509,0.566007792362,0.601116649098,
    0.713807084132,0.847926379166,0.896639409379,1.),.UNSPECIFIED.);
#1345 = CARTESIAN_POINT('',(0.,20.));
#1346 = CARTESIAN_POINT('',(4.196924676728E-02,20.));
#1347 = CARTESIAN_POINT('',(8.385688814696E-02,19.979285651109));
#1348 = CARTESIAN_POINT('',(0.125480346854,19.938008504362));
#1349 = CARTESIAN_POINT('',(0.166656556799,19.877195148986));
#1350 = CARTESIAN_POINT('',(0.20718657287,19.798736891466));
#1351 = CARTESIAN_POINT('',(0.303035388542,19.572851556384));
#1352 = CARTESIAN_POINT('',(0.357461988197,19.410324587148));
#1353 = CARTESIAN_POINT('',(0.410232439099,19.223460203439));
#1354 = CARTESIAN_POINT('',(0.461424778542,19.017717692962));
#1355 = CARTESIAN_POINT('',(0.511098122463,18.798153563585));
#1356 = CARTESIAN_POINT('',(0.579958884879,18.471270425288));
#1357 = CARTESIAN_POINT('',(0.600380327976,18.371343177242));
#1358 = CARTESIAN_POINT('',(0.620569237277,18.269897992873));
#1359 = CARTESIAN_POINT('',(0.640539714866,18.167206733225));
#1360 = CARTESIAN_POINT('',(0.660305944025,18.063518567645));
#1361 = CARTESIAN_POINT('',(0.730504986465,17.688950686853));
#1362 = CARTESIAN_POINT('',(0.779883476837,17.413571970124));
#1363 = CARTESIAN_POINT('',(0.828234779992,17.137043994039));
#1364 = CARTESIAN_POINT('',(0.875767079001,16.862779737179));
#1365 = CARTESIAN_POINT('',(0.922690361137,16.593834850179));
#1366 = CARTESIAN_POINT('',(1.022844127896,16.033066456195));
#1367 = CARTESIAN_POINT('',(1.075979996879,15.743814911897));
#1368 = CARTESIAN_POINT('',(1.128812604596,15.471139035039));
#1369 = CARTESIAN_POINT('',(1.18151787585,15.220704646123));
#1370 = CARTESIAN_POINT('',(1.234284909658,14.998366018008));
#1371 = CARTESIAN_POINT('',(1.33400298212,14.643993823102));
#1372 = CARTESIAN_POINT('',(1.380941961779,14.504137574516));
#1373 = CARTESIAN_POINT('',(1.428022434139,14.395266718438));
#1374 = CARTESIAN_POINT('',(1.475200713103,14.321057111709));
#1375 = CARTESIAN_POINT('',(1.522467504946,14.283490932304));
#1376 = CARTESIAN_POINT('',(1.601196839011,14.282447577299));
#1377 = CARTESIAN_POINT('',(1.632549934186,14.298233195104));
#1378 = CARTESIAN_POINT('',(1.663877525267,14.330200050767));
#1379 = CARTESIAN_POINT('',(1.695165735614,14.377955668802));
#1380 = CARTESIAN_POINT('',(1.726394732869,14.440731478548));
#1381 = CARTESIAN_POINT('',(1.774106205265,14.558241195851));
#1382 = CARTESIAN_POINT('',(1.790658135591,14.603013258609));
#1383 = CARTESIAN_POINT('',(1.807189857272,14.651590060027));
#1384 = CARTESIAN_POINT('',(1.823702599005,14.703808929431));
#1385 = CARTESIAN_POINT('',(1.840196881165,14.75949272849));
#1386 = CARTESIAN_POINT('',(1.909554905904,15.007693260216));
#1387 = CARTESIAN_POINT('',(1.962163500198,15.230382916867));
#1388 = CARTESIAN_POINT('',(2.01471435999,15.480834820616));
#1389 = CARTESIAN_POINT('',(2.067395859962,15.753253295568));
#1390 = CARTESIAN_POINT('',(2.120383733412,16.04203539477));
#1391 = CARTESIAN_POINT('',(2.237518069305,16.698293980623));
#1392 = CARTESIAN_POINT('',(2.301858964793,17.070228210487));
#1393 = CARTESIAN_POINT('',(2.367491156226,17.449793004474));
#1394 = CARTESIAN_POINT('',(2.434982680333,17.82952802722));
#1395 = CARTESIAN_POINT('',(2.50487787824,18.199872643604));
#1396 = CARTESIAN_POINT('',(2.60423390763,18.674130357369));
#1397 = CARTESIAN_POINT('',(2.631115162321,18.797599947152));
#1398 = CARTESIAN_POINT('',(2.658429547257,18.917523715674));
#1399 = CARTESIAN_POINT('',(2.686200226139,19.033180121743));
#1400 = CARTESIAN_POINT('',(2.714451187528,19.143783266826));
#1401 = CARTESIAN_POINT('',(2.804227332792,19.470640087577));
#1402 = CARTESIAN_POINT('',(2.86830957794,19.669072541806));
#1403 = CARTESIAN_POINT('',(2.934617157644,19.830011875091));
#1404 = CARTESIAN_POINT('',(3.00257468581,19.94256801969));
#1405 = CARTESIAN_POINT('',(3.071709643632,20.));
#1406 = CARTESIAN_POINT('',(3.14159265359,20.));
#1407 = ( GEOMETRIC_REPRESENTATION_CONTEXT(2) 
PARAMETRIC_REPRESENTATION_CONTEXT() REPRESENTATION_CONTEXT('2D SPACE',''
  ) );
#1408 = ORIENTED_EDGE('',*,*,#503,.T.);
#1409 = ORIENTED_EDGE('',*,*,#1410,.F.);
#1410 = EDGE_CURVE('',#1411,#506,#1413,.T.);
#1411 = VERTEX_POINT('',#1412);
#1412 = CARTESIAN_POINT('',(20.,-7.347880794884E-16,294.));
#1413 = SURFACE_CURVE('',#1414,(#1477,#1543),.PCURVE_S1.);
#1414 = B_SPLINE_CURVE_WITH_KNOTS('',6,(#1415,#1416,#1417,#1418,#1419,
    #1420,#1421,#1422,#1423,#1424,#1425,#1426,#1427,#1428,#1429,#1430,
    #1431,#1432,#1433,#1434,#1435,#1436,#1437,#1438,#1439,#1440,#1441,
    #1442,#1443,#1444,#1445,#1446,#1447,#1448,#1449,#1450,#1451,#1452,
    #1453,#1454,#1455,#1456,#1457,#1458,#1459,#1460,#1461,#1462,#1463,
    #1464,#1465,#1466,#1467,#1468,#1469,#1470,#1471,#1472,#1473,#1474,
    #1475,#1476),.UNSPECIFIED.,.F.,.F.,(7,5,5,5,5,5,5,5,5,5,5,5,7),(0.,
    6.249071633959E-02,0.151052475741,0.189034358351,0.28724967168,
    0.400451594568,0.500049206706,0.566007792589,0.601116649341,
    0.713807084426,0.84792637952,0.896639409751,1.),.UNSPECIFIED.);
#1415 = CARTESIAN_POINT('',(20.,0.,294.));
#1416 = CARTESIAN_POINT('',(20.,-0.587569454743,294.));
#1417 = CARTESIAN_POINT('',(19.979285651109,-1.173996440112,
    293.97040809258));
#1418 = CARTESIAN_POINT('',(19.938008504362,-1.754861890501,
    293.91144064672));
#1419 = CARTESIAN_POINT('',(19.877195148987,-2.325776552443,
    293.8243254079));
#1420 = CARTESIAN_POINT('',(19.798736891466,-2.882452343757,
    293.7112963936));
#1421 = CARTESIAN_POINT('',(19.57285155647,-4.183662632623,
    293.38342005403));
#1422 = CARTESIAN_POINT('',(19.410324587181,-4.909575790929,
    293.14579377183));
#1423 = CARTESIAN_POINT('',(19.223460203305,-5.597237689338,
    292.86955112295));
#1424 = CARTESIAN_POINT('',(19.017717692862,-6.246129500204,
    292.56073655622));
#1425 = CARTESIAN_POINT('',(18.798153563757,-6.856297623041,
    292.22482689594));
#1426 = CARTESIAN_POINT('',(18.471270425288,-7.673457641845,
    291.71331618603));
#1427 = CARTESIAN_POINT('',(18.371343177243,-7.911987911302,
    291.55553870967));
#1428 = CARTESIAN_POINT('',(18.269897992873,-8.143932891156,
    291.39379580605));
#1429 = CARTESIAN_POINT('',(18.167206733224,-8.369448345291,
    291.22833378441));
#1430 = CARTESIAN_POINT('',(18.063518567645,-8.588692203603,
    291.05936176674));
#1431 = CARTESIAN_POINT('',(17.688950686856,-9.352952764045,
    290.44148209773));
#1432 = CARTESIAN_POINT('',(17.413571970121,-9.86347188664,
    289.97338226625));
#1433 = CARTESIAN_POINT('',(17.137043994041,-10.33569367216,
    289.48598289774));
#1434 = CARTESIAN_POINT('',(16.862779737177,-10.77179120221,
    288.98126877475));
#1435 = CARTESIAN_POINT('',(16.593834850182,-11.17355846895,
    288.4602533352));
#1436 = CARTESIAN_POINT('',(16.033066456112,-11.96709959184,
    287.30425818897));
#1437 = CARTESIAN_POINT('',(15.74381491193,-12.34827521975,
    286.66361094397));
#1438 = CARTESIAN_POINT('',(15.471139035116,-12.68638392276,
    286.00325956217));
#1439 = CARTESIAN_POINT('',(15.220704646117,-12.98158135447,
    285.32462335716));
#1440 = CARTESIAN_POINT('',(14.998366017959,-13.23358215532,
    284.62858882722));
#1441 = CARTESIAN_POINT('',(14.643993823102,-13.62403574715,
    283.28824931378));
#1442 = CARTESIAN_POINT('',(14.504137574517,-13.77269460462,
    282.64709331983));
#1443 = CARTESIAN_POINT('',(14.395266718439,-13.88530396033,
    281.99604464938));
#1444 = CARTESIAN_POINT('',(14.321057111709,-13.961027707,
    281.33830225118));
#1445 = CARTESIAN_POINT('',(14.283490932304,-13.99935311329,
    280.67660319457));
#1446 = CARTESIAN_POINT('',(14.282447577298,-14.00041754928,
    279.57439303165));
#1447 = CARTESIAN_POINT('',(14.298233195103,-13.98431294667,
    279.13543389282));
#1448 = CARTESIAN_POINT('',(14.330200050766,-13.95170458592,
    278.69759381789));
#1449 = CARTESIAN_POINT('',(14.377955668802,-13.90271018816,
    278.261840429));
#1450 = CARTESIAN_POINT('',(14.440731478547,-13.83754694001,
    277.8292110802));
#1451 = CARTESIAN_POINT('',(14.558241195851,-13.71353839569,
    277.17286264973));
#1452 = CARTESIAN_POINT('',(14.603013258609,-13.66598298833,
    276.94602087733));
#1453 = CARTESIAN_POINT('',(14.651590060027,-13.61398938661,
    276.72042229024));
#1454 = CARTESIAN_POINT('',(14.703808929431,-13.55759829673,
    276.49615700102));
#1455 = CARTESIAN_POINT('',(14.759492728489,-13.49685449992,
    276.27332294674));
#1456 = CARTESIAN_POINT('',(15.007693260216,-13.22303081641,
    275.34171918596));
#1457 = CARTESIAN_POINT('',(15.230382916866,-12.97025811405,
    274.64834009209));
#1458 = CARTESIAN_POINT('',(15.480834820616,-12.67456452565,
    273.97229973921));
#1459 = CARTESIAN_POINT('',(15.753253295566,-12.33621962642,
    273.31446874263));
#1460 = CARTESIAN_POINT('',(16.04203539477,-11.95505040174,
    272.67624434008));
#1461 = CARTESIAN_POINT('',(16.698293980622,-11.02495395383,
    271.32564102451));
#1462 = CARTESIAN_POINT('',(17.070228210486,-10.45800160181,
    270.62237392555));
#1463 = CARTESIAN_POINT('',(17.449793004472,-9.826138826109,
    269.94972984595));
#1464 = CARTESIAN_POINT('',(17.829528027219,-9.123800808502,
    269.31070331603));
#1465 = CARTESIAN_POINT('',(18.199872643603,-8.344427264056,
    268.71232077488));
#1466 = CARTESIAN_POINT('',(18.674130357358,-7.168747665738,
    267.96893990686));
#1467 = CARTESIAN_POINT('',(18.797599947154,-6.844370122713,
    267.77776495812));
#1468 = CARTESIAN_POINT('',(18.917523715683,-6.508605887231,
    267.59412758905));
#1469 = CARTESIAN_POINT('',(19.033180121744,-6.161238536544,
    267.41877137388));
#1470 = CARTESIAN_POINT('',(19.143783266818,-5.802087813975,
    267.25253481688));
#1471 = CARTESIAN_POINT('',(19.47064008671,-4.643648053183,
    266.76495965447));
#1472 = CARTESIAN_POINT('',(19.669072545605,-3.792488044754,
    266.47458079236));
#1473 = CARTESIAN_POINT('',(19.830011870133,-2.889054738741,
    266.24284531307));
#1474 = CARTESIAN_POINT('',(19.942568021866,-1.946251930027,
    266.08204436415));
#1475 = CARTESIAN_POINT('',(20.,-0.978362144332,266.));
#1476 = CARTESIAN_POINT('',(20.,-3.552713678801E-15,266.));
#1477 = PCURVE('',#231,#1478);
#1478 = DEFINITIONAL_REPRESENTATION('',(#1479),#1542);
#1479 = B_SPLINE_CURVE_WITH_KNOTS('',6,(#1480,#1481,#1482,#1483,#1484,
    #1485,#1486,#1487,#1488,#1489,#1490,#1491,#1492,#1493,#1494,#1495,
    #1496,#1497,#1498,#1499,#1500,#1501,#1502,#1503,#1504,#1505,#1506,
    #1507,#1508,#1509,#1510,#1511,#1512,#1513,#1514,#1515,#1516,#1517,
    #1518,#1519,#1520,#1521,#1522,#1523,#1524,#1525,#1526,#1527,#1528,
    #1529,#1530,#1531,#1532,#1533,#1534,#1535,#1536,#1537,#1538,#1539,
    #1540,#1541),.UNSPECIFIED.,.F.,.F.,(7,5,5,5,5,5,5,5,5,5,5,5,7),(0.,
    6.249071633959E-02,0.151052475741,0.189034358351,0.28724967168,
    0.400451594568,0.500049206706,0.566007792589,0.601116649341,
    0.713807084426,0.84792637952,0.896639409751,1.),.UNSPECIFIED.);
#1480 = CARTESIAN_POINT('',(6.28318530718,294.));
#1481 = CARTESIAN_POINT('',(6.253806834442,294.));
#1482 = CARTESIAN_POINT('',(6.224485479916,293.97040809258));
#1483 = CARTESIAN_POINT('',(6.195396591306,293.91144064672));
#1484 = CARTESIAN_POINT('',(6.166714753937,293.8243254079));
#1485 = CARTESIAN_POINT('',(6.138620139242,293.7112963936));
#1486 = CARTESIAN_POINT('',(6.072586579585,293.38342005403));
#1487 = CARTESIAN_POINT('',(6.035435844964,293.14579377183));
#1488 = CARTESIAN_POINT('',(5.999856899405,292.86955112295));
#1489 = CARTESIAN_POINT('',(5.965859775227,292.56073655622));
#1490 = CARTESIAN_POINT('',(5.933456251948,292.22482689594));
#1491 = CARTESIAN_POINT('',(5.889450482935,291.71331618603));
#1492 = CARTESIAN_POINT('',(5.876521385829,291.55553870967));
#1493 = CARTESIAN_POINT('',(5.863865666863,291.39379580605));
#1494 = CARTESIAN_POINT('',(5.851477865474,291.22833378441));
#1495 = CARTESIAN_POINT('',(5.839352718817,291.05936176674));
#1496 = CARTESIAN_POINT('',(5.796797011163,290.44148209773));
#1497 = CARTESIAN_POINT('',(5.767816307156,289.97338226625));
#1498 = CARTESIAN_POINT('',(5.740477785993,289.48598289774));
#1499 = CARTESIAN_POINT('',(5.714735771712,288.98126877475));
#1500 = CARTESIAN_POINT('',(5.690569736036,288.4602533352));
#1501 = CARTESIAN_POINT('',(5.641985564089,287.30425818897));
#1502 = CARTESIAN_POINT('',(5.618074388534,286.66361094397));
#1503 = CARTESIAN_POINT('',(5.596368454508,286.00325956217));
#1504 = CARTESIAN_POINT('',(5.577018541703,285.32462335716));
#1505 = CARTESIAN_POINT('',(5.560217003056,284.62858882722));
#1506 = CARTESIAN_POINT('',(5.533852554463,283.28824931378));
#1507 = CARTESIAN_POINT('',(5.523648916156,282.64709331983));
#1508 = CARTESIAN_POINT('',(5.515817692096,281.99604464938));
#1509 = CARTESIAN_POINT('',(5.510516390147,281.33830225118));
#1510 = CARTESIAN_POINT('',(5.507833101677,280.67660319457));
#1511 = CARTESIAN_POINT('',(5.507758576285,279.57439303165));
#1512 = CARTESIAN_POINT('',(5.508886121396,279.13543389282));
#1513 = CARTESIAN_POINT('',(5.511169316659,278.69759381789));
#1514 = CARTESIAN_POINT('',(5.514590203717,278.261840429));
#1515 = CARTESIAN_POINT('',(5.519114165255,277.8292110802));
#1516 = CARTESIAN_POINT('',(5.527656216052,277.17286264973));
#1517 = CARTESIAN_POINT('',(5.530921950965,276.94602087733));
#1518 = CARTESIAN_POINT('',(5.534479661456,276.72042229024));
#1519 = CARTESIAN_POINT('',(5.538322370147,276.49615700102));
#1520 = CARTESIAN_POINT('',(5.542442528008,276.27332294674));
#1521 = CARTESIAN_POINT('',(5.560921090831,275.34171918596));
#1522 = CARTESIAN_POINT('',(5.577763160659,274.64834009209));
#1523 = CARTESIAN_POINT('',(5.597132519782,273.97229973921));
#1524 = CARTESIAN_POINT('',(5.618839581093,273.31446874263));
#1525 = CARTESIAN_POINT('',(5.642736369009,272.67624434008));
#1526 = CARTESIAN_POINT('',(5.69965198053,271.32564102451));
#1527 = CARTESIAN_POINT('',(5.733535745354,270.62237392555));
#1528 = CARTESIAN_POINT('',(5.770344407308,269.94972984595));
#1529 = CARTESIAN_POINT('',(5.810195139024,269.31070331603));
#1530 = CARTESIAN_POINT('',(5.853261567655,268.71232077488));
#1531 = CARTESIAN_POINT('',(5.916648137545,267.96893990686));
#1532 = CARTESIAN_POINT('',(5.933998832198,267.77776495812));
#1533 = CARTESIAN_POINT('',(5.951819875563,267.59412758905));
#1534 = CARTESIAN_POINT('',(5.970118830704,267.41877137388));
#1535 = CARTESIAN_POINT('',(5.988903317021,267.25253481688));
#1536 = CARTESIAN_POINT('',(6.049086746221,266.76495965447));
#1537 = CARTESIAN_POINT('',(6.092739895441,266.47458079236));
#1538 = CARTESIAN_POINT('',(6.138522172007,266.24284531307));
#1539 = CARTESIAN_POINT('',(6.185872630432,266.08204436415));
#1540 = CARTESIAN_POINT('',(6.234267199963,266.));
#1541 = CARTESIAN_POINT('',(6.28318530718,266.));
#1542 = ( GEOMETRIC_REPRESENTATION_CONTEXT(2) 
PARAMETRIC_REPRESENTATION_CONTEXT() REPRESENTATION_CONTEXT('2D SPACE',''
  ) );
#1543 = PCURVE('',#1544,#1549);
#1544 = CYLINDRICAL_SURFACE('',#1545,14.);
#1545 = AXIS2_PLACEMENT_3D('',#1546,#1547,#1548);
#1546 = CARTESIAN_POINT('',(0.,0.,280.));
#1547 = DIRECTION('',(1.,0.,0.));
#1548 = DIRECTION('',(-0.,0.,1.));
#1549 = DEFINITIONAL_REPRESENTATION('',(#1550),#1613);
#1550 = B_SPLINE_CURVE_WITH_KNOTS('',6,(#1551,#1552,#1553,#1554,#1555,
    #1556,#1557,#1558,#1559,#1560,#1561,#1562,#1563,#1564,#1565,#1566,
    #1567,#1568,#1569,#1570,#1571,#1572,#1573,#1574,#1575,#1576,#1577,
    #1578,#1579,#1580,#1581,#1582,#1583,#1584,#1585,#1586,#1587,#1588,
    #1589,#1590,#1591,#1592,#1593,#1594,#1595,#1596,#1597,#1598,#1599,
    #1600,#1601,#1602,#1603,#1604,#1605,#1606,#1607,#1608,#1609,#1610,
    #1611,#1612),.UNSPECIFIED.,.F.,.F.,(7,5,5,5,5,5,5,5,5,5,5,5,7),(0.,
    6.249071633959E-02,0.151052475741,0.189034358351,0.28724967168,
    0.400451594568,0.500049206706,0.566007792589,0.601116649341,
    0.713807084426,0.84792637952,0.896639409751,1.),.UNSPECIFIED.);
#1551 = CARTESIAN_POINT('',(0.,20.));
#1552 = CARTESIAN_POINT('',(4.196924676733E-02,20.));
#1553 = CARTESIAN_POINT('',(8.385688814687E-02,19.979285651109));
#1554 = CARTESIAN_POINT('',(0.125480346854,19.938008504362));
#1555 = CARTESIAN_POINT('',(0.166656556799,19.877195148987));
#1556 = CARTESIAN_POINT('',(0.20718657287,19.798736891466));
#1557 = CARTESIAN_POINT('',(0.303035388505,19.57285155647));
#1558 = CARTESIAN_POINT('',(0.357461988201,19.410324587181));
#1559 = CARTESIAN_POINT('',(0.410232439133,19.223460203305));
#1560 = CARTESIAN_POINT('',(0.461424778558,19.017717692862));
#1561 = CARTESIAN_POINT('',(0.511098122426,18.798153563757));
#1562 = CARTESIAN_POINT('',(0.579958884879,18.471270425288));
#1563 = CARTESIAN_POINT('',(0.600380327976,18.371343177243));
#1564 = CARTESIAN_POINT('',(0.620569237277,18.269897992873));
#1565 = CARTESIAN_POINT('',(0.640539714866,18.167206733224));
#1566 = CARTESIAN_POINT('',(0.660305944025,18.063518567645));
#1567 = CARTESIAN_POINT('',(0.730504986464,17.688950686856));
#1568 = CARTESIAN_POINT('',(0.779883476837,17.413571970121));
#1569 = CARTESIAN_POINT('',(0.828234779992,17.137043994041));
#1570 = CARTESIAN_POINT('',(0.875767079001,16.862779737177));
#1571 = CARTESIAN_POINT('',(0.922690361136,16.593834850182));
#1572 = CARTESIAN_POINT('',(1.02284412791,16.033066456112));
#1573 = CARTESIAN_POINT('',(1.075979996874,15.74381491193));
#1574 = CARTESIAN_POINT('',(1.128812604582,15.471139035116));
#1575 = CARTESIAN_POINT('',(1.181517875847,15.220704646117));
#1576 = CARTESIAN_POINT('',(1.234284909672,14.998366017959));
#1577 = CARTESIAN_POINT('',(1.33400298212,14.643993823102));
#1578 = CARTESIAN_POINT('',(1.380941961779,14.504137574517));
#1579 = CARTESIAN_POINT('',(1.428022434139,14.395266718439));
#1580 = CARTESIAN_POINT('',(1.475200713103,14.321057111709));
#1581 = CARTESIAN_POINT('',(1.522467504946,14.283490932304));
#1582 = CARTESIAN_POINT('',(1.601196839011,14.282447577298));
#1583 = CARTESIAN_POINT('',(1.632549934186,14.298233195103));
#1584 = CARTESIAN_POINT('',(1.663877525267,14.330200050766));
#1585 = CARTESIAN_POINT('',(1.695165735614,14.377955668802));
#1586 = CARTESIAN_POINT('',(1.726394732869,14.440731478547));
#1587 = CARTESIAN_POINT('',(1.774106205265,14.558241195851));
#1588 = CARTESIAN_POINT('',(1.790658135591,14.603013258609));
#1589 = CARTESIAN_POINT('',(1.807189857272,14.651590060027));
#1590 = CARTESIAN_POINT('',(1.823702599005,14.703808929431));
#1591 = CARTESIAN_POINT('',(1.840196881165,14.759492728489));
#1592 = CARTESIAN_POINT('',(1.909554905904,15.007693260216));
#1593 = CARTESIAN_POINT('',(1.962163500198,15.230382916866));
#1594 = CARTESIAN_POINT('',(2.01471435999,15.480834820616));
#1595 = CARTESIAN_POINT('',(2.067395859962,15.753253295566));
#1596 = CARTESIAN_POINT('',(2.120383733412,16.04203539477));
#1597 = CARTESIAN_POINT('',(2.237518069305,16.698293980622));
#1598 = CARTESIAN_POINT('',(2.301858964793,17.070228210486));
#1599 = CARTESIAN_POINT('',(2.367491156225,17.449793004472));
#1600 = CARTESIAN_POINT('',(2.434982680333,17.829528027219));
#1601 = CARTESIAN_POINT('',(2.50487787824,18.199872643603));
#1602 = CARTESIAN_POINT('',(2.604233907628,18.674130357358));
#1603 = CARTESIAN_POINT('',(2.631115162322,18.797599947154));
#1604 = CARTESIAN_POINT('',(2.658429547259,18.917523715683));
#1605 = CARTESIAN_POINT('',(2.68620022614,19.033180121744));
#1606 = CARTESIAN_POINT('',(2.714451187526,19.143783266818));
#1607 = CARTESIAN_POINT('',(2.804227332554,19.47064008671));
#1608 = CARTESIAN_POINT('',(2.868309579612,19.669072545605));
#1609 = CARTESIAN_POINT('',(2.934617154785,19.830011870133));
#1610 = CARTESIAN_POINT('',(3.002574687668,19.942568021866));
#1611 = CARTESIAN_POINT('',(3.07170964328,20.));
#1612 = CARTESIAN_POINT('',(3.14159265359,20.));
#1613 = ( GEOMETRIC_REPRESENTATION_CONTEXT(2) 
PARAMETRIC_REPRESENTATION_CONTEXT() REPRESENTATION_CONTEXT('2D SPACE',''
  ) );
#1614 = ORIENTED_EDGE('',*,*,#1615,.T.);
#1615 = EDGE_CURVE('',#1411,#1616,#1618,.T.);
#1616 = VERTEX_POINT('',#1617);
#1617 = CARTESIAN_POINT('',(20.,-4.898587196589E-15,376.));
#1618 = SEAM_CURVE('',#1619,(#1623,#1630),.PCURVE_S1.);
#1619 = LINE('',#1620,#1621);
#1620 = CARTESIAN_POINT('',(20.,-4.898587196589E-15,0.));
#1621 = VECTOR('',#1622,1.);
#1622 = DIRECTION('',(0.,0.,1.));
#1623 = PCURVE('',#231,#1624);
#1624 = DEFINITIONAL_REPRESENTATION('',(#1625),#1629);
#1625 = LINE('',#1626,#1627);
#1626 = CARTESIAN_POINT('',(0.,-0.));
#1627 = VECTOR('',#1628,1.);
#1628 = DIRECTION('',(0.,1.));
#1629 = ( GEOMETRIC_REPRESENTATION_CONTEXT(2) 
PARAMETRIC_REPRESENTATION_CONTEXT() REPRESENTATION_CONTEXT('2D SPACE',''
  ) );
#1630 = PCURVE('',#231,#1631);
#1631 = DEFINITIONAL_REPRESENTATION('',(#1632),#1636);
#1632 = LINE('',#1633,#1634);
#1633 = CARTESIAN_POINT('',(6.28318530718,-0.));
#1634 = VECTOR('',#1635,1.);
#1635 = DIRECTION('',(0.,1.));
#1636 = ( GEOMETRIC_REPRESENTATION_CONTEXT(2) 
PARAMETRIC_REPRESENTATION_CONTEXT() REPRESENTATION_CONTEXT('2D SPACE',''
  ) );
#1637 = ORIENTED_EDGE('',*,*,#1638,.F.);
#1638 = EDGE_CURVE('',#1639,#1616,#1641,.T.);
#1639 = VERTEX_POINT('',#1640);
#1640 = CARTESIAN_POINT('',(20.,-7.347880794884E-16,404.));
#1641 = SURFACE_CURVE('',#1642,(#1705,#1771),.PCURVE_S1.);
#1642 = B_SPLINE_CURVE_WITH_KNOTS('',6,(#1643,#1644,#1645,#1646,#1647,
    #1648,#1649,#1650,#1651,#1652,#1653,#1654,#1655,#1656,#1657,#1658,
    #1659,#1660,#1661,#1662,#1663,#1664,#1665,#1666,#1667,#1668,#1669,
    #1670,#1671,#1672,#1673,#1674,#1675,#1676,#1677,#1678,#1679,#1680,
    #1681,#1682,#1683,#1684,#1685,#1686,#1687,#1688,#1689,#1690,#1691,
    #1692,#1693,#1694,#1695,#1696,#1697,#1698,#1699,#1700,#1701,#1702,
    #1703,#1704),.UNSPECIFIED.,.F.,.F.,(7,5,5,5,5,5,5,5,5,5,5,5,7),(0.,
    6.249071630691E-02,0.151052475662,0.189034358252,0.287249671545,
    0.400451594344,0.500049206378,0.566007792192,0.601116648907,
    0.713807083874,0.847926378828,0.896639409008,1.),.UNSPECIFIED.);
#1643 = CARTESIAN_POINT('',(20.,0.,404.));
#1644 = CARTESIAN_POINT('',(20.,-0.587569454743,404.));
#1645 = CARTESIAN_POINT('',(19.979285651109,-1.173996440112,
    403.97040809258));
#1646 = CARTESIAN_POINT('',(19.938008504362,-1.754861890501,
    403.91144064672));
#1647 = CARTESIAN_POINT('',(19.877195148987,-2.325776552443,
    403.8243254079));
#1648 = CARTESIAN_POINT('',(19.798736891466,-2.882452343757,
    403.7112963936));
#1649 = CARTESIAN_POINT('',(19.57285155647,-4.183662632623,
    403.38342005403));
#1650 = CARTESIAN_POINT('',(19.410324587181,-4.909575790929,
    403.14579377183));
#1651 = CARTESIAN_POINT('',(19.223460203305,-5.597237689338,
    402.86955112295));
#1652 = CARTESIAN_POINT('',(19.017717692862,-6.246129500204,
    402.56073655622));
#1653 = CARTESIAN_POINT('',(18.798153563757,-6.856297623041,
    402.22482689594));
#1654 = CARTESIAN_POINT('',(18.471270425288,-7.673457641846,
    401.71331618603));
#1655 = CARTESIAN_POINT('',(18.371343177243,-7.911987911303,
    401.55553870967));
#1656 = CARTESIAN_POINT('',(18.269897992873,-8.143932891157,
    401.39379580605));
#1657 = CARTESIAN_POINT('',(18.167206733224,-8.36944834529,
    401.22833378441));
#1658 = CARTESIAN_POINT('',(18.063518567645,-8.588692203603,
    401.05936176674));
#1659 = CARTESIAN_POINT('',(17.688950686814,-9.352952764129,
    400.44148209766));
#1660 = CARTESIAN_POINT('',(17.413571970185,-9.863471886501,
    399.97338226635));
#1661 = CARTESIAN_POINT('',(17.137043994041,-10.33569367219,
    399.48598289777));
#1662 = CARTESIAN_POINT('',(16.862779737117,-10.77179120228,
    398.98126877462));
#1663 = CARTESIAN_POINT('',(16.593834850219,-11.1735584689,
    398.46025333528));
#1664 = CARTESIAN_POINT('',(16.033066456194,-11.96709959173,
    397.30425818914));
#1665 = CARTESIAN_POINT('',(15.7438149119,-12.34827521981,
    396.66361094394));
#1666 = CARTESIAN_POINT('',(15.471139035039,-12.68638392284,
    396.00325956199));
#1667 = CARTESIAN_POINT('',(15.220704646123,-12.98158135446,
    395.3246233571));
#1668 = CARTESIAN_POINT('',(14.998366018008,-13.23358215526,
    394.62858882741));
#1669 = CARTESIAN_POINT('',(14.643993823102,-13.62403574715,
    393.28824931378));
#1670 = CARTESIAN_POINT('',(14.504137574517,-13.77269460462,
    392.64709331983));
#1671 = CARTESIAN_POINT('',(14.395266718439,-13.88530396033,
    391.99604464938));
#1672 = CARTESIAN_POINT('',(14.321057111709,-13.961027707,
    391.33830225118));
#1673 = CARTESIAN_POINT('',(14.283490932304,-13.99935311329,
    390.67660319457));
#1674 = CARTESIAN_POINT('',(14.282447577298,-14.00041754928,
    389.57439303165));
#1675 = CARTESIAN_POINT('',(14.298233195103,-13.98431294667,
    389.13543389282));
#1676 = CARTESIAN_POINT('',(14.330200050766,-13.95170458592,
    388.69759381789));
#1677 = CARTESIAN_POINT('',(14.377955668802,-13.90271018816,
    388.261840429));
#1678 = CARTESIAN_POINT('',(14.440731478547,-13.83754694001,
    387.8292110802));
#1679 = CARTESIAN_POINT('',(14.558241195851,-13.71353839569,
    387.17286264973));
#1680 = CARTESIAN_POINT('',(14.603013258609,-13.66598298833,
    386.94602087733));
#1681 = CARTESIAN_POINT('',(14.651590060027,-13.61398938661,
    386.72042229024));
#1682 = CARTESIAN_POINT('',(14.703808929431,-13.55759829673,
    386.49615700102));
#1683 = CARTESIAN_POINT('',(14.759492728489,-13.49685449992,
    386.27332294674));
#1684 = CARTESIAN_POINT('',(15.007693260216,-13.22303081641,
    385.34171918596));
#1685 = CARTESIAN_POINT('',(15.230382916866,-12.97025811404,
    384.64834009209));
#1686 = CARTESIAN_POINT('',(15.480834820616,-12.67456452565,
    383.97229973922));
#1687 = CARTESIAN_POINT('',(15.753253295567,-12.33621962642,
    383.31446874263));
#1688 = CARTESIAN_POINT('',(16.04203539477,-11.95505040174,
    382.67624434008));
#1689 = CARTESIAN_POINT('',(16.698293980622,-11.02495395383,
    381.32564102451));
#1690 = CARTESIAN_POINT('',(17.070228210486,-10.45800160181,
    380.62237392555));
#1691 = CARTESIAN_POINT('',(17.449793004472,-9.82613882611,
    379.94972984595));
#1692 = CARTESIAN_POINT('',(17.829528027219,-9.123800808502,
    379.31070331603));
#1693 = CARTESIAN_POINT('',(18.199872643603,-8.344427264056,
    378.71232077488));
#1694 = CARTESIAN_POINT('',(18.674130357358,-7.168747665739,
    377.96893990686));
#1695 = CARTESIAN_POINT('',(18.797599947154,-6.844370122713,
    377.77776495812));
#1696 = CARTESIAN_POINT('',(18.917523715683,-6.508605887231,
    377.59412758905));
#1697 = CARTESIAN_POINT('',(19.033180121744,-6.161238536544,
    377.41877137388));
#1698 = CARTESIAN_POINT('',(19.143783266818,-5.802087813975,
    377.25253481688));
#1699 = CARTESIAN_POINT('',(19.470640088539,-4.643648046699,
    376.76495965174));
#1700 = CARTESIAN_POINT('',(19.66907254115,-3.792488068232,
    376.47458079898));
#1701 = CARTESIAN_POINT('',(19.830011874563,-2.889054703359,
    376.24284530651));
#1702 = CARTESIAN_POINT('',(19.942568020121,-1.94625195641,
    376.08204436673));
#1703 = CARTESIAN_POINT('',(20.,-0.978362135789,376.));
#1704 = CARTESIAN_POINT('',(20.,-3.552713678801E-15,376.));
#1705 = PCURVE('',#231,#1706);
#1706 = DEFINITIONAL_REPRESENTATION('',(#1707),#1770);
#1707 = B_SPLINE_CURVE_WITH_KNOTS('',6,(#1708,#1709,#1710,#1711,#1712,
    #1713,#1714,#1715,#1716,#1717,#1718,#1719,#1720,#1721,#1722,#1723,
    #1724,#1725,#1726,#1727,#1728,#1729,#1730,#1731,#1732,#1733,#1734,
    #1735,#1736,#1737,#1738,#1739,#1740,#1741,#1742,#1743,#1744,#1745,
    #1746,#1747,#1748,#1749,#1750,#1751,#1752,#1753,#1754,#1755,#1756,
    #1757,#1758,#1759,#1760,#1761,#1762,#1763,#1764,#1765,#1766,#1767,
    #1768,#1769),.UNSPECIFIED.,.F.,.F.,(7,5,5,5,5,5,5,5,5,5,5,5,7),(0.,
    6.249071630691E-02,0.151052475662,0.189034358252,0.287249671545,
    0.400451594344,0.500049206378,0.566007792192,0.601116648907,
    0.713807083874,0.847926378828,0.896639409008,1.),.UNSPECIFIED.);
#1708 = CARTESIAN_POINT('',(6.28318530718,404.));
#1709 = CARTESIAN_POINT('',(6.253806834442,404.));
#1710 = CARTESIAN_POINT('',(6.224485479916,403.97040809258));
#1711 = CARTESIAN_POINT('',(6.195396591306,403.91144064672));
#1712 = CARTESIAN_POINT('',(6.166714753937,403.8243254079));
#1713 = CARTESIAN_POINT('',(6.138620139242,403.7112963936));
#1714 = CARTESIAN_POINT('',(6.072586579585,403.38342005403));
#1715 = CARTESIAN_POINT('',(6.035435844964,403.14579377183));
#1716 = CARTESIAN_POINT('',(5.999856899405,402.86955112295));
#1717 = CARTESIAN_POINT('',(5.965859775227,402.56073655622));
#1718 = CARTESIAN_POINT('',(5.933456251948,402.22482689594));
#1719 = CARTESIAN_POINT('',(5.889450482935,401.71331618603));
#1720 = CARTESIAN_POINT('',(5.876521385829,401.55553870967));
#1721 = CARTESIAN_POINT('',(5.863865666863,401.39379580605));
#1722 = CARTESIAN_POINT('',(5.851477865474,401.22833378441));
#1723 = CARTESIAN_POINT('',(5.839352718817,401.05936176674));
#1724 = CARTESIAN_POINT('',(5.796797011158,400.44148209766));
#1725 = CARTESIAN_POINT('',(5.767816307163,399.97338226635));
#1726 = CARTESIAN_POINT('',(5.740477785992,399.48598289777));
#1727 = CARTESIAN_POINT('',(5.714735771708,398.98126877462));
#1728 = CARTESIAN_POINT('',(5.690569736039,398.46025333528));
#1729 = CARTESIAN_POINT('',(5.641985564096,397.30425818914));
#1730 = CARTESIAN_POINT('',(5.618074388531,396.66361094394));
#1731 = CARTESIAN_POINT('',(5.596368454502,396.00325956199));
#1732 = CARTESIAN_POINT('',(5.577018541703,395.3246233571));
#1733 = CARTESIAN_POINT('',(5.56021700306,394.62858882741));
#1734 = CARTESIAN_POINT('',(5.533852554463,393.28824931378));
#1735 = CARTESIAN_POINT('',(5.523648916156,392.64709331983));
#1736 = CARTESIAN_POINT('',(5.515817692096,391.99604464938));
#1737 = CARTESIAN_POINT('',(5.510516390147,391.33830225118));
#1738 = CARTESIAN_POINT('',(5.507833101677,390.67660319457));
#1739 = CARTESIAN_POINT('',(5.507758576285,389.57439303165));
#1740 = CARTESIAN_POINT('',(5.508886121396,389.13543389282));
#1741 = CARTESIAN_POINT('',(5.511169316659,388.69759381789));
#1742 = CARTESIAN_POINT('',(5.514590203717,388.261840429));
#1743 = CARTESIAN_POINT('',(5.519114165255,387.8292110802));
#1744 = CARTESIAN_POINT('',(5.527656216052,387.17286264973));
#1745 = CARTESIAN_POINT('',(5.530921950965,386.94602087733));
#1746 = CARTESIAN_POINT('',(5.534479661456,386.72042229024));
#1747 = CARTESIAN_POINT('',(5.538322370147,386.49615700102));
#1748 = CARTESIAN_POINT('',(5.542442528008,386.27332294674));
#1749 = CARTESIAN_POINT('',(5.560921090831,385.34171918596));
#1750 = CARTESIAN_POINT('',(5.577763160659,384.64834009209));
#1751 = CARTESIAN_POINT('',(5.597132519782,383.97229973922));
#1752 = CARTESIAN_POINT('',(5.618839581093,383.31446874263));
#1753 = CARTESIAN_POINT('',(5.642736369009,382.67624434008));
#1754 = CARTESIAN_POINT('',(5.69965198053,381.32564102451));
#1755 = CARTESIAN_POINT('',(5.733535745354,380.62237392555));
#1756 = CARTESIAN_POINT('',(5.770344407308,379.94972984595));
#1757 = CARTESIAN_POINT('',(5.810195139024,379.31070331603));
#1758 = CARTESIAN_POINT('',(5.853261567655,378.71232077488));
#1759 = CARTESIAN_POINT('',(5.916648137545,377.96893990686));
#1760 = CARTESIAN_POINT('',(5.933998832198,377.77776495812));
#1761 = CARTESIAN_POINT('',(5.951819875563,377.59412758905));
#1762 = CARTESIAN_POINT('',(5.970118830704,377.41877137388));
#1763 = CARTESIAN_POINT('',(5.988903317021,377.25253481688));
#1764 = CARTESIAN_POINT('',(6.049086746558,376.76495965174));
#1765 = CARTESIAN_POINT('',(6.092739894238,376.47458079898));
#1766 = CARTESIAN_POINT('',(6.138522173803,376.24284530651));
#1767 = CARTESIAN_POINT('',(6.185872629103,376.08204436673));
#1768 = CARTESIAN_POINT('',(6.23426720039,376.));
#1769 = CARTESIAN_POINT('',(6.28318530718,376.));
#1770 = ( GEOMETRIC_REPRESENTATION_CONTEXT(2) 
PARAMETRIC_REPRESENTATION_CONTEXT() REPRESENTATION_CONTEXT('2D SPACE',''
  ) );
#1771 = PCURVE('',#1772,#1777);
#1772 = CYLINDRICAL_SURFACE('',#1773,14.);
#1773 = AXIS2_PLACEMENT_3D('',#1774,#1775,#1776);
#1774 = CARTESIAN_POINT('',(0.,0.,390.));
#1775 = DIRECTION('',(1.,0.,0.));
#1776 = DIRECTION('',(-0.,0.,1.));
#1777 = DEFINITIONAL_REPRESENTATION('',(#1778),#1841);
#1778 = B_SPLINE_CURVE_WITH_KNOTS('',6,(#1779,#1780,#1781,#1782,#1783,
    #1784,#1785,#1786,#1787,#1788,#1789,#1790,#1791,#1792,#1793,#1794,
    #1795,#1796,#1797,#1798,#1799,#1800,#1801,#1802,#1803,#1804,#1805,
    #1806,#1807,#1808,#1809,#1810,#1811,#1812,#1813,#1814,#1815,#1816,
    #1817,#1818,#1819,#1820,#1821,#1822,#1823,#1824,#1825,#1826,#1827,
    #1828,#1829,#1830,#1831,#1832,#1833,#1834,#1835,#1836,#1837,#1838,
    #1839,#1840),.UNSPECIFIED.,.F.,.F.,(7,5,5,5,5,5,5,5,5,5,5,5,7),(0.,
    6.249071630691E-02,0.151052475662,0.189034358252,0.287249671545,
    0.400451594344,0.500049206378,0.566007792192,0.601116648907,
    0.713807083874,0.847926378828,0.896639409008,1.),.UNSPECIFIED.);
#1779 = CARTESIAN_POINT('',(0.,20.));
#1780 = CARTESIAN_POINT('',(4.196924676733E-02,20.));
#1781 = CARTESIAN_POINT('',(8.385688814687E-02,19.979285651109));
#1782 = CARTESIAN_POINT('',(0.125480346854,19.938008504362));
#1783 = CARTESIAN_POINT('',(0.166656556799,19.877195148987));
#1784 = CARTESIAN_POINT('',(0.20718657287,19.798736891466));
#1785 = CARTESIAN_POINT('',(0.303035388505,19.57285155647));
#1786 = CARTESIAN_POINT('',(0.357461988201,19.410324587181));
#1787 = CARTESIAN_POINT('',(0.410232439133,19.223460203305));
#1788 = CARTESIAN_POINT('',(0.461424778558,19.017717692862));
#1789 = CARTESIAN_POINT('',(0.511098122426,18.798153563757));
#1790 = CARTESIAN_POINT('',(0.579958884879,18.471270425288));
#1791 = CARTESIAN_POINT('',(0.600380327976,18.371343177243));
#1792 = CARTESIAN_POINT('',(0.620569237277,18.269897992873));
#1793 = CARTESIAN_POINT('',(0.640539714866,18.167206733224));
#1794 = CARTESIAN_POINT('',(0.660305944025,18.063518567645));
#1795 = CARTESIAN_POINT('',(0.730504986472,17.688950686814));
#1796 = CARTESIAN_POINT('',(0.779883476825,17.413571970185));
#1797 = CARTESIAN_POINT('',(0.828234779992,17.137043994041));
#1798 = CARTESIAN_POINT('',(0.875767079012,16.862779737117));
#1799 = CARTESIAN_POINT('',(0.92269036113,16.593834850219));
#1800 = CARTESIAN_POINT('',(1.022844127896,16.033066456194));
#1801 = CARTESIAN_POINT('',(1.075979996878,15.7438149119));
#1802 = CARTESIAN_POINT('',(1.128812604596,15.471139035039));
#1803 = CARTESIAN_POINT('',(1.18151787585,15.220704646123));
#1804 = CARTESIAN_POINT('',(1.234284909658,14.998366018008));
#1805 = CARTESIAN_POINT('',(1.33400298212,14.643993823102));
#1806 = CARTESIAN_POINT('',(1.380941961779,14.504137574517));
#1807 = CARTESIAN_POINT('',(1.428022434139,14.395266718439));
#1808 = CARTESIAN_POINT('',(1.475200713103,14.321057111709));
#1809 = CARTESIAN_POINT('',(1.522467504946,14.283490932304));
#1810 = CARTESIAN_POINT('',(1.601196839011,14.282447577298));
#1811 = CARTESIAN_POINT('',(1.632549934186,14.298233195103));
#1812 = CARTESIAN_POINT('',(1.663877525267,14.330200050766));
#1813 = CARTESIAN_POINT('',(1.695165735614,14.377955668802));
#1814 = CARTESIAN_POINT('',(1.726394732869,14.440731478547));
#1815 = CARTESIAN_POINT('',(1.774106205265,14.558241195851));
#1816 = CARTESIAN_POINT('',(1.790658135591,14.603013258609));
#1817 = CARTESIAN_POINT('',(1.807189857272,14.651590060027));
#1818 = CARTESIAN_POINT('',(1.823702599005,14.703808929431));
#1819 = CARTESIAN_POINT('',(1.840196881165,14.759492728489));
#1820 = CARTESIAN_POINT('',(1.909554905904,15.007693260216));
#1821 = CARTESIAN_POINT('',(1.962163500198,15.230382916866));
#1822 = CARTESIAN_POINT('',(2.014714359989,15.480834820616));
#1823 = CARTESIAN_POINT('',(2.067395859962,15.753253295567));
#1824 = CARTESIAN_POINT('',(2.120383733412,16.04203539477));
#1825 = CARTESIAN_POINT('',(2.237518069305,16.698293980622));
#1826 = CARTESIAN_POINT('',(2.301858964793,17.070228210486));
#1827 = CARTESIAN_POINT('',(2.367491156225,17.449793004472));
#1828 = CARTESIAN_POINT('',(2.434982680333,17.829528027219));
#1829 = CARTESIAN_POINT('',(2.50487787824,18.199872643603));
#1830 = CARTESIAN_POINT('',(2.604233907628,18.674130357358));
#1831 = CARTESIAN_POINT('',(2.631115162322,18.797599947154));
#1832 = CARTESIAN_POINT('',(2.658429547259,18.917523715683));
#1833 = CARTESIAN_POINT('',(2.68620022614,19.033180121744));
#1834 = CARTESIAN_POINT('',(2.714451187526,19.143783266818));
#1835 = CARTESIAN_POINT('',(2.804227333057,19.470640088539));
#1836 = CARTESIAN_POINT('',(2.868309577845,19.66907254115));
#1837 = CARTESIAN_POINT('',(2.934617157396,19.830011874563));
#1838 = CARTESIAN_POINT('',(3.002574685752,19.942568020121));
#1839 = CARTESIAN_POINT('',(3.071709643891,20.));
#1840 = CARTESIAN_POINT('',(3.14159265359,20.));
#1841 = ( GEOMETRIC_REPRESENTATION_CONTEXT(2) 
PARAMETRIC_REPRESENTATION_CONTEXT() REPRESENTATION_CONTEXT('2D SPACE',''
  ) );
#1842 = ORIENTED_EDGE('',*,*,#1843,.T.);
#1843 = EDGE_CURVE('',#1639,#98,#1844,.T.);
#1844 = SEAM_CURVE('',#1845,(#1849,#1856),.PCURVE_S1.);
#1845 = LINE('',#1846,#1847);
#1846 = CARTESIAN_POINT('',(20.,-4.898587196589E-15,0.));
#1847 = VECTOR('',#1848,1.);
#1848 = DIRECTION('',(0.,0.,1.));
#1849 = PCURVE('',#231,#1850);
#1850 = DEFINITIONAL_REPRESENTATION('',(#1851),#1855);
#1851 = LINE('',#1852,#1853);
#1852 = CARTESIAN_POINT('',(0.,-0.));
#1853 = VECTOR('',#1854,1.);
#1854 = DIRECTION('',(0.,1.));
#1855 = ( GEOMETRIC_REPRESENTATION_CONTEXT(2) 
PARAMETRIC_REPRESENTATION_CONTEXT() REPRESENTATION_CONTEXT('2D SPACE',''
  ) );
#1856 = PCURVE('',#231,#1857);
#1857 = DEFINITIONAL_REPRESENTATION('',(#1858),#1862);
#1858 = LINE('',#1859,#1860);
#1859 = CARTESIAN_POINT('',(6.28318530718,-0.));
#1860 = VECTOR('',#1861,1.);
#1861 = DIRECTION('',(0.,1.));
#1862 = ( GEOMETRIC_REPRESENTATION_CONTEXT(2) 
PARAMETRIC_REPRESENTATION_CONTEXT() REPRESENTATION_CONTEXT('2D SPACE',''
  ) );
#1863 = ORIENTED_EDGE('',*,*,#97,.F.);
#1864 = ORIENTED_EDGE('',*,*,#1865,.T.);
#1865 = EDGE_CURVE('',#40,#1866,#1868,.T.);
#1866 = VERTEX_POINT('',#1867);
#1867 = CARTESIAN_POINT('',(20.,-4.898587196589E-15,600.));
#1868 = SEAM_CURVE('',#1869,(#1873,#1880),.PCURVE_S1.);
#1869 = LINE('',#1870,#1871);
#1870 = CARTESIAN_POINT('',(20.,-4.898587196589E-15,0.));
#1871 = VECTOR('',#1872,1.);
#1872 = DIRECTION('',(0.,0.,1.));
#1873 = PCURVE('',#231,#1874);
#1874 = DEFINITIONAL_REPRESENTATION('',(#1875),#1879);
#1875 = LINE('',#1876,#1877);
#1876 = CARTESIAN_POINT('',(0.,-0.));
#1877 = VECTOR('',#1878,1.);
#1878 = DIRECTION('',(0.,1.));
#1879 = ( GEOMETRIC_REPRESENTATION_CONTEXT(2) 
PARAMETRIC_REPRESENTATION_CONTEXT() REPRESENTATION_CONTEXT('2D SPACE',''
  ) );
#1880 = PCURVE('',#231,#1881);
#1881 = DEFINITIONAL_REPRESENTATION('',(#1882),#1886);
#1882 = LINE('',#1883,#1884);
#1883 = CARTESIAN_POINT('',(6.28318530718,-0.));
#1884 = VECTOR('',#1885,1.);
#1885 = DIRECTION('',(0.,1.));
#1886 = ( GEOMETRIC_REPRESENTATION_CONTEXT(2) 
PARAMETRIC_REPRESENTATION_CONTEXT() REPRESENTATION_CONTEXT('2D SPACE',''
  ) );
#1887 = ORIENTED_EDGE('',*,*,#1888,.F.);
#1888 = EDGE_CURVE('',#1866,#1866,#1889,.T.);
#1889 = SURFACE_CURVE('',#1890,(#1895,#1902),.PCURVE_S1.);
#1890 = CIRCLE('',#1891,20.);
#1891 = AXIS2_PLACEMENT_3D('',#1892,#1893,#1894);
#1892 = CARTESIAN_POINT('',(0.,0.,600.));
#1893 = DIRECTION('',(0.,0.,1.));
#1894 = DIRECTION('',(1.,0.,-0.));
#1895 = PCURVE('',#231,#1896);
#1896 = DEFINITIONAL_REPRESENTATION('',(#1897),#1901);
#1897 = LINE('',#1898,#1899);
#1898 = CARTESIAN_POINT('',(0.,600.));
#1899 = VECTOR('',#1900,1.);
#1900 = DIRECTION('',(1.,0.));
#1901 = ( GEOMETRIC_REPRESENTATION_CONTEXT(2) 
PARAMETRIC_REPRESENTATION_CONTEXT() REPRESENTATION_CONTEXT('2D SPACE',''
  ) );
#1902 = PCURVE('',#1903,#1908);
#1903 = PLANE('',#1904);
#1904 = AXIS2_PLACEMENT_3D('',#1905,#1906,#1907);
#1905 = CARTESIAN_POINT('',(0.,0.,600.));
#1906 = DIRECTION('',(0.,0.,1.));
#1907 = DIRECTION('',(1.,0.,-0.));
#1908 = DEFINITIONAL_REPRESENTATION('',(#1909),#1913);
#1909 = CIRCLE('',#1910,20.);
#1910 = AXIS2_PLACEMENT_2D('',#1911,#1912);
#1911 = CARTESIAN_POINT('',(0.,0.));
#1912 = DIRECTION('',(1.,0.));
#1913 = ( GEOMETRIC_REPRESENTATION_CONTEXT(2) 
PARAMETRIC_REPRESENTATION_CONTEXT() REPRESENTATION_CONTEXT('2D SPACE',''
  ) );
#1914 = ORIENTED_EDGE('',*,*,#1865,.F.);
#1915 = ORIENTED_EDGE('',*,*,#302,.F.);
#1916 = ORIENTED_EDGE('',*,*,#1843,.F.);
#1917 = ORIENTED_EDGE('',*,*,#1918,.F.);
#1918 = EDGE_CURVE('',#1616,#1639,#1919,.T.);
#1919 = SURFACE_CURVE('',#1920,(#1983,#2049),.PCURVE_S1.);
#1920 = B_SPLINE_CURVE_WITH_KNOTS('',6,(#1921,#1922,#1923,#1924,#1925,
    #1926,#1927,#1928,#1929,#1930,#1931,#1932,#1933,#1934,#1935,#1936,
    #1937,#1938,#1939,#1940,#1941,#1942,#1943,#1944,#1945,#1946,#1947,
    #1948,#1949,#1950,#1951,#1952,#1953,#1954,#1955,#1956,#1957,#1958,
    #1959,#1960,#1961,#1962,#1963,#1964,#1965,#1966,#1967,#1968,#1969,
    #1970,#1971,#1972,#1973,#1974,#1975,#1976,#1977,#1978,#1979,#1980,
    #1981,#1982),.UNSPECIFIED.,.F.,.F.,(7,5,5,5,5,5,5,5,5,5,5,5,7),(0.,
    6.249071618165E-02,0.151052475423,0.189034357997,0.287249671247,
    0.400451594028,0.500049206072,0.566007791893,0.601116648611,
    0.713807083617,0.847926378653,0.896639408878,1.),.UNSPECIFIED.);
#1921 = CARTESIAN_POINT('',(20.,-8.572527594031E-16,376.));
#1922 = CARTESIAN_POINT('',(20.,0.587569454742,376.));
#1923 = CARTESIAN_POINT('',(19.979285651109,1.173996440113,
    376.02959190741));
#1924 = CARTESIAN_POINT('',(19.938008504361,1.754861890501,
    376.08855935327));
#1925 = CARTESIAN_POINT('',(19.877195148987,2.325776552444,
    376.17567459209));
#1926 = CARTESIAN_POINT('',(19.798736891466,2.882452343756,
    376.28870360639));
#1927 = CARTESIAN_POINT('',(19.572851556373,4.183662633178,
    376.6165799461));
#1928 = CARTESIAN_POINT('',(19.410324587144,4.909575790837,
    376.85420622822));
#1929 = CARTESIAN_POINT('',(19.223460203455,5.597237688818,
    377.13044887682));
#1930 = CARTESIAN_POINT('',(19.017717692973,6.246129500031,
    377.43926344358));
#1931 = CARTESIAN_POINT('',(18.798153563566,6.85629762352,
    377.77517310435));
#1932 = CARTESIAN_POINT('',(18.471270425287,7.673457641847,
    378.28668381397));
#1933 = CARTESIAN_POINT('',(18.371343177242,7.911987911304,
    378.44446129032));
#1934 = CARTESIAN_POINT('',(18.269897992873,8.143932891156,
    378.60620419394));
#1935 = CARTESIAN_POINT('',(18.167206733225,8.369448345289,
    378.77166621558));
#1936 = CARTESIAN_POINT('',(18.063518567646,8.588692203602,
    378.94063823325));
#1937 = CARTESIAN_POINT('',(17.688950686814,9.352952764131,
    379.55851790233));
#1938 = CARTESIAN_POINT('',(17.413571970185,9.8634718865,380.02661773364
    ));
#1939 = CARTESIAN_POINT('',(17.137043994042,10.335693672198,
    380.51401710222));
#1940 = CARTESIAN_POINT('',(16.862779737118,10.771791202288,
    381.01873122537));
#1941 = CARTESIAN_POINT('',(16.593834850218,11.173558468908,
    381.53974666471));
#1942 = CARTESIAN_POINT('',(16.033066456112,11.967099591847,
    382.69574181102));
#1943 = CARTESIAN_POINT('',(15.74381491193,12.348275219754,
    383.33638905602));
#1944 = CARTESIAN_POINT('',(15.471139035116,12.686383922764,
    383.99674043782));
#1945 = CARTESIAN_POINT('',(15.220704646117,12.981581354474,
    384.67537664283));
#1946 = CARTESIAN_POINT('',(14.998366017959,13.23358215532,
    385.37141117277));
#1947 = CARTESIAN_POINT('',(14.643993823102,13.624035747153,
    386.71175068621));
#1948 = CARTESIAN_POINT('',(14.504137574517,13.772694604623,
    387.35290668016));
#1949 = CARTESIAN_POINT('',(14.395266718438,13.885303960334,
    388.00395535061));
#1950 = CARTESIAN_POINT('',(14.321057111709,13.961027707004,
    388.66169774881));
#1951 = CARTESIAN_POINT('',(14.283490932304,13.999353113299,
    389.32339680542));
#1952 = CARTESIAN_POINT('',(14.282447577298,14.000417549286,
    390.42560696834));
#1953 = CARTESIAN_POINT('',(14.298233195103,13.984312946671,
    390.86456610717));
#1954 = CARTESIAN_POINT('',(14.330200050766,13.951704585929,
    391.3024061821));
#1955 = CARTESIAN_POINT('',(14.377955668802,13.90271018816,
    391.73815957099));
#1956 = CARTESIAN_POINT('',(14.440731478547,13.837546940013,
    392.17078891979));
#1957 = CARTESIAN_POINT('',(14.558241195851,13.713538395693,
    392.82713735026));
#1958 = CARTESIAN_POINT('',(14.603013258609,13.665982988331,
    393.05397912266));
#1959 = CARTESIAN_POINT('',(14.651590060027,13.613989386612,
    393.27957770975));
#1960 = CARTESIAN_POINT('',(14.703808929431,13.55759829674,
    393.50384299898));
#1961 = CARTESIAN_POINT('',(14.759492728489,13.496854499921,
    393.72667705325));
#1962 = CARTESIAN_POINT('',(15.007693260263,13.223030816359,
    394.65828081421));
#1963 = CARTESIAN_POINT('',(15.230382916874,12.970258114038,
    395.35165990786));
#1964 = CARTESIAN_POINT('',(15.480834820543,12.674564525731,
    396.0277002606));
#1965 = CARTESIAN_POINT('',(15.753253295536,12.33621962648,
    396.68553125732));
#1966 = CARTESIAN_POINT('',(16.042035394848,11.955050401637,
    397.32375566007));
#1967 = CARTESIAN_POINT('',(16.698293980622,11.024953953832,
    398.67435897548));
#1968 = CARTESIAN_POINT('',(17.070228210486,10.458001601815,
    399.37762607444));
#1969 = CARTESIAN_POINT('',(17.449793004473,9.826138826108,
    400.05027015404));
#1970 = CARTESIAN_POINT('',(17.829528027218,9.123800808502,
    400.68929668396));
#1971 = CARTESIAN_POINT('',(18.199872643602,8.344427264058,
    401.28767922511));
#1972 = CARTESIAN_POINT('',(18.674130357399,7.168747665637,
    402.03106009319));
#1973 = CARTESIAN_POINT('',(18.797599947139,6.844370122736,
    402.22223504185));
#1974 = CARTESIAN_POINT('',(18.917523715644,6.508605887346,
    402.40587241088));
#1975 = CARTESIAN_POINT('',(19.033180121737,6.161238536585,
    402.5812286261));
#1976 = CARTESIAN_POINT('',(19.143783266853,5.802087813854,
    402.74746518317));
#1977 = CARTESIAN_POINT('',(19.47064008854,4.643648046698,
    403.23504034825));
#1978 = CARTESIAN_POINT('',(19.669072541149,3.792488068237,
    403.52541920101));
#1979 = CARTESIAN_POINT('',(19.830011874564,2.889054703349,
    403.75715469348));
#1980 = CARTESIAN_POINT('',(19.94256802012,1.946251956418,
    403.91795563326));
#1981 = CARTESIAN_POINT('',(20.,0.978362135786,404.));
#1982 = CARTESIAN_POINT('',(20.,1.714505518806E-15,404.));
#1983 = PCURVE('',#231,#1984);
#1984 = DEFINITIONAL_REPRESENTATION('',(#1985),#2048);
#1985 = B_SPLINE_CURVE_WITH_KNOTS('',6,(#1986,#1987,#1988,#1989,#1990,
    #1991,#1992,#1993,#1994,#1995,#1996,#1997,#1998,#1999,#2000,#2001,
    #2002,#2003,#2004,#2005,#2006,#2007,#2008,#2009,#2010,#2011,#2012,
    #2013,#2014,#2015,#2016,#2017,#2018,#2019,#2020,#2021,#2022,#2023,
    #2024,#2025,#2026,#2027,#2028,#2029,#2030,#2031,#2032,#2033,#2034,
    #2035,#2036,#2037,#2038,#2039,#2040,#2041,#2042,#2043,#2044,#2045,
    #2046,#2047),.UNSPECIFIED.,.F.,.F.,(7,5,5,5,5,5,5,5,5,5,5,5,7),(0.,
    6.249071618165E-02,0.151052475423,0.189034357997,0.287249671247,
    0.400451594028,0.500049206072,0.566007791893,0.601116648611,
    0.713807083617,0.847926378653,0.896639408878,1.),.UNSPECIFIED.);
#1986 = CARTESIAN_POINT('',(0.,376.));
#1987 = CARTESIAN_POINT('',(2.93784727371E-02,376.));
#1988 = CARTESIAN_POINT('',(5.869982726394E-02,376.02959190741));
#1989 = CARTESIAN_POINT('',(8.778871587337E-02,376.08855935327));
#1990 = CARTESIAN_POINT('',(0.116470553242,376.17567459209));
#1991 = CARTESIAN_POINT('',(0.144565167937,376.28870360639));
#1992 = CARTESIAN_POINT('',(0.210598727623,376.6165799461));
#1993 = CARTESIAN_POINT('',(0.247749462211,376.85420622822));
#1994 = CARTESIAN_POINT('',(0.283328407748,377.13044887682));
#1995 = CARTESIAN_POINT('',(0.317325531942,377.43926344358));
#1996 = CARTESIAN_POINT('',(0.349729055258,377.77517310435));
#1997 = CARTESIAN_POINT('',(0.393734824244,378.28668381397));
#1998 = CARTESIAN_POINT('',(0.40666392135,378.44446129032));
#1999 = CARTESIAN_POINT('',(0.419319640316,378.60620419394));
#2000 = CARTESIAN_POINT('',(0.431707441706,378.77166621558));
#2001 = CARTESIAN_POINT('',(0.443832588363,378.94063823325));
#2002 = CARTESIAN_POINT('',(0.486388296021,379.55851790233));
#2003 = CARTESIAN_POINT('',(0.515369000016,380.02661773364));
#2004 = CARTESIAN_POINT('',(0.542707521188,380.51401710222));
#2005 = CARTESIAN_POINT('',(0.568449535472,381.01873122537));
#2006 = CARTESIAN_POINT('',(0.59261557114,381.53974666471));
#2007 = CARTESIAN_POINT('',(0.64119974309,382.69574181102));
#2008 = CARTESIAN_POINT('',(0.665110918646,383.33638905602));
#2009 = CARTESIAN_POINT('',(0.686816852672,383.99674043782));
#2010 = CARTESIAN_POINT('',(0.706166765477,384.67537664283));
#2011 = CARTESIAN_POINT('',(0.722968304123,385.37141117277));
#2012 = CARTESIAN_POINT('',(0.749332752717,386.71175068621));
#2013 = CARTESIAN_POINT('',(0.759536391024,387.35290668016));
#2014 = CARTESIAN_POINT('',(0.767367615083,388.00395535061));
#2015 = CARTESIAN_POINT('',(0.772668917032,388.66169774881));
#2016 = CARTESIAN_POINT('',(0.775352205503,389.32339680542));
#2017 = CARTESIAN_POINT('',(0.775426730895,390.42560696834));
#2018 = CARTESIAN_POINT('',(0.774299185784,390.86456610717));
#2019 = CARTESIAN_POINT('',(0.772015990521,391.3024061821));
#2020 = CARTESIAN_POINT('',(0.768595103463,391.73815957099));
#2021 = CARTESIAN_POINT('',(0.764071141924,392.17078891979));
#2022 = CARTESIAN_POINT('',(0.755529091127,392.82713735026));
#2023 = CARTESIAN_POINT('',(0.752263356215,393.05397912266));
#2024 = CARTESIAN_POINT('',(0.748705645724,393.27957770975));
#2025 = CARTESIAN_POINT('',(0.744862937032,393.50384299898));
#2026 = CARTESIAN_POINT('',(0.740742779172,393.72667705325));
#2027 = CARTESIAN_POINT('',(0.722264216345,394.65828081421));
#2028 = CARTESIAN_POINT('',(0.70542214652,395.35165990786));
#2029 = CARTESIAN_POINT('',(0.686052787402,396.0277002606));
#2030 = CARTESIAN_POINT('',(0.66434572609,396.68553125732));
#2031 = CARTESIAN_POINT('',(0.640448938164,397.32375566007));
#2032 = CARTESIAN_POINT('',(0.583533326649,398.67435897548));
#2033 = CARTESIAN_POINT('',(0.549649561826,399.37762607444));
#2034 = CARTESIAN_POINT('',(0.512840899872,400.05027015404));
#2035 = CARTESIAN_POINT('',(0.472990168156,400.68929668396));
#2036 = CARTESIAN_POINT('',(0.429923739524,401.28767922511));
#2037 = CARTESIAN_POINT('',(0.366537169629,402.03106009319));
#2038 = CARTESIAN_POINT('',(0.349186474983,402.22223504185));
#2039 = CARTESIAN_POINT('',(0.331365431622,402.40587241088));
#2040 = CARTESIAN_POINT('',(0.313066476478,402.5812286261));
#2041 = CARTESIAN_POINT('',(0.294281990152,402.74746518317));
#2042 = CARTESIAN_POINT('',(0.234098560622,403.23504034825));
#2043 = CARTESIAN_POINT('',(0.190445412942,403.52541920101));
#2044 = CARTESIAN_POINT('',(0.144663133376,403.75715469348));
#2045 = CARTESIAN_POINT('',(9.731267807729E-02,403.91795563326));
#2046 = CARTESIAN_POINT('',(4.891810678932E-02,404.));
#2047 = CARTESIAN_POINT('',(0.,404.));
#2048 = ( GEOMETRIC_REPRESENTATION_CONTEXT(2) 
PARAMETRIC_REPRESENTATION_CONTEXT() REPRESENTATION_CONTEXT('2D SPACE',''
  ) );
#2049 = PCURVE('',#1772,#2050);
#2050 = DEFINITIONAL_REPRESENTATION('',(#2051),#2114);
#2051 = B_SPLINE_CURVE_WITH_KNOTS('',6,(#2052,#2053,#2054,#2055,#2056,
    #2057,#2058,#2059,#2060,#2061,#2062,#2063,#2064,#2065,#2066,#2067,
    #2068,#2069,#2070,#2071,#2072,#2073,#2074,#2075,#2076,#2077,#2078,
    #2079,#2080,#2081,#2082,#2083,#2084,#2085,#2086,#2087,#2088,#2089,
    #2090,#2091,#2092,#2093,#2094,#2095,#2096,#2097,#2098,#2099,#2100,
    #2101,#2102,#2103,#2104,#2105,#2106,#2107,#2108,#2109,#2110,#2111,
    #2112,#2113),.UNSPECIFIED.,.F.,.F.,(7,5,5,5,5,5,5,5,5,5,5,5,7),(0.,
    6.249071618165E-02,0.151052475423,0.189034357997,0.287249671247,
    0.400451594028,0.500049206072,0.566007791893,0.601116648611,
    0.713807083617,0.847926378653,0.896639408878,1.),.UNSPECIFIED.);
#2052 = CARTESIAN_POINT('',(3.14159265359,20.));
#2053 = CARTESIAN_POINT('',(3.183561900357,20.));
#2054 = CARTESIAN_POINT('',(3.225449541737,19.979285651109));
#2055 = CARTESIAN_POINT('',(3.267073000443,19.938008504361));
#2056 = CARTESIAN_POINT('',(3.308249210389,19.877195148987));
#2057 = CARTESIAN_POINT('',(3.34877922646,19.798736891466));
#2058 = CARTESIAN_POINT('',(3.444628042136,19.572851556373));
#2059 = CARTESIAN_POINT('',(3.499054641786,19.410324587144));
#2060 = CARTESIAN_POINT('',(3.551825092684,19.223460203455));
#2061 = CARTESIAN_POINT('',(3.60301743213,19.017717692973));
#2062 = CARTESIAN_POINT('',(3.652690776056,18.798153563566));
#2063 = CARTESIAN_POINT('',(3.721551538469,18.471270425287));
#2064 = CARTESIAN_POINT('',(3.741972981566,18.371343177242));
#2065 = CARTESIAN_POINT('',(3.762161890867,18.269897992873));
#2066 = CARTESIAN_POINT('',(3.782132368456,18.167206733225));
#2067 = CARTESIAN_POINT('',(3.801898597615,18.063518567646));
#2068 = CARTESIAN_POINT('',(3.872097640062,17.688950686814));
#2069 = CARTESIAN_POINT('',(3.921476130415,17.413571970185));
#2070 = CARTESIAN_POINT('',(3.969827433582,17.137043994042));
#2071 = CARTESIAN_POINT('',(4.017359732602,16.862779737118));
#2072 = CARTESIAN_POINT('',(4.06428301472,16.593834850218));
#2073 = CARTESIAN_POINT('',(4.1644367815,16.033066456112));
#2074 = CARTESIAN_POINT('',(4.217572650463,15.74381491193));
#2075 = CARTESIAN_POINT('',(4.270405258172,15.471139035116));
#2076 = CARTESIAN_POINT('',(4.323110529437,15.220704646117));
#2077 = CARTESIAN_POINT('',(4.375877563261,14.998366017959));
#2078 = CARTESIAN_POINT('',(4.475595635709,14.643993823102));
#2079 = CARTESIAN_POINT('',(4.522534615369,14.504137574517));
#2080 = CARTESIAN_POINT('',(4.569615087729,14.395266718438));
#2081 = CARTESIAN_POINT('',(4.616793366692,14.321057111709));
#2082 = CARTESIAN_POINT('',(4.664060158536,14.283490932304));
#2083 = CARTESIAN_POINT('',(4.7427894926,14.282447577298));
#2084 = CARTESIAN_POINT('',(4.774142587775,14.298233195103));
#2085 = CARTESIAN_POINT('',(4.805470178857,14.330200050766));
#2086 = CARTESIAN_POINT('',(4.836758389204,14.377955668802));
#2087 = CARTESIAN_POINT('',(4.867987386459,14.440731478547));
#2088 = CARTESIAN_POINT('',(4.915698858855,14.558241195851));
#2089 = CARTESIAN_POINT('',(4.932250789181,14.603013258609));
#2090 = CARTESIAN_POINT('',(4.948782510862,14.651590060027));
#2091 = CARTESIAN_POINT('',(4.965295252594,14.703808929431));
#2092 = CARTESIAN_POINT('',(4.981789534755,14.759492728489));
#2093 = CARTESIAN_POINT('',(5.051147559507,15.007693260263));
#2094 = CARTESIAN_POINT('',(5.103756153785,15.230382916873));
#2095 = CARTESIAN_POINT('',(5.156307013566,15.480834820543));
#2096 = CARTESIAN_POINT('',(5.208988513547,15.753253295536));
#2097 = CARTESIAN_POINT('',(5.261976387016,16.042035394848));
#2098 = CARTESIAN_POINT('',(5.379110722895,16.698293980622));
#2099 = CARTESIAN_POINT('',(5.443451618383,17.070228210486));
#2100 = CARTESIAN_POINT('',(5.509083809815,17.449793004473));
#2101 = CARTESIAN_POINT('',(5.576575333922,17.829528027218));
#2102 = CARTESIAN_POINT('',(5.64647053183,18.199872643602));
#2103 = CARTESIAN_POINT('',(5.745826561226,18.674130357399));
#2104 = CARTESIAN_POINT('',(5.772707815909,18.797599947139));
#2105 = CARTESIAN_POINT('',(5.800022200839,18.917523715644));
#2106 = CARTESIAN_POINT('',(5.827792879727,19.033180121737));
#2107 = CARTESIAN_POINT('',(5.856043841125,19.143783266853));
#2108 = CARTESIAN_POINT('',(5.945819986647,19.47064008854));
#2109 = CARTESIAN_POINT('',(6.009902231434,19.669072541149));
#2110 = CARTESIAN_POINT('',(6.076209810987,19.830011874564));
#2111 = CARTESIAN_POINT('',(6.144167339341,19.94256802012));
#2112 = CARTESIAN_POINT('',(6.213302297481,20.));
#2113 = CARTESIAN_POINT('',(6.28318530718,20.));
#2114 = ( GEOMETRIC_REPRESENTATION_CONTEXT(2) 
PARAMETRIC_REPRESENTATION_CONTEXT() REPRESENTATION_CONTEXT('2D SPACE',''
  ) );
#2115 = ORIENTED_EDGE('',*,*,#1615,.F.);
#2116 = ORIENTED_EDGE('',*,*,#2117,.F.);
#2117 = EDGE_CURVE('',#506,#1411,#2118,.T.);
#2118 = SURFACE_CURVE('',#2119,(#2182,#2248),.PCURVE_S1.);
#2119 = B_SPLINE_CURVE_WITH_KNOTS('',6,(#2120,#2121,#2122,#2123,#2124,
    #2125,#2126,#2127,#2128,#2129,#2130,#2131,#2132,#2133,#2134,#2135,
    #2136,#2137,#2138,#2139,#2140,#2141,#2142,#2143,#2144,#2145,#2146,
    #2147,#2148,#2149,#2150,#2151,#2152,#2153,#2154,#2155,#2156,#2157,
    #2158,#2159,#2160,#2161,#2162,#2163,#2164,#2165,#2166,#2167,#2168,
    #2169,#2170,#2171,#2172,#2173,#2174,#2175,#2176,#2177,#2178,#2179,
    #2180,#2181),.UNSPECIFIED.,.F.,.F.,(7,5,5,5,5,5,5,5,5,5,5,5,7),(0.,
    6.249071630984E-02,0.151052475667,0.189034358259,0.287249671556,
    0.40045159436,0.500049206398,0.566007792214,0.60111664893,
    0.7138070839,0.847926378857,0.896639409032,1.),.UNSPECIFIED.);
#2120 = CARTESIAN_POINT('',(20.,-8.572527594031E-16,266.));
#2121 = CARTESIAN_POINT('',(20.,0.587569454742,266.));
#2122 = CARTESIAN_POINT('',(19.979285651109,1.173996440113,
    266.02959190741));
#2123 = CARTESIAN_POINT('',(19.938008504362,1.754861890501,
    266.08855935327));
#2124 = CARTESIAN_POINT('',(19.877195148987,2.325776552444,
    266.17567459209));
#2125 = CARTESIAN_POINT('',(19.798736891466,2.882452343756,
    266.28870360639));
#2126 = CARTESIAN_POINT('',(19.572851556472,4.183662632611,
    266.61657994595));
#2127 = CARTESIAN_POINT('',(19.410324587178,4.909575790949,
    266.85420622817));
#2128 = CARTESIAN_POINT('',(19.223460203303,5.597237689333,
    267.13044887704));
#2129 = CARTESIAN_POINT('',(19.017717692868,6.246129500192,
    267.43926344376));
#2130 = CARTESIAN_POINT('',(18.798153563754,6.856297623049,
    267.77517310405));
#2131 = CARTESIAN_POINT('',(18.471270425287,7.673457641847,
    268.28668381397));
#2132 = CARTESIAN_POINT('',(18.371343177242,7.911987911304,
    268.44446129032));
#2133 = CARTESIAN_POINT('',(18.269897992873,8.143932891156,
    268.60620419394));
#2134 = CARTESIAN_POINT('',(18.167206733225,8.369448345289,
    268.77166621558));
#2135 = CARTESIAN_POINT('',(18.063518567646,8.588692203602,
    268.94063823325));
#2136 = CARTESIAN_POINT('',(17.688950686814,9.35295276413,
    269.55851790233));
#2137 = CARTESIAN_POINT('',(17.413571970185,9.8634718865,270.02661773364
    ));
#2138 = CARTESIAN_POINT('',(17.137043994042,10.335693672198,
    270.51401710222));
#2139 = CARTESIAN_POINT('',(16.862779737117,10.771791202288,
    271.01873122537));
#2140 = CARTESIAN_POINT('',(16.593834850218,11.173558468908,
    271.53974666471));
#2141 = CARTESIAN_POINT('',(16.033066456197,11.967099591728,
    272.69574181084));
#2142 = CARTESIAN_POINT('',(15.743814911896,12.348275219817,
    273.33638905606));
#2143 = CARTESIAN_POINT('',(15.471139035041,12.686383922845,
    273.996740438));
#2144 = CARTESIAN_POINT('',(15.220704646123,12.981581354465,
    274.67537664289));
#2145 = CARTESIAN_POINT('',(14.998366018009,13.233582155265,
    275.37141117258));
#2146 = CARTESIAN_POINT('',(14.643993823102,13.624035747153,
    276.71175068621));
#2147 = CARTESIAN_POINT('',(14.504137574517,13.772694604624,
    277.35290668016));
#2148 = CARTESIAN_POINT('',(14.395266718439,13.885303960333,
    278.00395535061));
#2149 = CARTESIAN_POINT('',(14.321057111709,13.961027707004,
    278.66169774881));
#2150 = CARTESIAN_POINT('',(14.283490932304,13.999353113299,
    279.32339680542));
#2151 = CARTESIAN_POINT('',(14.282447577298,14.000417549286,
    280.42560696834));
#2152 = CARTESIAN_POINT('',(14.298233195103,13.984312946671,
    280.86456610717));
#2153 = CARTESIAN_POINT('',(14.330200050767,13.951704585929,
    281.30240618211));
#2154 = CARTESIAN_POINT('',(14.377955668802,13.902710188159,
    281.73815957099));
#2155 = CARTESIAN_POINT('',(14.440731478547,13.837546940014,
    282.17078891979));
#2156 = CARTESIAN_POINT('',(14.558241195851,13.713538395693,
    282.82713735027));
#2157 = CARTESIAN_POINT('',(14.603013258609,13.665982988331,
    283.05397912266));
#2158 = CARTESIAN_POINT('',(14.651590060027,13.613989386612,
    283.27957770975));
#2159 = CARTESIAN_POINT('',(14.703808929431,13.557598296739,
    283.50384299898));
#2160 = CARTESIAN_POINT('',(14.759492728489,13.496854499921,
    283.72667705325));
#2161 = CARTESIAN_POINT('',(15.007693260216,13.223030816411,
    284.65828081403));
#2162 = CARTESIAN_POINT('',(15.230382916866,12.970258114049,
    285.3516599079));
#2163 = CARTESIAN_POINT('',(15.480834820616,12.674564525653,
    286.02770026078));
#2164 = CARTESIAN_POINT('',(15.753253295567,12.336219626422,
    286.68553125736));
#2165 = CARTESIAN_POINT('',(16.042035394769,11.955050401749,
    287.32375565991));
#2166 = CARTESIAN_POINT('',(16.698293980622,11.024953953832,
    288.67435897548));
#2167 = CARTESIAN_POINT('',(17.070228210486,10.458001601814,
    289.37762607444));
#2168 = CARTESIAN_POINT('',(17.449793004472,9.826138826111,
    290.05027015404));
#2169 = CARTESIAN_POINT('',(17.829528027219,9.123800808501,
    290.68929668397));
#2170 = CARTESIAN_POINT('',(18.199872643602,8.344427264057,
    291.28767922511));
#2171 = CARTESIAN_POINT('',(18.674130357342,7.168747665777,
    292.03106009311));
#2172 = CARTESIAN_POINT('',(18.79759994716,6.844370122704,
    292.22223504188));
#2173 = CARTESIAN_POINT('',(18.917523715698,6.508605887186,
    292.40587241097));
#2174 = CARTESIAN_POINT('',(19.033180121747,6.161238536528,
    292.58122862611));
#2175 = CARTESIAN_POINT('',(19.143783266805,5.802087814022,
    292.7474651831));
#2176 = CARTESIAN_POINT('',(19.47064008854,4.643648046699,
    293.23504034825));
#2177 = CARTESIAN_POINT('',(19.66907254115,3.792488068232,
    293.52541920101));
#2178 = CARTESIAN_POINT('',(19.830011874563,2.889054703359,
    293.75715469348));
#2179 = CARTESIAN_POINT('',(19.942568020121,1.946251956409,
    293.91795563326));
#2180 = CARTESIAN_POINT('',(20.,0.978362135789,294.));
#2181 = CARTESIAN_POINT('',(20.,1.714505518806E-15,294.));
#2182 = PCURVE('',#231,#2183);
#2183 = DEFINITIONAL_REPRESENTATION('',(#2184),#2247);
#2184 = B_SPLINE_CURVE_WITH_KNOTS('',6,(#2185,#2186,#2187,#2188,#2189,
    #2190,#2191,#2192,#2193,#2194,#2195,#2196,#2197,#2198,#2199,#2200,
    #2201,#2202,#2203,#2204,#2205,#2206,#2207,#2208,#2209,#2210,#2211,
    #2212,#2213,#2214,#2215,#2216,#2217,#2218,#2219,#2220,#2221,#2222,
    #2223,#2224,#2225,#2226,#2227,#2228,#2229,#2230,#2231,#2232,#2233,
    #2234,#2235,#2236,#2237,#2238,#2239,#2240,#2241,#2242,#2243,#2244,
    #2245,#2246),.UNSPECIFIED.,.F.,.F.,(7,5,5,5,5,5,5,5,5,5,5,5,7),(0.,
    6.249071630984E-02,0.151052475667,0.189034358259,0.287249671556,
    0.40045159436,0.500049206398,0.566007792214,0.60111664893,
    0.7138070839,0.847926378857,0.896639409032,1.),.UNSPECIFIED.);
#2185 = CARTESIAN_POINT('',(0.,266.));
#2186 = CARTESIAN_POINT('',(2.93784727371E-02,266.));
#2187 = CARTESIAN_POINT('',(5.869982726393E-02,266.02959190741));
#2188 = CARTESIAN_POINT('',(8.778871587339E-02,266.08855935327));
#2189 = CARTESIAN_POINT('',(0.116470553242,266.17567459209));
#2190 = CARTESIAN_POINT('',(0.144565167937,266.28870360639));
#2191 = CARTESIAN_POINT('',(0.210598727594,266.61657994595));
#2192 = CARTESIAN_POINT('',(0.247749462216,266.85420622817));
#2193 = CARTESIAN_POINT('',(0.283328407775,267.13044887704));
#2194 = CARTESIAN_POINT('',(0.317325531952,267.43926344376));
#2195 = CARTESIAN_POINT('',(0.349729055232,267.77517310405));
#2196 = CARTESIAN_POINT('',(0.393734824244,268.28668381397));
#2197 = CARTESIAN_POINT('',(0.40666392135,268.44446129032));
#2198 = CARTESIAN_POINT('',(0.419319640316,268.60620419394));
#2199 = CARTESIAN_POINT('',(0.431707441706,268.77166621558));
#2200 = CARTESIAN_POINT('',(0.443832588363,268.94063823325));
#2201 = CARTESIAN_POINT('',(0.486388296021,269.55851790233));
#2202 = CARTESIAN_POINT('',(0.515369000016,270.02661773364));
#2203 = CARTESIAN_POINT('',(0.542707521188,270.51401710222));
#2204 = CARTESIAN_POINT('',(0.568449535472,271.01873122537));
#2205 = CARTESIAN_POINT('',(0.59261557114,271.53974666471));
#2206 = CARTESIAN_POINT('',(0.641199743083,272.69574181084));
#2207 = CARTESIAN_POINT('',(0.665110918649,273.33638905606));
#2208 = CARTESIAN_POINT('',(0.686816852677,273.996740438));
#2209 = CARTESIAN_POINT('',(0.706166765476,274.67537664289));
#2210 = CARTESIAN_POINT('',(0.722968304119,275.37141117258));
#2211 = CARTESIAN_POINT('',(0.749332752717,276.71175068621));
#2212 = CARTESIAN_POINT('',(0.759536391024,277.35290668016));
#2213 = CARTESIAN_POINT('',(0.767367615083,278.00395535061));
#2214 = CARTESIAN_POINT('',(0.772668917032,278.66169774881));
#2215 = CARTESIAN_POINT('',(0.775352205503,279.32339680542));
#2216 = CARTESIAN_POINT('',(0.775426730895,280.42560696834));
#2217 = CARTESIAN_POINT('',(0.774299185784,280.86456610717));
#2218 = CARTESIAN_POINT('',(0.772015990521,281.30240618211));
#2219 = CARTESIAN_POINT('',(0.768595103463,281.73815957099));
#2220 = CARTESIAN_POINT('',(0.764071141924,282.17078891979));
#2221 = CARTESIAN_POINT('',(0.755529091127,282.82713735027));
#2222 = CARTESIAN_POINT('',(0.752263356215,283.05397912266));
#2223 = CARTESIAN_POINT('',(0.748705645724,283.27957770975));
#2224 = CARTESIAN_POINT('',(0.744862937032,283.50384299898));
#2225 = CARTESIAN_POINT('',(0.740742779172,283.72667705325));
#2226 = CARTESIAN_POINT('',(0.722264216349,284.65828081403));
#2227 = CARTESIAN_POINT('',(0.705422146521,285.3516599079));
#2228 = CARTESIAN_POINT('',(0.686052787397,286.02770026078));
#2229 = CARTESIAN_POINT('',(0.664345726087,286.68553125736));
#2230 = CARTESIAN_POINT('',(0.64044893817,287.32375565991));
#2231 = CARTESIAN_POINT('',(0.583533326649,288.67435897548));
#2232 = CARTESIAN_POINT('',(0.549649561826,289.37762607444));
#2233 = CARTESIAN_POINT('',(0.512840899872,290.05027015404));
#2234 = CARTESIAN_POINT('',(0.472990168156,290.68929668397));
#2235 = CARTESIAN_POINT('',(0.429923739524,291.28767922511));
#2236 = CARTESIAN_POINT('',(0.366537169637,292.03106009311));
#2237 = CARTESIAN_POINT('',(0.349186474981,292.22223504188));
#2238 = CARTESIAN_POINT('',(0.331365431614,292.40587241097));
#2239 = CARTESIAN_POINT('',(0.313066476475,292.58122862611));
#2240 = CARTESIAN_POINT('',(0.294281990161,292.7474651831));
#2241 = CARTESIAN_POINT('',(0.234098560622,293.23504034825));
#2242 = CARTESIAN_POINT('',(0.190445412941,293.52541920101));
#2243 = CARTESIAN_POINT('',(0.144663133376,293.75715469348));
#2244 = CARTESIAN_POINT('',(9.731267807684E-02,293.91795563326));
#2245 = CARTESIAN_POINT('',(4.891810678947E-02,294.));
#2246 = CARTESIAN_POINT('',(0.,294.));
#2247 = ( GEOMETRIC_REPRESENTATION_CONTEXT(2) 
PARAMETRIC_REPRESENTATION_CONTEXT() REPRESENTATION_CONTEXT('2D SPACE',''
  ) );
#2248 = PCURVE('',#1544,#2249);
#2249 = DEFINITIONAL_REPRESENTATION('',(#2250),#2313);
#2250 = B_SPLINE_CURVE_WITH_KNOTS('',6,(#2251,#2252,#2253,#2254,#2255,
    #2256,#2257,#2258,#2259,#2260,#2261,#2262,#2263,#2264,#2265,#2266,
    #2267,#2268,#2269,#2270,#2271,#2272,#2273,#2274,#2275,#2276,#2277,
    #2278,#2279,#2280,#2281,#2282,#2283,#2284,#2285,#2286,#2287,#2288,
    #2289,#2290,#2291,#2292,#2293,#2294,#2295,#2296,#2297,#2298,#2299,
    #2300,#2301,#2302,#2303,#2304,#2305,#2306,#2307,#2308,#2309,#2310,
    #2311,#2312),.UNSPECIFIED.,.F.,.F.,(7,5,5,5,5,5,5,5,5,5,5,5,7),(0.,
    6.249071630984E-02,0.151052475667,0.189034358259,0.287249671556,
    0.40045159436,0.500049206398,0.566007792214,0.60111664893,
    0.7138070839,0.847926378857,0.896639409032,1.),.UNSPECIFIED.);
#2251 = CARTESIAN_POINT('',(3.14159265359,20.));
#2252 = CARTESIAN_POINT('',(3.183561900357,20.));
#2253 = CARTESIAN_POINT('',(3.225449541737,19.979285651109));
#2254 = CARTESIAN_POINT('',(3.267073000443,19.938008504362));
#2255 = CARTESIAN_POINT('',(3.308249210388,19.877195148987));
#2256 = CARTESIAN_POINT('',(3.34877922646,19.798736891466));
#2257 = CARTESIAN_POINT('',(3.444628042094,19.572851556472));
#2258 = CARTESIAN_POINT('',(3.499054641793,19.410324587178));
#2259 = CARTESIAN_POINT('',(3.551825092723,19.223460203303));
#2260 = CARTESIAN_POINT('',(3.603017432146,19.017717692868));
#2261 = CARTESIAN_POINT('',(3.652690776017,18.798153563754));
#2262 = CARTESIAN_POINT('',(3.721551538469,18.471270425287));
#2263 = CARTESIAN_POINT('',(3.741972981566,18.371343177242));
#2264 = CARTESIAN_POINT('',(3.762161890867,18.269897992873));
#2265 = CARTESIAN_POINT('',(3.782132368456,18.167206733225));
#2266 = CARTESIAN_POINT('',(3.801898597615,18.063518567646));
#2267 = CARTESIAN_POINT('',(3.872097640062,17.688950686814));
#2268 = CARTESIAN_POINT('',(3.921476130415,17.413571970185));
#2269 = CARTESIAN_POINT('',(3.969827433582,17.137043994042));
#2270 = CARTESIAN_POINT('',(4.017359732602,16.862779737117));
#2271 = CARTESIAN_POINT('',(4.064283014719,16.593834850218));
#2272 = CARTESIAN_POINT('',(4.164436781485,16.033066456197));
#2273 = CARTESIAN_POINT('',(4.217572650469,15.743814911896));
#2274 = CARTESIAN_POINT('',(4.270405258186,15.471139035041));
#2275 = CARTESIAN_POINT('',(4.32311052944,15.220704646123));
#2276 = CARTESIAN_POINT('',(4.375877563247,14.998366018009));
#2277 = CARTESIAN_POINT('',(4.475595635709,14.643993823102));
#2278 = CARTESIAN_POINT('',(4.522534615369,14.504137574517));
#2279 = CARTESIAN_POINT('',(4.569615087729,14.395266718439));
#2280 = CARTESIAN_POINT('',(4.616793366692,14.321057111709));
#2281 = CARTESIAN_POINT('',(4.664060158536,14.283490932304));
#2282 = CARTESIAN_POINT('',(4.7427894926,14.282447577298));
#2283 = CARTESIAN_POINT('',(4.774142587776,14.298233195103));
#2284 = CARTESIAN_POINT('',(4.805470178857,14.330200050767));
#2285 = CARTESIAN_POINT('',(4.836758389204,14.377955668802));
#2286 = CARTESIAN_POINT('',(4.867987386459,14.440731478547));
#2287 = CARTESIAN_POINT('',(4.915698858855,14.558241195851));
#2288 = CARTESIAN_POINT('',(4.932250789181,14.603013258609));
#2289 = CARTESIAN_POINT('',(4.948782510862,14.651590060027));
#2290 = CARTESIAN_POINT('',(4.965295252594,14.703808929431));
#2291 = CARTESIAN_POINT('',(4.981789534755,14.759492728489));
#2292 = CARTESIAN_POINT('',(5.051147559494,15.007693260216));
#2293 = CARTESIAN_POINT('',(5.103756153788,15.230382916866));
#2294 = CARTESIAN_POINT('',(5.156307013579,15.480834820616));
#2295 = CARTESIAN_POINT('',(5.208988513552,15.753253295567));
#2296 = CARTESIAN_POINT('',(5.261976387002,16.042035394769));
#2297 = CARTESIAN_POINT('',(5.379110722895,16.698293980622));
#2298 = CARTESIAN_POINT('',(5.443451618383,17.070228210486));
#2299 = CARTESIAN_POINT('',(5.509083809815,17.449793004472));
#2300 = CARTESIAN_POINT('',(5.576575333923,17.829528027219));
#2301 = CARTESIAN_POINT('',(5.64647053183,18.199872643602));
#2302 = CARTESIAN_POINT('',(5.745826561214,18.674130357342));
#2303 = CARTESIAN_POINT('',(5.772707815912,18.79759994716));
#2304 = CARTESIAN_POINT('',(5.800022200852,18.917523715698));
#2305 = CARTESIAN_POINT('',(5.827792879731,19.033180121747));
#2306 = CARTESIAN_POINT('',(5.856043841112,19.143783266805));
#2307 = CARTESIAN_POINT('',(5.945819986647,19.47064008854));
#2308 = CARTESIAN_POINT('',(6.009902231435,19.66907254115));
#2309 = CARTESIAN_POINT('',(6.076209810986,19.830011874563));
#2310 = CARTESIAN_POINT('',(6.144167339342,19.942568020121));
#2311 = CARTESIAN_POINT('',(6.21330229748,20.));
#2312 = CARTESIAN_POINT('',(6.28318530718,20.));
#2313 = ( GEOMETRIC_REPRESENTATION_CONTEXT(2) 
PARAMETRIC_REPRESENTATION_CONTEXT() REPRESENTATION_CONTEXT('2D SPACE',''
  ) );
#2314 = ADVANCED_FACE('',(#2315),#84,.T.);
#2315 = FACE_BOUND('',#2316,.T.);
#2316 = EDGE_LOOP('',(#2317));
#2317 = ORIENTED_EDGE('',*,*,#69,.T.);
#2318 = ADVANCED_FACE('',(#2319),#1544,.T.);
#2319 = FACE_BOUND('',#2320,.T.);
#2320 = EDGE_LOOP('',(#2321,#2344,#2371,#2372,#2373));
#2321 = ORIENTED_EDGE('',*,*,#2322,.T.);
#2322 = EDGE_CURVE('',#1411,#2323,#2325,.T.);
#2323 = VERTEX_POINT('',#2324);
#2324 = CARTESIAN_POINT('',(45.,3.429011037613E-15,294.));
#2325 = SEAM_CURVE('',#2326,(#2330,#2337),.PCURVE_S1.);
#2326 = LINE('',#2327,#2328);
#2327 = CARTESIAN_POINT('',(0.,3.429011037613E-15,294.));
#2328 = VECTOR('',#2329,1.);
#2329 = DIRECTION('',(1.,0.,0.));
#2330 = PCURVE('',#1544,#2331);
#2331 = DEFINITIONAL_REPRESENTATION('',(#2332),#2336);
#2332 = LINE('',#2333,#2334);
#2333 = CARTESIAN_POINT('',(6.28318530718,-0.));
#2334 = VECTOR('',#2335,1.);
#2335 = DIRECTION('',(0.,1.));
#2336 = ( GEOMETRIC_REPRESENTATION_CONTEXT(2) 
PARAMETRIC_REPRESENTATION_CONTEXT() REPRESENTATION_CONTEXT('2D SPACE',''
  ) );
#2337 = PCURVE('',#1544,#2338);
#2338 = DEFINITIONAL_REPRESENTATION('',(#2339),#2343);
#2339 = LINE('',#2340,#2341);
#2340 = CARTESIAN_POINT('',(0.,-0.));
#2341 = VECTOR('',#2342,1.);
#2342 = DIRECTION('',(0.,1.));
#2343 = ( GEOMETRIC_REPRESENTATION_CONTEXT(2) 
PARAMETRIC_REPRESENTATION_CONTEXT() REPRESENTATION_CONTEXT('2D SPACE',''
  ) );
#2344 = ORIENTED_EDGE('',*,*,#2345,.F.);
#2345 = EDGE_CURVE('',#2323,#2323,#2346,.T.);
#2346 = SURFACE_CURVE('',#2347,(#2352,#2359),.PCURVE_S1.);
#2347 = CIRCLE('',#2348,14.);
#2348 = AXIS2_PLACEMENT_3D('',#2349,#2350,#2351);
#2349 = CARTESIAN_POINT('',(45.,0.,280.));
#2350 = DIRECTION('',(1.,0.,0.));
#2351 = DIRECTION('',(-0.,0.,1.));
#2352 = PCURVE('',#1544,#2353);
#2353 = DEFINITIONAL_REPRESENTATION('',(#2354),#2358);
#2354 = LINE('',#2355,#2356);
#2355 = CARTESIAN_POINT('',(0.,45.));
#2356 = VECTOR('',#2357,1.);
#2357 = DIRECTION('',(1.,0.));
#2358 = ( GEOMETRIC_REPRESENTATION_CONTEXT(2) 
PARAMETRIC_REPRESENTATION_CONTEXT() REPRESENTATION_CONTEXT('2D SPACE',''
  ) );
#2359 = PCURVE('',#2360,#2365);
#2360 = PLANE('',#2361);
#2361 = AXIS2_PLACEMENT_3D('',#2362,#2363,#2364);
#2362 = CARTESIAN_POINT('',(45.,0.,280.));
#2363 = DIRECTION('',(1.,0.,0.));
#2364 = DIRECTION('',(-0.,0.,1.));
#2365 = DEFINITIONAL_REPRESENTATION('',(#2366),#2370);
#2366 = CIRCLE('',#2367,14.);
#2367 = AXIS2_PLACEMENT_2D('',#2368,#2369);
#2368 = CARTESIAN_POINT('',(0.,0.));
#2369 = DIRECTION('',(1.,0.));
#2370 = ( GEOMETRIC_REPRESENTATION_CONTEXT(2) 
PARAMETRIC_REPRESENTATION_CONTEXT() REPRESENTATION_CONTEXT('2D SPACE',''
  ) );
#2371 = ORIENTED_EDGE('',*,*,#2322,.F.);
#2372 = ORIENTED_EDGE('',*,*,#1410,.T.);
#2373 = ORIENTED_EDGE('',*,*,#2117,.T.);
#2374 = ADVANCED_FACE('',(#2375),#1772,.T.);
#2375 = FACE_BOUND('',#2376,.T.);
#2376 = EDGE_LOOP('',(#2377,#2400,#2427,#2428,#2429));
#2377 = ORIENTED_EDGE('',*,*,#2378,.T.);
#2378 = EDGE_CURVE('',#1639,#2379,#2381,.T.);
#2379 = VERTEX_POINT('',#2380);
#2380 = CARTESIAN_POINT('',(45.,3.429011037613E-15,404.));
#2381 = SEAM_CURVE('',#2382,(#2386,#2393),.PCURVE_S1.);
#2382 = LINE('',#2383,#2384);
#2383 = CARTESIAN_POINT('',(0.,3.429011037613E-15,404.));
#2384 = VECTOR('',#2385,1.);
#2385 = DIRECTION('',(1.,0.,0.));
#2386 = PCURVE('',#1772,#2387);
#2387 = DEFINITIONAL_REPRESENTATION('',(#2388),#2392);
#2388 = LINE('',#2389,#2390);
#2389 = CARTESIAN_POINT('',(6.28318530718,-0.));
#2390 = VECTOR('',#2391,1.);
#2391 = DIRECTION('',(0.,1.));
#2392 = ( GEOMETRIC_REPRESENTATION_CONTEXT(2) 
PARAMETRIC_REPRESENTATION_CONTEXT() REPRESENTATION_CONTEXT('2D SPACE',''
  ) );
#2393 = PCURVE('',#1772,#2394);
#2394 = DEFINITIONAL_REPRESENTATION('',(#2395),#2399);
#2395 = LINE('',#2396,#2397);
#2396 = CARTESIAN_POINT('',(0.,-0.));
#2397 = VECTOR('',#2398,1.);
#2398 = DIRECTION('',(0.,1.));
#2399 = ( GEOMETRIC_REPRESENTATION_CONTEXT(2) 
PARAMETRIC_REPRESENTATION_CONTEXT() REPRESENTATION_CONTEXT('2D SPACE',''
  ) );
#2400 = ORIENTED_EDGE('',*,*,#2401,.F.);
#2401 = EDGE_CURVE('',#2379,#2379,#2402,.T.);
#2402 = SURFACE_CURVE('',#2403,(#2408,#2415),.PCURVE_S1.);
#2403 = CIRCLE('',#2404,14.);
#2404 = AXIS2_PLACEMENT_3D('',#2405,#2406,#2407);
#2405 = CARTESIAN_POINT('',(45.,0.,390.));
#2406 = DIRECTION('',(1.,0.,0.));
#2407 = DIRECTION('',(-0.,0.,1.));
#2408 = PCURVE('',#1772,#2409);
#2409 = DEFINITIONAL_REPRESENTATION('',(#2410),#2414);
#2410 = LINE('',#2411,#2412);
#2411 = CARTESIAN_POINT('',(0.,45.));
#2412 = VECTOR('',#2413,1.);
#2413 = DIRECTION('',(1.,0.));
#2414 = ( GEOMETRIC_REPRESENTATION_CONTEXT(2) 
PARAMETRIC_REPRESENTATION_CONTEXT() REPRESENTATION_CONTEXT('2D SPACE',''
  ) );
#2415 = PCURVE('',#2416,#2421);
#2416 = PLANE('',#2417);
#2417 = AXIS2_PLACEMENT_3D('',#2418,#2419,#2420);
#2418 = CARTESIAN_POINT('',(45.,0.,390.));
#2419 = DIRECTION('',(1.,0.,0.));
#2420 = DIRECTION('',(-0.,0.,1.));
#2421 = DEFINITIONAL_REPRESENTATION('',(#2422),#2426);
#2422 = CIRCLE('',#2423,14.);
#2423 = AXIS2_PLACEMENT_2D('',#2424,#2425);
#2424 = CARTESIAN_POINT('',(0.,0.));
#2425 = DIRECTION('',(1.,0.));
#2426 = ( GEOMETRIC_REPRESENTATION_CONTEXT(2) 
PARAMETRIC_REPRESENTATION_CONTEXT() REPRESENTATION_CONTEXT('2D SPACE',''
  ) );
#2427 = ORIENTED_EDGE('',*,*,#2378,.F.);
#2428 = ORIENTED_EDGE('',*,*,#1638,.T.);
#2429 = ORIENTED_EDGE('',*,*,#1918,.T.);
#2430 = ADVANCED_FACE('',(#2431),#1903,.T.);
#2431 = FACE_BOUND('',#2432,.T.);
#2432 = EDGE_LOOP('',(#2433));
#2433 = ORIENTED_EDGE('',*,*,#1888,.T.);
#2434 = ADVANCED_FACE('',(#2435),#662,.T.);
#2435 = FACE_BOUND('',#2436,.T.);
#2436 = EDGE_LOOP('',(#2437,#2460,#2487,#2488,#2489));
#2437 = ORIENTED_EDGE('',*,*,#2438,.T.);
#2438 = EDGE_CURVE('',#504,#2439,#2441,.T.);
#2439 = VERTEX_POINT('',#2440);
#2440 = CARTESIAN_POINT('',(45.,3.429011037613E-15,184.));
#2441 = SEAM_CURVE('',#2442,(#2446,#2453),.PCURVE_S1.);
#2442 = LINE('',#2443,#2444);
#2443 = CARTESIAN_POINT('',(0.,3.429011037613E-15,184.));
#2444 = VECTOR('',#2445,1.);
#2445 = DIRECTION('',(1.,0.,0.));
#2446 = PCURVE('',#662,#2447);
#2447 = DEFINITIONAL_REPRESENTATION('',(#2448),#2452);
#2448 = LINE('',#2449,#2450);
#2449 = CARTESIAN_POINT('',(6.28318530718,-0.));
#2450 = VECTOR('',#2451,1.);
#2451 = DIRECTION('',(0.,1.));
#2452 = ( GEOMETRIC_REPRESENTATION_CONTEXT(2) 
PARAMETRIC_REPRESENTATION_CONTEXT() REPRESENTATION_CONTEXT('2D SPACE',''
  ) );
#2453 = PCURVE('',#662,#2454);
#2454 = DEFINITIONAL_REPRESENTATION('',(#2455),#2459);
#2455 = LINE('',#2456,#2457);
#2456 = CARTESIAN_POINT('',(0.,-0.));
#2457 = VECTOR('',#2458,1.);
#2458 = DIRECTION('',(0.,1.));
#2459 = ( GEOMETRIC_REPRESENTATION_CONTEXT(2) 
PARAMETRIC_REPRESENTATION_CONTEXT() REPRESENTATION_CONTEXT('2D SPACE',''
  ) );
#2460 = ORIENTED_EDGE('',*,*,#2461,.F.);
#2461 = EDGE_CURVE('',#2439,#2439,#2462,.T.);
#2462 = SURFACE_CURVE('',#2463,(#2468,#2475),.PCURVE_S1.);
#2463 = CIRCLE('',#2464,14.);
#2464 = AXIS2_PLACEMENT_3D('',#2465,#2466,#2467);
#2465 = CARTESIAN_POINT('',(45.,0.,170.));
#2466 = DIRECTION('',(1.,0.,0.));
#2467 = DIRECTION('',(-0.,0.,1.));
#2468 = PCURVE('',#662,#2469);
#2469 = DEFINITIONAL_REPRESENTATION('',(#2470),#2474);
#2470 = LINE('',#2471,#2472);
#2471 = CARTESIAN_POINT('',(0.,45.));
#2472 = VECTOR('',#2473,1.);
#2473 = DIRECTION('',(1.,0.));
#2474 = ( GEOMETRIC_REPRESENTATION_CONTEXT(2) 
PARAMETRIC_REPRESENTATION_CONTEXT() REPRESENTATION_CONTEXT('2D SPACE',''
  ) );
#2475 = PCURVE('',#2476,#2481);
#2476 = PLANE('',#2477);
#2477 = AXIS2_PLACEMENT_3D('',#2478,#2479,#2480);
#2478 = CARTESIAN_POINT('',(45.,0.,170.));
#2479 = DIRECTION('',(1.,0.,0.));
#2480 = DIRECTION('',(-0.,0.,1.));
#2481 = DEFINITIONAL_REPRESENTATION('',(#2482),#2486);
#2482 = CIRCLE('',#2483,14.);
#2483 = AXIS2_PLACEMENT_2D('',#2484,#2485);
#2484 = CARTESIAN_POINT('',(0.,0.));
#2485 = DIRECTION('',(1.,0.));
#2486 = ( GEOMETRIC_REPRESENTATION_CONTEXT(2) 
PARAMETRIC_REPRESENTATION_CONTEXT() REPRESENTATION_CONTEXT('2D SPACE',''
  ) );
#2487 = ORIENTED_EDGE('',*,*,#2438,.F.);
#2488 = ORIENTED_EDGE('',*,*,#1211,.T.);
#2489 = ORIENTED_EDGE('',*,*,#528,.T.);
#2490 = ADVANCED_FACE('',(#2491),#890,.T.);
#2491 = FACE_BOUND('',#2492,.T.);
#2492 = EDGE_LOOP('',(#2493,#2516,#2543,#2544,#2545));
#2493 = ORIENTED_EDGE('',*,*,#2494,.T.);
#2494 = EDGE_CURVE('',#734,#2495,#2497,.T.);
#2495 = VERTEX_POINT('',#2496);
#2496 = CARTESIAN_POINT('',(45.,3.429011037613E-15,74.));
#2497 = SEAM_CURVE('',#2498,(#2502,#2509),.PCURVE_S1.);
#2498 = LINE('',#2499,#2500);
#2499 = CARTESIAN_POINT('',(0.,3.429011037613E-15,74.));
#2500 = VECTOR('',#2501,1.);
#2501 = DIRECTION('',(1.,0.,0.));
#2502 = PCURVE('',#890,#2503);
#2503 = DEFINITIONAL_REPRESENTATION('',(#2504),#2508);
#2504 = LINE('',#2505,#2506);
#2505 = CARTESIAN_POINT('',(6.28318530718,-0.));
#2506 = VECTOR('',#2507,1.);
#2507 = DIRECTION('',(0.,1.));
#2508 = ( GEOMETRIC_REPRESENTATION_CONTEXT(2) 
PARAMETRIC_REPRESENTATION_CONTEXT() REPRESENTATION_CONTEXT('2D SPACE',''
  ) );
#2509 = PCURVE('',#890,#2510);
#2510 = DEFINITIONAL_REPRESENTATION('',(#2511),#2515);
#2511 = LINE('',#2512,#2513);
#2512 = CARTESIAN_POINT('',(0.,-0.));
#2513 = VECTOR('',#2514,1.);
#2514 = DIRECTION('',(0.,1.));
#2515 = ( GEOMETRIC_REPRESENTATION_CONTEXT(2) 
PARAMETRIC_REPRESENTATION_CONTEXT() REPRESENTATION_CONTEXT('2D SPACE',''
  ) );
#2516 = ORIENTED_EDGE('',*,*,#2517,.F.);
#2517 = EDGE_CURVE('',#2495,#2495,#2518,.T.);
#2518 = SURFACE_CURVE('',#2519,(#2524,#2531),.PCURVE_S1.);
#2519 = CIRCLE('',#2520,14.);
#2520 = AXIS2_PLACEMENT_3D('',#2521,#2522,#2523);
#2521 = CARTESIAN_POINT('',(45.,0.,60.));
#2522 = DIRECTION('',(1.,0.,0.));
#2523 = DIRECTION('',(-0.,0.,1.));
#2524 = PCURVE('',#890,#2525);
#2525 = DEFINITIONAL_REPRESENTATION('',(#2526),#2530);
#2526 = LINE('',#2527,#2528);
#2527 = CARTESIAN_POINT('',(0.,45.));
#2528 = VECTOR('',#2529,1.);
#2529 = DIRECTION('',(1.,0.));
#2530 = ( GEOMETRIC_REPRESENTATION_CONTEXT(2) 
PARAMETRIC_REPRESENTATION_CONTEXT() REPRESENTATION_CONTEXT('2D SPACE',''
  ) );
#2531 = PCURVE('',#2532,#2537);
#2532 = PLANE('',#2533);
#2533 = AXIS2_PLACEMENT_3D('',#2534,#2535,#2536);
#2534 = CARTESIAN_POINT('',(45.,0.,60.));
#2535 = DIRECTION('',(1.,0.,0.));
#2536 = DIRECTION('',(-0.,0.,1.));
#2537 = DEFINITIONAL_REPRESENTATION('',(#2538),#2542);
#2538 = CIRCLE('',#2539,14.);
#2539 = AXIS2_PLACEMENT_2D('',#2540,#2541);
#2540 = CARTESIAN_POINT('',(0.,0.));
#2541 = DIRECTION('',(1.,0.));
#2542 = ( GEOMETRIC_REPRESENTATION_CONTEXT(2) 
PARAMETRIC_REPRESENTATION_CONTEXT() REPRESENTATION_CONTEXT('2D SPACE',''
  ) );
#2543 = ORIENTED_EDGE('',*,*,#2494,.F.);
#2544 = ORIENTED_EDGE('',*,*,#1012,.T.);
#2545 = ORIENTED_EDGE('',*,*,#756,.T.);
#2546 = ADVANCED_FACE('',(#2547),#999,.F.);
#2547 = FACE_BOUND('',#2548,.T.);
#2548 = EDGE_LOOP('',(#2549));
#2549 = ORIENTED_EDGE('',*,*,#984,.F.);
#2550 = ADVANCED_FACE('',(#2551),#2360,.T.);
#2551 = FACE_BOUND('',#2552,.T.);
#2552 = EDGE_LOOP('',(#2553));
#2553 = ORIENTED_EDGE('',*,*,#2345,.T.);
#2554 = ADVANCED_FACE('',(#2555),#2416,.T.);
#2555 = FACE_BOUND('',#2556,.T.);
#2556 = EDGE_LOOP('',(#2557));
#2557 = ORIENTED_EDGE('',*,*,#2401,.T.);
#2558 = ADVANCED_FACE('',(#2559),#2476,.T.);
#2559 = FACE_BOUND('',#2560,.T.);
#2560 = EDGE_LOOP('',(#2561));
#2561 = ORIENTED_EDGE('',*,*,#2461,.T.);
#2562 = ADVANCED_FACE('',(#2563),#2532,.T.);
#2563 = FACE_BOUND('',#2564,.T.);
#2564 = EDGE_LOOP('',(#2565));
#2565 = ORIENTED_EDGE('',*,*,#2517,.T.);
#2566 = ( GEOMETRIC_REPRESENTATION_CONTEXT(3) 
GLOBAL_UNCERTAINTY_ASSIGNED_CONTEXT((#2570)) 
GLOBAL_UNIT_ASSIGNED_CONTEXT((#2567,#2568,#2569)) REPRESENTATION_CONTEXT
('Context #1','3D Context with UNIT and UNCERTAINTY') );
#2567 = ( LENGTH_UNIT() NAMED_UNIT(*) SI_UNIT(.MILLI.,.METRE.) );
#2568 = ( NAMED_UNIT(*) PLANE_ANGLE_UNIT() SI_UNIT($,.RADIAN.) );
#2569 = ( NAMED_UNIT(*) SI_UNIT($,.STERADIAN.) SOLID_ANGLE_UNIT() );
#2570 = UNCERTAINTY_MEASURE_WITH_UNIT(LENGTH_MEASURE(2.E-07),#2567,
  'distance_accuracy_value','confusion accuracy');
#2571 = CONTEXT_DEPENDENT_SHAPE_REPRESENTATION(#2572,#2574);
#2572 = ( REPRESENTATION_RELATIONSHIP('','',#32,#10) 
REPRESENTATION_RELATIONSHIP_WITH_TRANSFORMATION(#2573) 
SHAPE_REPRESENTATION_RELATIONSHIP() );
#2573 = ITEM_DEFINED_TRANSFORMATION('','',#11,#15);
#2574 = PRODUCT_DEFINITION_SHAPE('Placement','Placement of an item',
  #2575);
#2575 = NEXT_ASSEMBLY_USAGE_OCCURRENCE('2','=>[0:1:1:2]','',#5,#27,$);
#2576 = PRODUCT_RELATED_PRODUCT_CATEGORY('part',$,(#29));
ENDSEC;
END-ISO-10303-21;
